/users/cprior/venvs/pyc2ray-env/bin/python

                 _________   ____
    ____  __  __/ ____/__ \ / __ \____ ___  __
   / __ \/ / / / /    __/ // /_/ / __ `/ / / /
  / /_/ / /_/ / /___ / __// _, _/ /_/ / /_/ /
 / .___/\__, /\____//____/_/ |_|\__,_/\__, /
/_/    /____/                        /____/

Log file for pyC2Ray.


Welcome! Mesh size is N = 100.
Simulation Box size (comoving Mpc): 1.000e+02
Cosmology is on, scaling comoving quantities to the initial redshift, which is z0 = 21.482...
Cosmological parameters used:
h   = 0.6700, Tcmb0 = 2.726e+00
Om0 = 0.3200, Ob0   = 0.0440
Using dpl to model the stellar-to-halo relation with parameters: {'Nion': 2000.0, 'f0': 0.02, 'Mt': 10000000000.0, 'Mp': 10000000000.0, 'g1': -0.3, 'g2': -0.3, 'g3': 0, 'g4': -0.0, 'alpha_h': 0.79, 'a_s': -0.20046, 'b_s': 3.34619}.
Using EXP accretion to model.
No bustiness model for the star formation history.
Using constant escaping fraction model with f0_esc = 0.1

---- Calculated Clumping Factor (constant model):
 min, mean and max clumping : 1.000e+00  1.000e+00  1.000e+00

---- Calculated Mean-Free Path (Worseck2014 model):
Maximum comoving distance for photons from source mfp = 10.16 cMpc (Worseck2014 model) : A = 210.00 Mpc, eta = -9.00.
This corresponds to 10.164 grid cells.

Using ASORA Raytracing (q_max = 18.0)
Using power-law opacity with 2000 table points between tau=10^(-20) and tau=10^(4)
Using Black-Body sources with effective temperature T = 5.0e+04 K and Radius  1.437e-11 rsun
Spectrum Frequency Range: 3.288e+15 to 1.316e+17 Hz
This is Energy:           1.360e+01 to 5.442e+02 eV
Integrating photoionization rate tables...
Successfully copied radiation tables to GPU memory.
Using 4 MPI Ranks
Starting simulation... 


Running: "C2Ray for 100 Mpc/h volume"

---- Reading density file:
  /capstor/scratch/cscs/cprior/CDM_100Mpc_2048/grids/nc100/CDM_100Mpc_2048.00005.ovrden.npy
 min, mean and max density : 4.912e-04  9.747e-04  2.456e-03 [1/cm3]

---- Reading source file with total of 58 ionizing source:
CDM_100Mpc_2048.00005.halo.txt
 Total Flux : 8.223379e+51 [1/s]
 Total number of ionizing photons : 1.373755e+66
 Source lifetime : 9.809450 Myr
 min, max stellar (grid) mass : 1.214e+04  5.285e+04 [Msun] and min, mean, max number of ionising sources : 9.325e+49  1.418e+50  4.059e+50 [1/s]
Mean-free-path for photons at z = 21.238 (Worseck+ 2014): 1.016e+01 cMpc
This corresponds to 10.164 grid cells.
Rank=1: 14 sources.
Rank=2: 14 sources.
Rank=3: 16 sources.
Rank=1: Copied source data to device.
Rank=0: 14 sources.
Rank=2: Copied source data to device.
Rank=3: Copied source data to device.
Rank=0: Copied source data to device.
Rank=1: Doing Raytracing...
Rank=2: Doing Raytracing...
Rank=3: Doing Raytracing...
Calling evolve3D...
dr [Mpc]: 4.496e-02
dt [years]: 5.294e+06
Running on 14 source(s), total normalized ionizing flux: 8.22e+03
Mean density (cgs): 6.388e-04, Mean ionized fraction: 2.000e-04
Convergence Criterion (Number of points):  19

Rank=0: Doing Raytracing...
took 0.01s.
took 0.01s.
took 0.01s.
took 0.01s.
Doing Chemistry...
took  0.0 s.
Number of non-converged points: 58 of 1000000 ( 0.006 % ), Relative change in ionfrac:  9.97e+03
Rank=0: Doing Raytracing...
Rank=1: Doing Raytracing...
Rank=2: Doing Raytracing...
Rank=3: Doing Raytracing...
took 0.00s.
took 0.00s.
took 0.00s.
took 0.00s.
Doing Chemistry...
took  0.0 s.
Number of non-converged points: 0 of 1000000 ( 0.000 % ), Relative change in ionfrac:  2.21e-05
Multiple source convergence reached after 2 ray-tracing iterations.
Mean-free-path for photons at z = 20.771 (Worseck+ 2014): 1.016e+01 cMpc
This corresponds to 10.164 grid cells.
Rank=0: 14 sources.
Rank=1: 14 sources.
Rank=3: 16 sources.
Rank=2: 14 sources.
Rank=1: Copied source data to device.
Rank=0: Copied source data to device.
Rank=3: Copied source data to device.
Rank=2: Copied source data to device.
Rank=1: Doing Raytracing...
Calling evolve3D...
dr [Mpc]: 4.593e-02
dt [years]: 5.294e+06
Running on 14 source(s), total normalized ionizing flux: 8.22e+03
Mean density (cgs): 5.993e-04, Mean ionized fraction: 2.007e-04
Convergence Criterion (Number of points):  19

Rank=3: Doing Raytracing...
Rank=2: Doing Raytracing...
Rank=0: Doing Raytracing...
took 0.00s.
took 0.01s.
took 0.01s.
took 0.01s.
Doing Chemistry...
took  0.0 s.
Number of non-converged points: 58 of 1000000 ( 0.006 % ), Relative change in ionfrac:  9.93e+03
Rank=0: Doing Raytracing...
Rank=2: Doing Raytracing...
Rank=1: Doing Raytracing...
Rank=3: Doing Raytracing...
took 0.00s.
took 0.00s.
took 0.00s.
took 0.00s.
Doing Chemistry...
took  0.0 s.
Number of non-converged points: 0 of 1000000 ( 0.000 % ), Relative change in ionfrac:  2.25e-05
Multiple source convergence reached after 2 ray-tracing iterations.

---- Reading density file:
  /capstor/scratch/cscs/cprior/CDM_100Mpc_2048/grids/nc100/CDM_100Mpc_2048.00006.ovrden.npy
 min, mean and max density : 4.171e-04  8.356e-04  2.228e-03 [1/cm3]

---- Reading source file with total of 246 ionizing source:
CDM_100Mpc_2048.00006.halo.txt
 Total Flux : 3.667450e+52 [1/s]
 Total number of ionizing photons : 6.128057e+66
 Source lifetime : 11.154540 Myr
 min, max stellar (grid) mass : 1.214e+04  1.740e+05 [Msun] and min, mean, max number of ionising sources : 8.201e+49  1.491e+50  1.176e+51 [1/s]

--- Reionization History ----
 min, mean, max xHII : 2.00000e-04  2.01308e-04  7.48715e-02
 min, mean, max Irate : 0.00000e+00  3.90558e-21  2.37103e-16 [1/s]
 min, mean, max density : 4.17126e-04  8.35607e-04  2.22804e-03 [1/cm3]
Rank=2: 61 sources.
Rank=3: 63 sources.
Rank=1: 61 sources.
Rank=2: Copied source data to device.
Rank=3: Copied source data to device.
Rank=1: Copied source data to device.
Rank=2: Doing Raytracing...
Rank=3: Doing Raytracing...
Rank=1: Doing Raytracing...
took 0.00s.
took 0.00s.
took 0.00s.
Mean-free-path for photons at z = 20.327 (Worseck+ 2014): 1.016e+01 cMpc
This corresponds to 10.165 grid cells.
Rank=0: 61 sources.
Rank=0: Copied source data to device.
Calling evolve3D...
dr [Mpc]: 4.688e-02
dt [years]: 5.295e+06
Running on 61 source(s), total normalized ionizing flux: 3.67e+04
Mean density (cgs): 5.634e-04, Mean ionized fraction: 2.013e-04
Convergence Criterion (Number of points):  81.6667

Rank=0: Doing Raytracing...
took 0.01s.
Doing Chemistry...
took  0.0 s.
Number of non-converged points: 246 of 1000000 ( 0.025 % ), Relative change in ionfrac:  9.80e+03
Rank=0: Doing Raytracing...
Rank=1: Doing Raytracing...
Rank=2: Doing Raytracing...
Rank=3: Doing Raytracing...
took 0.00s.
took 0.00s.
took 0.00s.
took 0.00s.
Doing Chemistry...
took  0.0 s.
Number of non-converged points: 4 of 1000000 ( 0.000 % ), Relative change in ionfrac:  1.35e-04
Multiple source convergence reached after 2 ray-tracing iterations.
Mean-free-path for photons at z = 19.905 (Worseck+ 2014): 1.016e+01 cMpc
This corresponds to 10.165 grid cells.
Rank=3: 63 sources.
Rank=2: 61 sources.
Rank=1: 61 sources.
Rank=3: Copied source data to device.
Rank=2: Copied source data to device.
Rank=1: Copied source data to device.
Rank=3: Doing Raytracing...
Rank=0: 61 sources.
Rank=2: Doing Raytracing...
Rank=1: Doing Raytracing...
took 0.00s.
Rank=0: Copied source data to device.
took 0.00s.
took 0.00s.
Calling evolve3D...
dr [Mpc]: 4.783e-02
dt [years]: 5.295e+06
Running on 61 source(s), total normalized ionizing flux: 3.67e+04
Mean density (cgs): 5.307e-04, Mean ionized fraction: 2.041e-04
Convergence Criterion (Number of points):  81.6667

Rank=0: Doing Raytracing...
took 0.00s.
Doing Chemistry...
took  0.0 s.
Number of non-converged points: 246 of 1000000 ( 0.025 % ), Relative change in ionfrac:  9.66e+03
Rank=0: Doing Raytracing...
Rank=2: Doing Raytracing...
Rank=3: Doing Raytracing...
Rank=1: Doing Raytracing...
took 0.00s.
took 0.00s.
took 0.00s.
took 0.00s.
Doing Chemistry...
took  0.0 s.
Number of non-converged points: 4 of 1000000 ( 0.000 % ), Relative change in ionfrac:  1.38e-04
Multiple source convergence reached after 2 ray-tracing iterations.

---- Reading density file:
  /capstor/scratch/cscs/cprior/CDM_100Mpc_2048/grids/nc100/CDM_100Mpc_2048.00007.ovrden.npy
 min, mean and max density : 3.592e-04  7.243e-04  2.030e-03 [1/cm3]

---- Reading source file with total of 880 ionizing source:
CDM_100Mpc_2048.00007.halo.txt
 Total Flux : 1.223686e+53 [1/s]
 Total number of ionizing photons : 2.045285e+67
 Source lifetime : 12.568006 Myr
 min, max stellar (grid) mass : 1.214e+04  3.378e+05 [Msun] and min, mean, max number of ionising sources : 7.278e+49  1.391e+50  2.025e+51 [1/s]

--- Reionization History ----
 min, mean, max xHII : 2.00000e-04  2.06957e-04  2.00628e-01
 min, mean, max Irate : 0.00000e+00  1.76096e-20  5.13436e-16 [1/s]
 min, mean, max density : 3.59190e-04  7.24276e-04  2.03043e-03 [1/cm3]
Rank=2: 220 sources.
Rank=1: 220 sources.
Rank=3: 220 sources.
Rank=2: Copied source data to device.
Rank=1: Copied source data to device.
Rank=3: Copied source data to device.
Rank=2: Doing Raytracing...
Rank=1: Doing Raytracing...
Rank=3: Doing Raytracing...
took 0.01s.
took 0.01s.
took 0.01s.
Mean-free-path for photons at z = 19.504 (Worseck+ 2014): 1.016e+01 cMpc
This corresponds to 10.165 grid cells.
Rank=0: 220 sources.
Rank=0: Copied source data to device.
Calling evolve3D...
dr [Mpc]: 4.877e-02
dt [years]: 5.296e+06
Running on 220 source(s), total normalized ionizing flux: 1.22e+05
Mean density (cgs): 5.007e-04, Mean ionized fraction: 2.070e-04
Convergence Criterion (Number of points):  100

Rank=0: Doing Raytracing...
took 0.00s.
Doing Chemistry...
took  0.0 s.
Number of non-converged points: 880 of 1000000 ( 0.088 % ), Relative change in ionfrac:  9.25e+03
Rank=0: Doing Raytracing...
Rank=1: Doing Raytracing...
Rank=2: Doing Raytracing...
Rank=3: Doing Raytracing...
took 0.00s.
took 0.00s.
took 0.00s.
took 0.00s.
Doing Chemistry...
took  0.0 s.
Number of non-converged points: 6 of 1000000 ( 0.001 % ), Relative change in ionfrac:  4.64e-04
Multiple source convergence reached after 2 ray-tracing iterations.
Mean-free-path for photons at z = 19.121 (Worseck+ 2014): 1.016e+01 cMpc
This corresponds to 10.165 grid cells.
Rank=2: 220 sources.
Rank=1: 220 sources.
Rank=2: Copied source data to device.
Rank=3: 220 sources.
Rank=1: Copied source data to device.
Rank=0: 220 sources.
Rank=3: Copied source data to device.
Rank=2: Doing Raytracing...
Rank=0: Copied source data to device.
Rank=1: Doing Raytracing...
took 0.00s.
Rank=3: Doing Raytracing...
took 0.00s.
Calling evolve3D...
dr [Mpc]: 4.969e-02
dt [years]: 5.296e+06
Running on 220 source(s), total normalized ionizing flux: 1.22e+05
Mean density (cgs): 4.731e-04, Mean ionized fraction: 2.163e-04
Convergence Criterion (Number of points):  100

took 0.00s.
Rank=0: Doing Raytracing...
took 0.00s.
Doing Chemistry...
took  0.0 s.
Number of non-converged points: 880 of 1000000 ( 0.088 % ), Relative change in ionfrac:  8.87e+03
Rank=0: Doing Raytracing...
Rank=2: Doing Raytracing...
Rank=1: Doing Raytracing...
Rank=3: Doing Raytracing...
took 0.00s.
took 0.00s.
took 0.00s.
took 0.00s.
Doing Chemistry...
took  0.0 s.
Number of non-converged points: 7 of 1000000 ( 0.001 % ), Relative change in ionfrac:  4.71e-04
Multiple source convergence reached after 2 ray-tracing iterations.

---- Reading density file:
  /capstor/scratch/cscs/cprior/CDM_100Mpc_2048/grids/nc100/CDM_100Mpc_2048.00008.ovrden.npy
 min, mean and max density : 3.048e-04  6.338e-04  1.864e-03 [1/cm3]

---- Reading source file with total of 2277 ionizing source:
CDM_100Mpc_2048.00008.halo.txt
 Total Flux : 3.176558e+53 [1/s]
 Total number of ionizing photons : 5.310284e+67
 Source lifetime : 14.048362 Myr
 min, max stellar (grid) mass : 1.214e+04  8.540e+05 [Msun] and min, mean, max number of ionising sources : 6.511e+49  1.395e+50  4.580e+51 [1/s]

--- Reionization History ----
 min, mean, max xHII : 2.00000e-04  2.25612e-04  4.97476e-01
 min, mean, max Irate : 0.00000e+00  5.97428e-20  1.57728e-15 [1/s]
 min, mean, max density : 3.04795e-04  6.33786e-04  1.86396e-03 [1/cm3]
Rank=3: 570 sources.
Rank=3: Copied source data to device.
Rank=1: 569 sources.
Rank=2: 569 sources.
Rank=1: Copied source data to device.
Rank=2: Copied source data to device.
Rank=3: Doing Raytracing...
Rank=1: Doing Raytracing...
Rank=2: Doing Raytracing...
took 0.01s.
took 0.01s.
took 0.01s.
Mean-free-path for photons at z = 18.755 (Worseck+ 2014): 1.016e+01 cMpc
This corresponds to 10.165 grid cells.
Rank=0: 569 sources.
Rank=0: Copied source data to device.
Calling evolve3D...
dr [Mpc]: 5.061e-02
dt [years]: 5.297e+06
Running on 569 source(s), total normalized ionizing flux: 3.18e+05
Mean density (cgs): 4.478e-04, Mean ionized fraction: 2.256e-04
Convergence Criterion (Number of points):  100

Rank=0: Doing Raytracing...
took 0.01s.
Doing Chemistry...
took  0.0 s.
Number of non-converged points: 2276 of 1000000 ( 0.228 % ), Relative change in ionfrac:  8.02e+03
Rank=0: Doing Raytracing...
Rank=1: Doing Raytracing...
Rank=2: Doing Raytracing...
Rank=3: Doing Raytracing...
took 0.00s.
took 0.00s.
took 0.00s.
took 0.00s.
Doing Chemistry...
took  0.0 s.
Number of non-converged points: 18 of 1000000 ( 0.002 % ), Relative change in ionfrac:  1.27e-03
Multiple source convergence reached after 2 ray-tracing iterations.
Mean-free-path for photons at z = 18.406 (Worseck+ 2014): 1.017e+01 cMpc
This corresponds to 10.165 grid cells.
Rank=2: 569 sources.
Rank=1: 569 sources.
Rank=3: 570 sources.
Rank=2: Copied source data to device.
Rank=1: Copied source data to device.
Rank=3: Copied source data to device.
Rank=2: Doing Raytracing...
Rank=1: Doing Raytracing...
Rank=3: Doing Raytracing...
took 0.00s.
took 0.00s.
took 0.00s.
Rank=0: 569 sources.
Rank=0: Copied source data to device.
Calling evolve3D...
dr [Mpc]: 5.153e-02
dt [years]: 5.297e+06
Running on 569 source(s), total normalized ionizing flux: 3.18e+05
Mean density (cgs): 4.245e-04, Mean ionized fraction: 2.497e-04
Convergence Criterion (Number of points):  100

Rank=0: Doing Raytracing...
took 0.00s.
Doing Chemistry...
took  0.0 s.
Number of non-converged points: 2276 of 1000000 ( 0.228 % ), Relative change in ionfrac:  7.32e+03
Rank=0: Doing Raytracing...
Rank=2: Doing Raytracing...
Rank=1: Doing Raytracing...
Rank=3: Doing Raytracing...
took 0.00s.
took 0.00s.
took 0.00s.
took 0.00s.
Doing Chemistry...
took  0.0 s.
Number of non-converged points: 18 of 1000000 ( 0.002 % ), Relative change in ionfrac:  1.26e-03
Multiple source convergence reached after 2 ray-tracing iterations.

---- Reading density file:
  /capstor/scratch/cscs/cprior/CDM_100Mpc_2048/grids/nc100/CDM_100Mpc_2048.00009.ovrden.npy
 min, mean and max density : 2.627e-04  5.592e-04  1.719e-03 [1/cm3]

---- Reading source file with total of 5281 ionizing source:
CDM_100Mpc_2048.00009.halo.txt
 Total Flux : 7.413466e+53 [1/s]
 Total number of ionizing photons : 1.239751e+68
 Source lifetime : 15.594017 Myr
 min, max stellar (grid) mass : 1.214e+04  1.593e+06 [Msun] and min, mean, max number of ionising sources : 5.866e+49  1.404e+50  7.696e+51 [1/s]

--- Reionization History ----
 min, mean, max xHII : 2.00025e-04  2.73634e-04  8.62280e-01
 min, mean, max Irate : 0.00000e+00  1.63310e-19  6.15562e-15 [1/s]
 min, mean, max density : 2.62699e-04  5.59249e-04  1.71897e-03 [1/cm3]
Rank=1: 1320 sources.
Rank=1: Copied source data to device.
Rank=2: 1320 sources.
Rank=2: Copied source data to device.
Rank=3: 1321 sources.
Rank=3: Copied source data to device.
Rank=1: Doing Raytracing...
Rank=2: Doing Raytracing...
Rank=3: Doing Raytracing...
took 0.01s.
took 0.01s.
took 0.01s.
Mean-free-path for photons at z = 18.071 (Worseck+ 2014): 1.017e+01 cMpc
This corresponds to 10.165 grid cells.
Rank=0: 1320 sources.
Rank=0: Copied source data to device.
Calling evolve3D...
dr [Mpc]: 5.243e-02
dt [years]: 5.299e+06
Running on 1320 source(s), total normalized ionizing flux: 7.41e+05
Mean density (cgs): 4.029e-04, Mean ionized fraction: 2.736e-04
Convergence Criterion (Number of points):  100

Rank=0: Doing Raytracing...
took 0.00s.
Doing Chemistry...
took  0.0 s.
Number of non-converged points: 5265 of 1000000 ( 0.526 % ), Relative change in ionfrac:  6.09e+03
Rank=0: Doing Raytracing...
Rank=1: Doing Raytracing...
Rank=2: Doing Raytracing...
Rank=3: Doing Raytracing...
took 0.00s.
took 0.00s.
took 0.00s.
took 0.00s.
Doing Chemistry...
took  0.0 s.
Number of non-converged points: 57 of 1000000 ( 0.006 % ), Relative change in ionfrac:  2.54e-03
Multiple source convergence reached after 2 ray-tracing iterations.
Mean-free-path for photons at z = 17.751 (Worseck+ 2014): 1.017e+01 cMpc
This corresponds to 10.165 grid cells.
Rank=2: 1320 sources.
Rank=1: 1320 sources.
Rank=3: 1321 sources.
Rank=2: Copied source data to device.
Rank=1: Copied source data to device.
Rank=3: Copied source data to device.
Rank=2: Doing Raytracing...
Rank=1: Doing Raytracing...
Rank=3: Doing Raytracing...
Rank=0: 1320 sources.
took 0.00s.
Rank=0: Copied source data to device.
took 0.00s.
took 0.00s.
Calling evolve3D...
dr [Mpc]: 5.332e-02
dt [years]: 5.299e+06
Running on 1320 source(s), total normalized ionizing flux: 7.41e+05
Mean density (cgs): 3.829e-04, Mean ionized fraction: 3.294e-04
Convergence Criterion (Number of points):  100

Rank=0: Doing Raytracing...
took 0.00s.
Doing Chemistry...
took  0.0 s.
Number of non-converged points: 5287 of 1000000 ( 0.529 % ), Relative change in ionfrac:  5.21e+03
Rank=0: Doing Raytracing...
Rank=2: Doing Raytracing...
Rank=1: Doing Raytracing...
Rank=3: Doing Raytracing...
took 0.00s.
took 0.00s.
took 0.00s.
took 0.00s.
Doing Chemistry...
took  0.0 s.
Number of non-converged points: 97 of 1000000 ( 0.010 % ), Relative change in ionfrac:  2.89e-03
Multiple source convergence reached after 2 ray-tracing iterations.

---- Reading density file:
  /capstor/scratch/cscs/cprior/CDM_100Mpc_2048/grids/nc100/CDM_100Mpc_2048.00010.ovrden.npy
 min, mean and max density : 2.266e-04  4.971e-04  1.595e-03 [1/cm3]

---- Reading source file with total of 10433 ionizing source:
CDM_100Mpc_2048.00010.halo.txt
 Total Flux : 1.515678e+54 [1/s]
 Total number of ionizing photons : 2.533226e+68
 Source lifetime : 17.203931 Myr
 min, max stellar (grid) mass : 1.214e+04  2.683e+06 [Msun] and min, mean, max number of ionising sources : 5.317e+49  1.453e+50  1.175e+52 [1/s]

--- Reionization History ----
 min, mean, max xHII : 2.00064e-04  3.85236e-04  9.99565e-01
 min, mean, max Irate : 0.00000e+00  1.00695e-18  4.01453e-13 [1/s]
 min, mean, max density : 2.26568e-04  4.97114e-04  1.59489e-03 [1/cm3]
Rank=1: 2608 sources.
Rank=1: Copied source data to device.
Rank=2: 2608 sources.
Rank=2: Copied source data to device.
Rank=1: Doing Raytracing...
Rank=2: Doing Raytracing...
Rank=3: 2609 sources.
Rank=3: Copied source data to device.
Rank=3: Doing Raytracing...
took 0.01s.
took 0.01s.
took 0.01s.
Mean-free-path for photons at z = 17.444 (Worseck+ 2014): 1.017e+01 cMpc
This corresponds to 10.166 grid cells.
Rank=0: 2608 sources.
Rank=0: Copied source data to device.
Calling evolve3D...
dr [Mpc]: 5.421e-02
dt [years]: 5.296e+06
Running on 2608 source(s), total normalized ionizing flux: 1.52e+06
Mean density (cgs): 3.644e-04, Mean ionized fraction: 3.852e-04
Convergence Criterion (Number of points):  100

Rank=0: Doing Raytracing...
took 0.01s.
Doing Chemistry...
took  0.0 s.
Number of non-converged points: 10421 of 1000000 ( 1.042 % ), Relative change in ionfrac:  4.02e+03
Rank=0: Doing Raytracing...
Rank=1: Doing Raytracing...
Rank=2: Doing Raytracing...
Rank=3: Doing Raytracing...
took 0.00s.
took 0.00s.
took 0.00s.
took 0.00s.
Doing Chemistry...
took  0.0 s.
Number of non-converged points: 158 of 1000000 ( 0.016 % ), Relative change in ionfrac:  4.08e-03
Rank=1: Doing Raytracing...
Rank=2: Doing Raytracing...
Rank=3: Doing Raytracing...
Rank=0: Doing Raytracing...
took 0.00s.
took 0.00s.
took 0.00s.
took 0.00s.
Doing Chemistry...
took  0.0 s.
Number of non-converged points: 48 of 1000000 ( 0.005 % ), Relative change in ionfrac:  7.16e-04
Multiple source convergence reached after 3 ray-tracing iterations.
Mean-free-path for photons at z = 17.149 (Worseck+ 2014): 1.017e+01 cMpc
This corresponds to 10.166 grid cells.
Rank=2: 2608 sources.
Rank=1: 2608 sources.
Rank=2: Copied source data to device.
Rank=1: Copied source data to device.
Rank=3: 2609 sources.
Rank=3: Copied source data to device.
Rank=0: 2608 sources.
Rank=2: Doing Raytracing...
Rank=1: Doing Raytracing...
Rank=0: Copied source data to device.
Rank=3: Doing Raytracing...
Calling evolve3D...
dr [Mpc]: 5.509e-02
dt [years]: 5.296e+06
Running on 2608 source(s), total normalized ionizing flux: 1.52e+06
Mean density (cgs): 3.472e-04, Mean ionized fraction: 4.992e-04
Convergence Criterion (Number of points):  100

Rank=0: Doing Raytracing...
took 0.00s.
took 0.00s.
took 0.00s.
took 0.00s.
Doing Chemistry...
took  0.0 s.
Number of non-converged points: 10497 of 1000000 ( 1.050 % ), Relative change in ionfrac:  3.27e+03
Rank=0: Doing Raytracing...
Rank=1: Doing Raytracing...
Rank=3: Doing Raytracing...
Rank=2: Doing Raytracing...
took 0.00s.
took 0.00s.
took 0.00s.
took 0.00s.
Doing Chemistry...
took  0.0 s.
Number of non-converged points: 184 of 1000000 ( 0.018 % ), Relative change in ionfrac:  3.46e-03
Rank=0: Doing Raytracing...
Rank=1: Doing Raytracing...
Rank=2: Doing Raytracing...
Rank=3: Doing Raytracing...
took 0.00s.
took 0.00s.
took 0.00s.
took 0.00s.
Doing Chemistry...
took  0.0 s.
Number of non-converged points: 20 of 1000000 ( 0.002 % ), Relative change in ionfrac:  3.63e-04
Multiple source convergence reached after 3 ray-tracing iterations.

---- Reading density file:
  /capstor/scratch/cscs/cprior/CDM_100Mpc_2048/grids/nc100/CDM_100Mpc_2048.00011.ovrden.npy
 min, mean and max density : 2.008e-04  4.448e-04  1.490e-03 [1/cm3]

---- Reading source file with total of 18558 ionizing source:
CDM_100Mpc_2048.00011.halo.txt
 Total Flux : 2.803996e+54 [1/s]
 Total number of ionizing photons : 4.688001e+68
 Source lifetime : 18.875359 Myr
 min, max stellar (grid) mass : 1.214e+04  5.326e+06 [Msun] and min, mean, max number of ionising sources : 4.846e+49  1.511e+50  2.126e+52 [1/s]

--- Reionization History ----
 min, mean, max xHII : 2.00072e-04  6.12917e-04  9.99729e-01
 min, mean, max Irate : 0.00000e+00  2.72671e-18  6.03771e-13 [1/s]
 min, mean, max density : 2.00766e-04  4.44819e-04  1.49034e-03 [1/cm3]
Rank=2: 4639 sources.
Rank=2: Copied source data to device.
Rank=1: 4639 sources.
Rank=1: Copied source data to device.
Rank=2: Doing Raytracing...
Rank=3: 4641 sources.
Rank=3: Copied source data to device.
Rank=1: Doing Raytracing...
Rank=3: Doing Raytracing...
took 0.01s.
Mean-free-path for photons at z = 16.866 (Worseck+ 2014): 1.017e+01 cMpc
This corresponds to 10.166 grid cells.
took 0.01s.
took 0.01s.
Rank=0: 4639 sources.
Rank=0: Copied source data to device.
Calling evolve3D...
dr [Mpc]: 5.597e-02
dt [years]: 5.298e+06
Running on 4639 source(s), total normalized ionizing flux: 2.80e+06
Mean density (cgs): 3.312e-04, Mean ionized fraction: 6.129e-04
Convergence Criterion (Number of points):  100

Rank=0: Doing Raytracing...
took 0.00s.
Doing Chemistry...
took  0.0 s.
Number of non-converged points: 18633 of 1000000 ( 1.863 % ), Relative change in ionfrac:  2.44e+03
Rank=0: Doing Raytracing...
Rank=1: Doing Raytracing...
Rank=3: Doing Raytracing...
Rank=2: Doing Raytracing...
took 0.00s.
took 0.00s.
took 0.00s.
took 0.00s.
Doing Chemistry...
took  0.0 s.
Number of non-converged points: 387 of 1000000 ( 0.039 % ), Relative change in ionfrac:  5.21e-03
Rank=0: Doing Raytracing...
Rank=1: Doing Raytracing...
Rank=3: Doing Raytracing...
Rank=2: Doing Raytracing...
took 0.00s.
took 0.00s.
took 0.00s.
took 0.00s.
Doing Chemistry...
took  0.0 s.
Number of non-converged points: 78 of 1000000 ( 0.008 % ), Relative change in ionfrac:  7.11e-04
Multiple source convergence reached after 3 ray-tracing iterations.
Mean-free-path for photons at z = 16.593 (Worseck+ 2014): 1.017e+01 cMpc
This corresponds to 10.167 grid cells.
Rank=3: 4641 sources.
Rank=2: 4639 sources.
Rank=1: 4639 sources.
Rank=3: Copied source data to device.
Rank=2: Copied source data to device.
Rank=1: Copied source data to device.
Rank=0: 4639 sources.
Rank=3: Doing Raytracing...
Rank=2: Doing Raytracing...
Rank=1: Doing Raytracing...
Rank=0: Copied source data to device.
Calling evolve3D...
dr [Mpc]: 5.683e-02
dt [years]: 5.298e+06
Running on 4639 source(s), total normalized ionizing flux: 2.80e+06
Mean density (cgs): 3.163e-04, Mean ionized fraction: 8.233e-04
Convergence Criterion (Number of points):  100

Rank=0: Doing Raytracing...
took 0.00s.
took 0.00s.
took 0.00s.
took 0.00s.
Doing Chemistry...
took  0.0 s.
Number of non-converged points: 18727 of 1000000 ( 1.873 % ), Relative change in ionfrac:  1.94e+03
Rank=0: Doing Raytracing...
Rank=3: Doing Raytracing...
Rank=1: Doing Raytracing...
Rank=2: Doing Raytracing...
took 0.00s.
took 0.00s.
took 0.00s.
took 0.00s.
Doing Chemistry...
took  0.0 s.
Number of non-converged points: 387 of 1000000 ( 0.039 % ), Relative change in ionfrac:  4.12e-03
Rank=1: Doing Raytracing...
Rank=3: Doing Raytracing...
Rank=0: Doing Raytracing...
Rank=2: Doing Raytracing...
took 0.00s.
took 0.00s.
took 0.00s.
took 0.00s.
Doing Chemistry...
took  0.0 s.
Number of non-converged points: 70 of 1000000 ( 0.007 % ), Relative change in ionfrac:  5.59e-04
Multiple source convergence reached after 3 ray-tracing iterations.

---- Reading density file:
  /capstor/scratch/cscs/cprior/CDM_100Mpc_2048/grids/nc100/CDM_100Mpc_2048.00012.ovrden.npy
 min, mean and max density : 1.766e-04  4.004e-04  1.407e-03 [1/cm3]

---- Reading source file with total of 30032 ionizing source:
CDM_100Mpc_2048.00012.halo.txt
 Total Flux : 4.768353e+54 [1/s]
 Total number of ionizing photons : 7.983032e+68
 Source lifetime : 20.608621 Myr
 min, max stellar (grid) mass : 1.214e+04  1.174e+07 [Msun] and min, mean, max number of ionising sources : 4.439e+49  1.588e+50  4.293e+52 [1/s]

--- Reionization History ----
 min, mean, max xHII : 2.00079e-04  1.03304e-03  9.99851e-01
 min, mean, max Irate : 3.30651e-30  5.89214e-18  1.02795e-12 [1/s]
 min, mean, max density : 1.76641e-04  4.00353e-04  1.40665e-03 [1/cm3]
Rank=1: 7508 sources.
Rank=1: Copied source data to device.
Rank=2: 7508 sources.
Rank=2: Copied source data to device.
Rank=1: Doing Raytracing...
Rank=2: Doing Raytracing...
Rank=3: 7508 sources.
Rank=3: Copied source data to device.
Rank=3: Doing Raytracing...
took 0.01s.
Mean-free-path for photons at z = 16.331 (Worseck+ 2014): 1.017e+01 cMpc
This corresponds to 10.167 grid cells.
took 0.01s.
took 0.01s.
Rank=0: 7508 sources.
Rank=0: Copied source data to device.
Calling evolve3D...
dr [Mpc]: 5.769e-02
dt [years]: 5.305e+06
Running on 7508 source(s), total normalized ionizing flux: 4.77e+06
Mean density (cgs): 3.024e-04, Mean ionized fraction: 1.033e-03
Convergence Criterion (Number of points):  100

Rank=0: Doing Raytracing...
took 0.01s.
Doing Chemistry...
took  0.0 s.
Number of non-converged points: 30194 of 1000000 ( 3.019 % ), Relative change in ionfrac:  1.45e+03
Rank=0: Doing Raytracing...
Rank=1: Doing Raytracing...
Rank=2: Doing Raytracing...
Rank=3: Doing Raytracing...
took 0.01s.
took 0.01s.
took 0.01s.
took 0.01s.
Doing Chemistry...
took  0.0 s.
Number of non-converged points: 840 of 1000000 ( 0.084 % ), Relative change in ionfrac:  6.31e-03
Rank=0: Doing Raytracing...
Rank=1: Doing Raytracing...
Rank=2: Doing Raytracing...
Rank=3: Doing Raytracing...
took 0.01s.
took 0.01s.
took 0.01s.
took 0.01s.
Doing Chemistry...
took  0.0 s.
Number of non-converged points: 225 of 1000000 ( 0.022 % ), Relative change in ionfrac:  1.23e-03
Rank=0: Doing Raytracing...
Rank=1: Doing Raytracing...
Rank=2: Doing Raytracing...
Rank=3: Doing Raytracing...
took 0.01s.
took 0.01s.
took 0.01s.
took 0.01s.
Doing Chemistry...
took  0.0 s.
Number of non-converged points: 81 of 1000000 ( 0.008 % ), Relative change in ionfrac:  4.06e-04
Multiple source convergence reached after 4 ray-tracing iterations.
Mean-free-path for photons at z = 16.078 (Worseck+ 2014): 1.017e+01 cMpc
This corresponds to 10.167 grid cells.
Rank=1: 7508 sources.
Rank=2: 7508 sources.
Rank=1: Copied source data to device.
Rank=3: 7508 sources.
Rank=0: 7508 sources.
Rank=2: Copied source data to device.
Rank=3: Copied source data to device.
Rank=0: Copied source data to device.
Rank=1: Doing Raytracing...
Rank=2: Doing Raytracing...
Rank=3: Doing Raytracing...
Calling evolve3D...
dr [Mpc]: 5.855e-02
dt [years]: 5.305e+06
Running on 7508 source(s), total normalized ionizing flux: 4.77e+06
Mean density (cgs): 2.893e-04, Mean ionized fraction: 1.391e-03
Convergence Criterion (Number of points):  100

Rank=0: Doing Raytracing...
took 0.01s.
took 0.01s.
took 0.01s.
took 0.01s.
Doing Chemistry...
took  0.0 s.
Number of non-converged points: 30352 of 1000000 ( 3.035 % ), Relative change in ionfrac:  1.15e+03
Rank=0: Doing Raytracing...
Rank=1: Doing Raytracing...
Rank=2: Doing Raytracing...
Rank=3: Doing Raytracing...
took 0.01s.
took 0.01s.
took 0.01s.
took 0.01s.
Doing Chemistry...
took  0.0 s.
Number of non-converged points: 827 of 1000000 ( 0.083 % ), Relative change in ionfrac:  4.87e-03
Rank=0: Doing Raytracing...
Rank=1: Doing Raytracing...
Rank=2: Doing Raytracing...
Rank=3: Doing Raytracing...
took 0.01s.
took 0.01s.
took 0.01s.
took 0.01s.
Doing Chemistry...
took  0.0 s.
Number of non-converged points: 159 of 1000000 ( 0.016 % ), Relative change in ionfrac:  7.26e-04
Rank=0: Doing Raytracing...
Rank=1: Doing Raytracing...
Rank=2: Doing Raytracing...
Rank=3: Doing Raytracing...
took 0.01s.
took 0.01s.
took 0.01s.
took 0.01s.
Doing Chemistry...
took  0.0 s.
Number of non-converged points: 67 of 1000000 ( 0.007 % ), Relative change in ionfrac:  2.64e-04
Multiple source convergence reached after 4 ray-tracing iterations.

---- Reading density file:
  /capstor/scratch/cscs/cprior/CDM_100Mpc_2048/grids/nc100/CDM_100Mpc_2048.00013.ovrden.npy
 min, mean and max density : 1.569e-04  3.622e-04  1.326e-03 [1/cm3]

---- Reading source file with total of 45082 ionizing source:
CDM_100Mpc_2048.00013.halo.txt
 Total Flux : 7.574723e+54 [1/s]
 Total number of ionizing photons : 1.265725e+69
 Source lifetime : 22.404575 Myr
 min, max stellar (grid) mass : 1.214e+04  1.515e+07 [Msun] and min, mean, max number of ionising sources : 4.083e+49  1.680e+50  5.094e+52 [1/s]

--- Reionization History ----
 min, mean, max xHII : 2.00086e-04  1.74721e-03  9.99926e-01
 min, mean, max Irate : 2.11552e-29  1.36725e-17  1.95491e-12 [1/s]
 min, mean, max density : 1.56936e-04  3.62190e-04  1.32628e-03 [1/cm3]
Rank=3: 11272 sources.
Rank=3: Copied source data to device.
Rank=1: 11270 sources.
Rank=3: Doing Raytracing...
Rank=2: 11270 sources.
Rank=1: Copied source data to device.
Rank=2: Copied source data to device.
Rank=1: Doing Raytracing...
Rank=2: Doing Raytracing...
took 0.01s.
Mean-free-path for photons at z = 15.834 (Worseck+ 2014): 1.017e+01 cMpc
This corresponds to 10.168 grid cells.
Rank=0: 11270 sources.
Rank=0: Copied source data to device.
Calling evolve3D...
dr [Mpc]: 5.940e-02
dt [years]: 5.295e+06
Running on 11270 source(s), total normalized ionizing flux: 7.57e+06
Mean density (cgs): 2.771e-04, Mean ionized fraction: 1.747e-03
Convergence Criterion (Number of points):  100

Rank=0: Doing Raytracing...
took 0.02s.
took 0.02s.
took 0.02s.
Doing Chemistry...
took  0.0 s.
Number of non-converged points: 45500 of 1000000 ( 4.550 % ), Relative change in ionfrac:  8.71e+02
Rank=0: Doing Raytracing...
Rank=1: Doing Raytracing...
Rank=2: Doing Raytracing...
Rank=3: Doing Raytracing...
took 0.01s.
took 0.01s.
took 0.01s.
took 0.01s.
Doing Chemistry...
took  0.0 s.
Number of non-converged points: 1511 of 1000000 ( 0.151 % ), Relative change in ionfrac:  6.76e-03
Rank=0: Doing Raytracing...
Rank=1: Doing Raytracing...
Rank=2: Doing Raytracing...
Rank=3: Doing Raytracing...
took 0.01s.
took 0.01s.
took 0.01s.
took 0.01s.
Doing Chemistry...
took  0.0 s.
Number of non-converged points: 346 of 1000000 ( 0.035 % ), Relative change in ionfrac:  1.13e-03
Rank=0: Doing Raytracing...
Rank=1: Doing Raytracing...
Rank=2: Doing Raytracing...
Rank=3: Doing Raytracing...
took 0.01s.
took 0.01s.
took 0.01s.
took 0.01s.
Doing Chemistry...
took  0.0 s.
Number of non-converged points: 168 of 1000000 ( 0.017 % ), Relative change in ionfrac:  4.64e-04
Rank=0: Doing Raytracing...
Rank=2: Doing Raytracing...
Rank=1: Doing Raytracing...
Rank=3: Doing Raytracing...
took 0.01s.
took 0.01s.
took 0.01s.
took 0.01s.
Doing Chemistry...
took  0.0 s.
Number of non-converged points: 97 of 1000000 ( 0.010 % ), Relative change in ionfrac:  2.42e-04
Multiple source convergence reached after 5 ray-tracing iterations.
Mean-free-path for photons at z = 15.599 (Worseck+ 2014): 1.017e+01 cMpc
This corresponds to 10.168 grid cells.
Rank=1: 11270 sources.
Rank=2: 11270 sources.
Rank=1: Copied source data to device.
Rank=2: Copied source data to device.
Rank=3: 11272 sources.
Rank=3: Copied source data to device.
Rank=1: Doing Raytracing...
Rank=2: Doing Raytracing...
Rank=3: Doing Raytracing...
Rank=0: 11270 sources.
Rank=0: Copied source data to device.
Calling evolve3D...
dr [Mpc]: 6.024e-02
dt [years]: 5.295e+06
Running on 11270 source(s), total normalized ionizing flux: 7.57e+06
Mean density (cgs): 2.656e-04, Mean ionized fraction: 2.313e-03
Convergence Criterion (Number of points):  100

Rank=0: Doing Raytracing...
took 0.01s.
took 0.01s.
took 0.01s.
took 0.01s.
Doing Chemistry...
took  0.0 s.
Number of non-converged points: 45951 of 1000000 ( 4.595 % ), Relative change in ionfrac:  6.99e+02
Rank=0: Doing Raytracing...
Rank=1: Doing Raytracing...
Rank=2: Doing Raytracing...
Rank=3: Doing Raytracing...
took 0.01s.
took 0.01s.
took 0.01s.
took 0.01s.
Doing Chemistry...
took  0.0 s.
Number of non-converged points: 1572 of 1000000 ( 0.157 % ), Relative change in ionfrac:  5.38e-03
Rank=0: Doing Raytracing...
Rank=1: Doing Raytracing...
Rank=2: Doing Raytracing...
Rank=3: Doing Raytracing...
took 0.01s.
took 0.01s.
took 0.01s.
took 0.01s.
Doing Chemistry...
took  0.0 s.
Number of non-converged points: 356 of 1000000 ( 0.036 % ), Relative change in ionfrac:  9.55e-04
Rank=0: Doing Raytracing...
Rank=1: Doing Raytracing...
Rank=2: Doing Raytracing...
Rank=3: Doing Raytracing...
took 0.01s.
took 0.01s.
took 0.01s.
took 0.01s.
Doing Chemistry...
took  0.0 s.
Number of non-converged points: 164 of 1000000 ( 0.016 % ), Relative change in ionfrac:  4.05e-04
Rank=0: Doing Raytracing...
Rank=1: Doing Raytracing...
Rank=2: Doing Raytracing...
Rank=3: Doing Raytracing...
took 0.01s.
took 0.01s.
took 0.01s.
took 0.01s.
Doing Chemistry...
took  0.0 s.
Number of non-converged points: 74 of 1000000 ( 0.007 % ), Relative change in ionfrac:  2.08e-04
Multiple source convergence reached after 5 ray-tracing iterations.

---- Reading density file:
  /capstor/scratch/cscs/cprior/CDM_100Mpc_2048/grids/nc100/CDM_100Mpc_2048.00014.ovrden.npy
 min, mean and max density : 1.397e-04  3.293e-04  1.254e-03 [1/cm3]

---- Reading source file with total of 63994 ionizing source:
CDM_100Mpc_2048.00014.halo.txt
 Total Flux : 1.137208e+55 [1/s]
 Total number of ionizing photons : 1.903714e+69
 Source lifetime : 24.256314 Myr
 min, max stellar (grid) mass : 1.214e+04  2.058e+07 [Msun] and min, mean, max number of ionising sources : 3.771e+49  1.777e+50  6.392e+52 [1/s]

--- Reionization History ----
 min, mean, max xHII : 2.00092e-04  2.87716e-03  9.99939e-01
 min, mean, max Irate : 8.77815e-29  2.77286e-17  2.22038e-12 [1/s]
 min, mean, max density : 1.39731e-04  3.29295e-04  1.25447e-03 [1/cm3]
Rank=3: 16000 sources.
Rank=3: Copied source data to device.
Rank=3: Doing Raytracing...
Rank=1: 15998 sources.
Rank=2: 15998 sources.
Rank=1: Copied source data to device.
Rank=2: Copied source data to device.
Rank=1: Doing Raytracing...
Rank=2: Doing Raytracing...
Mean-free-path for photons at z = 15.372 (Worseck+ 2014): 1.017e+01 cMpc
This corresponds to 10.169 grid cells.
Rank=0: 15998 sources.
Rank=0: Copied source data to device.
took 0.01s.
Calling evolve3D...
dr [Mpc]: 6.108e-02
dt [years]: 5.305e+06
Running on 15998 source(s), total normalized ionizing flux: 1.14e+07
Mean density (cgs): 2.549e-04, Mean ionized fraction: 2.877e-03
Convergence Criterion (Number of points):  100

Rank=0: Doing Raytracing...
took 0.02s.
took 0.02s.
took 0.02s.
Doing Chemistry...
took  0.0 s.
Number of non-converged points: 65127 of 1000000 ( 6.513 % ), Relative change in ionfrac:  5.41e+02
Rank=0: Doing Raytracing...
Rank=1: Doing Raytracing...
Rank=3: Doing Raytracing...
Rank=2: Doing Raytracing...
took 0.01s.
took 0.01s.
took 0.01s.
took 0.01s.
Doing Chemistry...
took  0.0 s.
Number of non-converged points: 2642 of 1000000 ( 0.264 % ), Relative change in ionfrac:  7.21e-03
Rank=0: Doing Raytracing...
Rank=2: Doing Raytracing...
Rank=3: Doing Raytracing...
Rank=1: Doing Raytracing...
took 0.01s.
took 0.01s.
took 0.01s.
took 0.01s.
Doing Chemistry...
took  0.0 s.
Number of non-converged points: 645 of 1000000 ( 0.065 % ), Relative change in ionfrac:  1.29e-03
Rank=0: Doing Raytracing...
Rank=2: Doing Raytracing...
Rank=1: Doing Raytracing...
Rank=3: Doing Raytracing...
took 0.01s.
took 0.01s.
took 0.01s.
took 0.01s.
Doing Chemistry...
took  0.0 s.
Number of non-converged points: 264 of 1000000 ( 0.026 % ), Relative change in ionfrac:  4.75e-04
Rank=0: Doing Raytracing...
Rank=1: Doing Raytracing...
Rank=2: Doing Raytracing...
Rank=3: Doing Raytracing...
took 0.01s.
took 0.01s.
took 0.01s.
took 0.01s.
Doing Chemistry...
took  0.0 s.
Number of non-converged points: 134 of 1000000 ( 0.013 % ), Relative change in ionfrac:  2.23e-04
Rank=0: Doing Raytracing...
Rank=1: Doing Raytracing...
Rank=2: Doing Raytracing...
Rank=3: Doing Raytracing...
took 0.01s.
took 0.01s.
took 0.01s.
took 0.01s.
Doing Chemistry...
took  0.0 s.
Number of non-converged points: 73 of 1000000 ( 0.007 % ), Relative change in ionfrac:  1.16e-04
Multiple source convergence reached after 6 ray-tracing iterations.
Mean-free-path for photons at z = 15.152 (Worseck+ 2014): 1.017e+01 cMpc
This corresponds to 10.170 grid cells.
Rank=3: 16000 sources.
Rank=1: 15998 sources.
Rank=3: Copied source data to device.
Rank=1: Copied source data to device.
Rank=2: 15998 sources.
Rank=2: Copied source data to device.
Rank=3: Doing Raytracing...
Rank=1: Doing Raytracing...
Rank=2: Doing Raytracing...
Rank=0: 15998 sources.
Rank=0: Copied source data to device.
Calling evolve3D...
dr [Mpc]: 6.191e-02
dt [years]: 5.305e+06
Running on 15998 source(s), total normalized ionizing flux: 1.14e+07
Mean density (cgs): 2.447e-04, Mean ionized fraction: 3.727e-03
Convergence Criterion (Number of points):  100

Rank=0: Doing Raytracing...
took 0.01s.
took 0.01s.
took 0.01s.
took 0.01s.
Doing Chemistry...
took  0.0 s.
Number of non-converged points: 65965 of 1000000 ( 6.596 % ), Relative change in ionfrac:  4.40e+02
Rank=0: Doing Raytracing...
Rank=1: Doing Raytracing...
Rank=2: Doing Raytracing...
Rank=3: Doing Raytracing...
took 0.01s.
took 0.01s.
took 0.01s.
took 0.01s.
Doing Chemistry...
took  0.0 s.
Number of non-converged points: 2738 of 1000000 ( 0.274 % ), Relative change in ionfrac:  5.76e-03
Rank=0: Doing Raytracing...
Rank=1: Doing Raytracing...
Rank=2: Doing Raytracing...
Rank=3: Doing Raytracing...
took 0.01s.
took 0.01s.
took 0.01s.
took 0.01s.
Doing Chemistry...
took  0.0 s.
Number of non-converged points: 655 of 1000000 ( 0.066 % ), Relative change in ionfrac:  1.09e-03
Rank=0: Doing Raytracing...
Rank=1: Doing Raytracing...
Rank=2: Doing Raytracing...
Rank=3: Doing Raytracing...
took 0.01s.
took 0.01s.
took 0.01s.
took 0.01s.
Doing Chemistry...
took  0.0 s.
Number of non-converged points: 323 of 1000000 ( 0.032 % ), Relative change in ionfrac:  4.70e-04
Rank=0: Doing Raytracing...
Rank=1: Doing Raytracing...
Rank=2: Doing Raytracing...
Rank=3: Doing Raytracing...
took 0.01s.
took 0.01s.
took 0.01s.
took 0.01s.
Doing Chemistry...
took  0.0 s.
Number of non-converged points: 159 of 1000000 ( 0.016 % ), Relative change in ionfrac:  2.39e-04
Rank=0: Doing Raytracing...
Rank=1: Doing Raytracing...
Rank=2: Doing Raytracing...
Rank=3: Doing Raytracing...
took 0.01s.
took 0.01s.
took 0.01s.
took 0.01s.
Doing Chemistry...
took  0.0 s.
Number of non-converged points: 68 of 1000000 ( 0.007 % ), Relative change in ionfrac:  1.24e-04
Multiple source convergence reached after 6 ray-tracing iterations.

---- Reading density file:
  /capstor/scratch/cscs/cprior/CDM_100Mpc_2048/grids/nc100/CDM_100Mpc_2048.00015.ovrden.npy
 min, mean and max density : 1.212e-04  3.006e-04  1.194e-03 [1/cm3]

---- Reading source file with total of 86597 ionizing source:
CDM_100Mpc_2048.00015.halo.txt
 Total Flux : 1.629558e+55 [1/s]
 Total number of ionizing photons : 2.723063e+69
 Source lifetime : 26.169783 Myr
 min, max stellar (grid) mass : 1.214e+04  2.615e+07 [Msun] and min, mean, max number of ionising sources : 3.495e+49  1.882e+50  7.529e+52 [1/s]

--- Reionization History ----
 min, mean, max xHII : 2.00098e-04  4.57370e-03  9.99952e-01
 min, mean, max Irate : 7.09172e-28  5.42518e-17  2.68336e-12 [1/s]
 min, mean, max density : 1.21167e-04  3.00639e-04  1.19434e-03 [1/cm3]
Rank=3: 21650 sources.
Rank=3: Copied source data to device.
Rank=3: Doing Raytracing...
Rank=1: 21649 sources.
Rank=1: Copied source data to device.
Rank=2: 21649 sources.
Rank=2: Copied source data to device.
Rank=1: Doing Raytracing...
Rank=2: Doing Raytracing...
Mean-free-path for photons at z = 14.939 (Worseck+ 2014): 1.017e+01 cMpc
This corresponds to 10.170 grid cells.
Rank=0: 21649 sources.
Rank=0: Copied source data to device.
Calling evolve3D...
dr [Mpc]: 6.273e-02
dt [years]: 5.295e+06
Running on 21649 source(s), total normalized ionizing flux: 1.63e+07
Mean density (cgs): 2.352e-04, Mean ionized fraction: 4.574e-03
Convergence Criterion (Number of points):  100

Rank=0: Doing Raytracing...
took 0.02s.
took 0.03s.
took 0.03s.
took 0.02s.
Doing Chemistry...
took  0.0 s.
Number of non-converged points: 88919 of 1000000 ( 8.892 % ), Relative change in ionfrac:  3.48e+02
Rank=0: Doing Raytracing...
Rank=2: Doing Raytracing...
Rank=1: Doing Raytracing...
Rank=3: Doing Raytracing...
took 0.02s.
took 0.02s.
took 0.02s.
took 0.02s.
Doing Chemistry...
took  0.0 s.
Number of non-converged points: 4406 of 1000000 ( 0.441 % ), Relative change in ionfrac:  7.27e-03
Rank=0: Doing Raytracing...
Rank=1: Doing Raytracing...
Rank=2: Doing Raytracing...
Rank=3: Doing Raytracing...
took 0.02s.
took 0.02s.
took 0.02s.
took 0.02s.
Doing Chemistry...
took  0.0 s.
Number of non-converged points: 1097 of 1000000 ( 0.110 % ), Relative change in ionfrac:  1.43e-03
Rank=0: Doing Raytracing...
Rank=1: Doing Raytracing...
Rank=2: Doing Raytracing...
Rank=3: Doing Raytracing...
took 0.02s.
took 0.02s.
took 0.02s.
took 0.02s.
Doing Chemistry...
took  0.0 s.
Number of non-converged points: 504 of 1000000 ( 0.050 % ), Relative change in ionfrac:  5.86e-04
Rank=0: Doing Raytracing...
Rank=1: Doing Raytracing...
Rank=2: Doing Raytracing...
Rank=3: Doing Raytracing...
took 0.02s.
took 0.02s.
took 0.02s.
took 0.02s.
Doing Chemistry...
took  0.0 s.
Number of non-converged points: 245 of 1000000 ( 0.025 % ), Relative change in ionfrac:  2.91e-04
Rank=0: Doing Raytracing...
Rank=2: Doing Raytracing...
Rank=1: Doing Raytracing...
Rank=3: Doing Raytracing...
took 0.02s.
took 0.02s.
took 0.02s.
took 0.02s.
Doing Chemistry...
took  0.0 s.
Number of non-converged points: 119 of 1000000 ( 0.012 % ), Relative change in ionfrac:  1.55e-04
Rank=0: Doing Raytracing...
Rank=1: Doing Raytracing...
Rank=2: Doing Raytracing...
Rank=3: Doing Raytracing...
took 0.02s.
took 0.02s.
took 0.02s.
took 0.02s.
Doing Chemistry...
took  0.0 s.
Number of non-converged points: 64 of 1000000 ( 0.006 % ), Relative change in ionfrac:  8.65e-05
Multiple source convergence reached after 7 ray-tracing iterations.
Mean-free-path for photons at z = 14.734 (Worseck+ 2014): 1.017e+01 cMpc
This corresponds to 10.171 grid cells.
Rank=1: 21649 sources.
Rank=3: 21650 sources.
Rank=2: 21649 sources.
Rank=1: Copied source data to device.
Rank=3: Copied source data to device.
Rank=2: Copied source data to device.
Rank=0: 21649 sources.
Rank=1: Doing Raytracing...
Rank=3: Doing Raytracing...
Rank=2: Doing Raytracing...
Rank=0: Copied source data to device.
Calling evolve3D...
dr [Mpc]: 6.355e-02
dt [years]: 5.295e+06
Running on 21649 source(s), total normalized ionizing flux: 1.63e+07
Mean density (cgs): 2.262e-04, Mean ionized fraction: 5.788e-03
Convergence Criterion (Number of points):  100

Rank=0: Doing Raytracing...
took 0.02s.
took 0.02s.
took 0.02s.
took 0.02s.
Doing Chemistry...
took  0.0 s.
Number of non-converged points: 90463 of 1000000 ( 9.046 % ), Relative change in ionfrac:  2.87e+02
Rank=0: Doing Raytracing...
Rank=2: Doing Raytracing...
Rank=1: Doing Raytracing...
Rank=3: Doing Raytracing...
took 0.02s.
took 0.02s.
took 0.02s.
took 0.02s.
Doing Chemistry...
took  0.0 s.
Number of non-converged points: 4348 of 1000000 ( 0.435 % ), Relative change in ionfrac:  5.85e-03
Rank=0: Doing Raytracing...
Rank=1: Doing Raytracing...
Rank=2: Doing Raytracing...
Rank=3: Doing Raytracing...
took 0.02s.
took 0.02s.
took 0.02s.
took 0.02s.
Doing Chemistry...
took  0.0 s.
Number of non-converged points: 952 of 1000000 ( 0.095 % ), Relative change in ionfrac:  1.05e-03
Rank=0: Doing Raytracing...
Rank=1: Doing Raytracing...
Rank=2: Doing Raytracing...
Rank=3: Doing Raytracing...
took 0.02s.
took 0.02s.
took 0.02s.
took 0.02s.
Doing Chemistry...
took  0.0 s.
Number of non-converged points: 409 of 1000000 ( 0.041 % ), Relative change in ionfrac:  4.12e-04
Rank=0: Doing Raytracing...
Rank=1: Doing Raytracing...
Rank=2: Doing Raytracing...
Rank=3: Doing Raytracing...
took 0.02s.
took 0.02s.
took 0.02s.
took 0.02s.
Doing Chemistry...
took  0.0 s.
Number of non-converged points: 192 of 1000000 ( 0.019 % ), Relative change in ionfrac:  2.03e-04
Rank=0: Doing Raytracing...
Rank=1: Doing Raytracing...
Rank=2: Doing Raytracing...
Rank=3: Doing Raytracing...
took 0.02s.
took 0.02s.
took 0.02s.
took 0.02s.
Doing Chemistry...
took  0.0 s.
Number of non-converged points: 110 of 1000000 ( 0.011 % ), Relative change in ionfrac:  1.07e-04
Rank=0: Doing Raytracing...
Rank=1: Doing Raytracing...
Rank=2: Doing Raytracing...
Rank=3: Doing Raytracing...
took 0.02s.
took 0.02s.
took 0.02s.
took 0.02s.
Doing Chemistry...
took  0.0 s.
Number of non-converged points: 59 of 1000000 ( 0.006 % ), Relative change in ionfrac:  5.85e-05
Multiple source convergence reached after 7 ray-tracing iterations.

---- Reading density file:
  /capstor/scratch/cscs/cprior/CDM_100Mpc_2048/grids/nc100/CDM_100Mpc_2048.00016.ovrden.npy
 min, mean and max density : 1.095e-04  2.756e-04  1.137e-03 [1/cm3]

---- Reading source file with total of 112274 ionizing source:
CDM_100Mpc_2048.00016.halo.txt
 Total Flux : 2.244225e+55 [1/s]
 Total number of ionizing photons : 3.757325e+69
 Source lifetime : 28.137221 Myr
 min, max stellar (grid) mass : 1.214e+04  2.894e+07 [Msun] and min, mean, max number of ionising sources : 3.251e+49  1.999e+50  7.749e+52 [1/s]

--- Reionization History ----
 min, mean, max xHII : 2.00103e-04  6.99785e-03  9.99959e-01
 min, mean, max Irate : 2.10839e-27  9.83929e-17  3.02507e-12 [1/s]
 min, mean, max density : 1.09539e-04  2.75611e-04  1.13675e-03 [1/cm3]
Rank=1: 28068 sources.
Rank=1: Copied source data to device.
Rank=2: 28068 sources.
Rank=3: 28070 sources.
Rank=2: Copied source data to device.
Rank=1: Doing Raytracing...
Rank=3: Copied source data to device.
Rank=2: Doing Raytracing...
Rank=3: Doing Raytracing...
Mean-free-path for photons at z = 14.535 (Worseck+ 2014): 1.017e+01 cMpc
This corresponds to 10.172 grid cells.
Rank=0: 28068 sources.
Rank=0: Copied source data to device.
Calling evolve3D...
dr [Mpc]: 6.436e-02
dt [years]: 5.305e+06
Running on 28068 source(s), total normalized ionizing flux: 2.24e+07
Mean density (cgs): 2.178e-04, Mean ionized fraction: 6.998e-03
Convergence Criterion (Number of points):  100

Rank=0: Doing Raytracing...
took 0.02s.
took 0.02s.
took 0.03s.
took 0.03s.
Doing Chemistry...
took  0.0 s.
Number of non-converged points: 116674 of 1000000 ( 11.667 % ), Relative change in ionfrac:  2.32e+02
Rank=0: Doing Raytracing...
Rank=2: Doing Raytracing...
Rank=1: Doing Raytracing...
Rank=3: Doing Raytracing...
took 0.02s.
took 0.02s.
took 0.02s.
took 0.03s.
Doing Chemistry...
took  0.1 s.
Number of non-converged points: 6816 of 1000000 ( 0.682 % ), Relative change in ionfrac:  7.33e-03
Rank=0: Doing Raytracing...
Rank=1: Doing Raytracing...
Rank=2: Doing Raytracing...
Rank=3: Doing Raytracing...
took 0.02s.
took 0.02s.
took 0.02s.
took 0.02s.
Doing Chemistry...
took  0.1 s.
Number of non-converged points: 1552 of 1000000 ( 0.155 % ), Relative change in ionfrac:  1.37e-03
Rank=0: Doing Raytracing...
Rank=1: Doing Raytracing...
Rank=2: Doing Raytracing...
Rank=3: Doing Raytracing...
took 0.02s.
took 0.02s.
took 0.02s.
took 0.02s.
Doing Chemistry...
took  0.1 s.
Number of non-converged points: 622 of 1000000 ( 0.062 % ), Relative change in ionfrac:  5.16e-04
Rank=0: Doing Raytracing...
Rank=1: Doing Raytracing...
Rank=2: Doing Raytracing...
Rank=3: Doing Raytracing...
took 0.02s.
took 0.02s.
took 0.02s.
took 0.02s.
Doing Chemistry...
took  0.1 s.
Number of non-converged points: 304 of 1000000 ( 0.030 % ), Relative change in ionfrac:  2.51e-04
Rank=1: Doing Raytracing...
Rank=2: Doing Raytracing...
Rank=0: Doing Raytracing...
Rank=3: Doing Raytracing...
took 0.02s.
took 0.02s.
took 0.02s.
took 0.02s.
Doing Chemistry...
took  0.1 s.
Number of non-converged points: 167 of 1000000 ( 0.017 % ), Relative change in ionfrac:  1.34e-04
Rank=0: Doing Raytracing...
Rank=1: Doing Raytracing...
Rank=2: Doing Raytracing...
Rank=3: Doing Raytracing...
took 0.02s.
took 0.02s.
took 0.02s.
took 0.02s.
Doing Chemistry...
took  0.1 s.
Number of non-converged points: 80 of 1000000 ( 0.008 % ), Relative change in ionfrac:  7.53e-05
Multiple source convergence reached after 7 ray-tracing iterations.
Mean-free-path for photons at z = 14.342 (Worseck+ 2014): 1.017e+01 cMpc
This corresponds to 10.173 grid cells.
Rank=3: 28070 sources.
Rank=1: 28068 sources.
Rank=3: Copied source data to device.
Rank=2: 28068 sources.
Rank=1: Copied source data to device.
Rank=2: Copied source data to device.
Rank=0: 28068 sources.
Rank=0: Copied source data to device.
Rank=3: Doing Raytracing...
Rank=1: Doing Raytracing...
Rank=2: Doing Raytracing...
Calling evolve3D...
dr [Mpc]: 6.517e-02
dt [years]: 5.305e+06
Running on 28068 source(s), total normalized ionizing flux: 2.24e+07
Mean density (cgs): 2.097e-04, Mean ionized fraction: 8.671e-03
Convergence Criterion (Number of points):  100

Rank=0: Doing Raytracing...
took 0.02s.
took 0.02s.
took 0.02s.
took 0.02s.
Doing Chemistry...
took  0.0 s.
Number of non-converged points: 119011 of 1000000 ( 11.901 % ), Relative change in ionfrac:  1.94e+02
Rank=0: Doing Raytracing...
Rank=1: Doing Raytracing...
Rank=3: Doing Raytracing...
Rank=2: Doing Raytracing...
took 0.02s.
took 0.02s.
took 0.02s.
took 0.02s.
Doing Chemistry...
took  0.1 s.
Number of non-converged points: 6723 of 1000000 ( 0.672 % ), Relative change in ionfrac:  6.00e-03
Rank=0: Doing Raytracing...
Rank=2: Doing Raytracing...
Rank=1: Doing Raytracing...
Rank=3: Doing Raytracing...
took 0.02s.
took 0.02s.
took 0.02s.
took 0.02s.
Doing Chemistry...
took  0.1 s.
Number of non-converged points: 1639 of 1000000 ( 0.164 % ), Relative change in ionfrac:  1.21e-03
Rank=0: Doing Raytracing...
Rank=1: Doing Raytracing...
Rank=2: Doing Raytracing...
Rank=3: Doing Raytracing...
took 0.02s.
took 0.02s.
took 0.02s.
took 0.02s.
Doing Chemistry...
took  0.1 s.
Number of non-converged points: 626 of 1000000 ( 0.063 % ), Relative change in ionfrac:  4.30e-04
Rank=0: Doing Raytracing...
Rank=1: Doing Raytracing...
Rank=2: Doing Raytracing...
Rank=3: Doing Raytracing...
took 0.02s.
took 0.02s.
took 0.02s.
took 0.02s.
Doing Chemistry...
took  0.1 s.
Number of non-converged points: 293 of 1000000 ( 0.029 % ), Relative change in ionfrac:  1.93e-04
Rank=0: Doing Raytracing...
Rank=1: Doing Raytracing...
Rank=2: Doing Raytracing...
Rank=3: Doing Raytracing...
took 0.02s.
took 0.02s.
took 0.02s.
took 0.02s.
Doing Chemistry...
took  0.1 s.
Number of non-converged points: 174 of 1000000 ( 0.017 % ), Relative change in ionfrac:  9.93e-05
Multiple source convergence reached after 6 ray-tracing iterations.

---- Reading density file:
  /capstor/scratch/cscs/cprior/CDM_100Mpc_2048/grids/nc100/CDM_100Mpc_2048.00017.ovrden.npy
 min, mean and max density : 1.007e-04  2.535e-04  1.086e-03 [1/cm3]

---- Reading source file with total of 140166 ionizing source:
CDM_100Mpc_2048.00017.halo.txt
 Total Flux : 2.992132e+55 [1/s]
 Total number of ionizing photons : 5.002122e+69
 Source lifetime : 30.165047 Myr
 min, max stellar (grid) mass : 1.214e+04  3.499e+07 [Msun] and min, mean, max number of ionising sources : 3.032e+49  2.135e+50  8.739e+52 [1/s]

--- Reionization History ----
 min, mean, max xHII : 2.00108e-04  1.03388e-02  9.99962e-01
 min, mean, max Irate : 1.24568e-26  1.61219e-16  3.00695e-12 [1/s]
 min, mean, max density : 1.00651e-04  2.53544e-04  1.08570e-03 [1/cm3]
Rank=1: 35041 sources.
Rank=2: 35041 sources.
Rank=1: Copied source data to device.
Rank=2: Copied source data to device.
Rank=1: Doing Raytracing...
Rank=2: Doing Raytracing...
Rank=3: 35043 sources.
Rank=3: Copied source data to device.
Rank=3: Doing Raytracing...
Mean-free-path for photons at z = 14.155 (Worseck+ 2014): 1.017e+01 cMpc
This corresponds to 10.174 grid cells.
Rank=0: 35041 sources.
Rank=0: Copied source data to device.
Calling evolve3D...
dr [Mpc]: 6.598e-02
dt [years]: 5.297e+06
Running on 35041 source(s), total normalized ionizing flux: 2.99e+07
Mean density (cgs): 2.022e-04, Mean ionized fraction: 1.034e-02
Convergence Criterion (Number of points):  100

Rank=0: Doing Raytracing...
took 0.03s.
took 0.03s.
took 0.04s.
took 0.04s.
Doing Chemistry...
took  0.1 s.
Number of non-converged points: 147296 of 1000000 ( 14.730 % ), Relative change in ionfrac:  1.60e+02
Rank=0: Doing Raytracing...
Rank=1: Doing Raytracing...
Rank=2: Doing Raytracing...
Rank=3: Doing Raytracing...
took 0.03s.
took 0.03s.
took 0.03s.
took 0.03s.
Doing Chemistry...
took  0.1 s.
Number of non-converged points: 10059 of 1000000 ( 1.006 % ), Relative change in ionfrac:  7.37e-03
Rank=0: Doing Raytracing...
Rank=1: Doing Raytracing...
Rank=2: Doing Raytracing...
Rank=3: Doing Raytracing...
took 0.03s.
took 0.03s.
took 0.03s.
took 0.03s.
Doing Chemistry...
took  0.1 s.
Number of non-converged points: 2468 of 1000000 ( 0.247 % ), Relative change in ionfrac:  1.46e-03
Rank=1: Doing Raytracing...
Rank=2: Doing Raytracing...
Rank=0: Doing Raytracing...
Rank=3: Doing Raytracing...
took 0.03s.
took 0.03s.
took 0.03s.
took 0.03s.
Doing Chemistry...
took  0.1 s.
Number of non-converged points: 1007 of 1000000 ( 0.101 % ), Relative change in ionfrac:  5.45e-04
Rank=0: Doing Raytracing...
Rank=1: Doing Raytracing...
Rank=2: Doing Raytracing...
Rank=3: Doing Raytracing...
took 0.03s.
took 0.03s.
took 0.03s.
took 0.03s.
Doing Chemistry...
took  0.1 s.
Number of non-converged points: 478 of 1000000 ( 0.048 % ), Relative change in ionfrac:  2.57e-04
Rank=0: Doing Raytracing...
Rank=1: Doing Raytracing...
Rank=2: Doing Raytracing...
Rank=3: Doing Raytracing...
took 0.03s.
took 0.03s.
took 0.03s.
took 0.03s.
Doing Chemistry...
took  0.1 s.
Number of non-converged points: 269 of 1000000 ( 0.027 % ), Relative change in ionfrac:  1.35e-04
Rank=0: Doing Raytracing...
Rank=3: Doing Raytracing...
Rank=1: Doing Raytracing...
Rank=2: Doing Raytracing...
took 0.03s.
took 0.03s.
took 0.03s.
took 0.03s.
Doing Chemistry...
took  0.1 s.
Number of non-converged points: 153 of 1000000 ( 0.015 % ), Relative change in ionfrac:  7.63e-05
Multiple source convergence reached after 7 ray-tracing iterations.
Mean-free-path for photons at z = 13.973 (Worseck+ 2014): 1.017e+01 cMpc
This corresponds to 10.175 grid cells.
Rank=1: 35041 sources.
Rank=3: 35043 sources.
Rank=1: Copied source data to device.
Rank=2: 35041 sources.
Rank=3: Copied source data to device.
Rank=2: Copied source data to device.
Rank=1: Doing Raytracing...
Rank=0: 35041 sources.
Rank=3: Doing Raytracing...
Rank=0: Copied source data to device.
Rank=2: Doing Raytracing...
Calling evolve3D...
dr [Mpc]: 6.678e-02
dt [years]: 5.297e+06
Running on 35041 source(s), total normalized ionizing flux: 2.99e+07
Mean density (cgs): 1.950e-04, Mean ionized fraction: 1.257e-02
Convergence Criterion (Number of points):  100

Rank=0: Doing Raytracing...
took 0.03s.
took 0.03s.
took 0.03s.
took 0.03s.
Doing Chemistry...
took  0.1 s.
Number of non-converged points: 150339 of 1000000 ( 15.034 % ), Relative change in ionfrac:  1.35e+02
Rank=0: Doing Raytracing...
Rank=1: Doing Raytracing...
Rank=2: Doing Raytracing...
Rank=3: Doing Raytracing...
took 0.03s.
took 0.03s.
took 0.03s.
took 0.03s.
Doing Chemistry...
took  0.1 s.
Number of non-converged points: 10110 of 1000000 ( 1.011 % ), Relative change in ionfrac:  6.07e-03
Rank=0: Doing Raytracing...
Rank=1: Doing Raytracing...
Rank=2: Doing Raytracing...
Rank=3: Doing Raytracing...
took 0.03s.
took 0.03s.
took 0.03s.
took 0.03s.
Doing Chemistry...
took  0.1 s.
Number of non-converged points: 2401 of 1000000 ( 0.240 % ), Relative change in ionfrac:  1.22e-03
Rank=0: Doing Raytracing...
Rank=1: Doing Raytracing...
Rank=2: Doing Raytracing...
Rank=3: Doing Raytracing...
took 0.03s.
took 0.03s.
took 0.03s.
took 0.03s.
Doing Chemistry...
took  0.1 s.
Number of non-converged points: 933 of 1000000 ( 0.093 % ), Relative change in ionfrac:  4.57e-04
Rank=0: Doing Raytracing...
Rank=1: Doing Raytracing...
Rank=2: Doing Raytracing...
Rank=3: Doing Raytracing...
took 0.03s.
took 0.03s.
took 0.03s.
took 0.03s.
Doing Chemistry...
took  0.1 s.
Number of non-converged points: 454 of 1000000 ( 0.045 % ), Relative change in ionfrac:  2.08e-04
Rank=0: Doing Raytracing...
Rank=1: Doing Raytracing...
Rank=2: Doing Raytracing...
Rank=3: Doing Raytracing...
took 0.03s.
took 0.03s.
took 0.03s.
took 0.03s.
Doing Chemistry...
took  0.1 s.
Number of non-converged points: 236 of 1000000 ( 0.024 % ), Relative change in ionfrac:  1.05e-04
Rank=0: Doing Raytracing...
Rank=1: Doing Raytracing...
Rank=2: Doing Raytracing...
Rank=3: Doing Raytracing...
took 0.03s.
took 0.03s.
took 0.03s.
took 0.03s.
Doing Chemistry...
took  0.1 s.
Number of non-converged points: 120 of 1000000 ( 0.012 % ), Relative change in ionfrac:  5.61e-05
Multiple source convergence reached after 7 ray-tracing iterations.

---- Reading density file:
  /capstor/scratch/cscs/cprior/CDM_100Mpc_2048/grids/nc100/CDM_100Mpc_2048.00018.ovrden.npy
 min, mean and max density : 9.022e-05  2.341e-04  1.036e-03 [1/cm3]

---- Reading source file with total of 170633 ionizing source:
CDM_100Mpc_2048.00018.halo.txt
 Total Flux : 3.877413e+55 [1/s]
 Total number of ionizing photons : 6.485871e+69
 Source lifetime : 32.245685 Myr
 min, max stellar (grid) mass : 1.214e+04  4.628e+07 [Msun] and min, mean, max number of ionising sources : 2.837e+49  2.272e+50  1.081e+53 [1/s]

--- Reionization History ----
 min, mean, max xHII : 2.00115e-04  1.47894e-02  9.99966e-01
 min, mean, max Irate : 2.53153e-26  2.61740e-16  3.27260e-12 [1/s]
 min, mean, max density : 9.02160e-05  2.34053e-04  1.03570e-03 [1/cm3]
Rank=3: 42659 sources.
Rank=1: 42658 sources.
Rank=3: Copied source data to device.
Rank=1: Copied source data to device.
Rank=2: 42658 sources.
Rank=3: Doing Raytracing...
Rank=1: Doing Raytracing...
Rank=2: Copied source data to device.
Rank=2: Doing Raytracing...
Mean-free-path for photons at z = 13.797 (Worseck+ 2014): 1.018e+01 cMpc
This corresponds to 10.176 grid cells.
Rank=0: 42658 sources.
Rank=0: Copied source data to device.
Calling evolve3D...
dr [Mpc]: 6.757e-02
dt [years]: 5.301e+06
Running on 42658 source(s), total normalized ionizing flux: 3.88e+07
Mean density (cgs): 1.882e-04, Mean ionized fraction: 1.479e-02
Convergence Criterion (Number of points):  100

Rank=0: Doing Raytracing...
took 0.04s.
took 0.04s.
took 0.04s.
took 0.04s.
Doing Chemistry...
took  0.1 s.
Number of non-converged points: 181289 of 1000000 ( 18.129 % ), Relative change in ionfrac:  1.13e+02
Rank=0: Doing Raytracing...
Rank=1: Doing Raytracing...
Rank=2: Doing Raytracing...
Rank=3: Doing Raytracing...
took 0.04s.
took 0.04s.
took 0.04s.
took 0.04s.
Doing Chemistry...
took  0.1 s.
Number of non-converged points: 14435 of 1000000 ( 1.444 % ), Relative change in ionfrac:  7.35e-03
Rank=0: Doing Raytracing...
Rank=1: Doing Raytracing...
Rank=2: Doing Raytracing...
Rank=3: Doing Raytracing...
took 0.04s.
took 0.04s.
took 0.04s.
took 0.04s.
Doing Chemistry...
took  0.1 s.
Number of non-converged points: 3600 of 1000000 ( 0.360 % ), Relative change in ionfrac:  1.53e-03
Rank=0: Doing Raytracing...
Rank=1: Doing Raytracing...
Rank=2: Doing Raytracing...
Rank=3: Doing Raytracing...
took 0.04s.
took 0.04s.
took 0.04s.
took 0.04s.
Doing Chemistry...
took  0.1 s.
Number of non-converged points: 1446 of 1000000 ( 0.145 % ), Relative change in ionfrac:  5.88e-04
Rank=0: Doing Raytracing...
Rank=1: Doing Raytracing...
Rank=2: Doing Raytracing...
Rank=3: Doing Raytracing...
took 0.04s.
took 0.04s.
took 0.04s.
took 0.04s.
Doing Chemistry...
took  0.1 s.
Number of non-converged points: 732 of 1000000 ( 0.073 % ), Relative change in ionfrac:  2.78e-04
Rank=0: Doing Raytracing...
Rank=1: Doing Raytracing...
Rank=2: Doing Raytracing...
Rank=3: Doing Raytracing...
took 0.04s.
took 0.04s.
took 0.04s.
took 0.04s.
Doing Chemistry...
took  0.1 s.
Number of non-converged points: 410 of 1000000 ( 0.041 % ), Relative change in ionfrac:  1.45e-04
Rank=0: Doing Raytracing...
Rank=1: Doing Raytracing...
Rank=2: Doing Raytracing...
Rank=3: Doing Raytracing...
took 0.04s.
took 0.04s.
took 0.04s.
took 0.04s.
Doing Chemistry...
took  0.1 s.
Number of non-converged points: 205 of 1000000 ( 0.021 % ), Relative change in ionfrac:  8.08e-05
Multiple source convergence reached after 7 ray-tracing iterations.
Mean-free-path for photons at z = 13.626 (Worseck+ 2014): 1.018e+01 cMpc
This corresponds to 10.177 grid cells.
Rank=1: 42658 sources.
Rank=2: 42658 sources.
Rank=3: 42659 sources.
Rank=1: Copied source data to device.
Rank=0: 42658 sources.
Rank=3: Copied source data to device.
Rank=2: Copied source data to device.
Rank=0: Copied source data to device.
Rank=1: Doing Raytracing...
Rank=3: Doing Raytracing...
Rank=2: Doing Raytracing...
Calling evolve3D...
dr [Mpc]: 6.836e-02
dt [years]: 5.301e+06
Running on 42658 source(s), total normalized ionizing flux: 3.88e+07
Mean density (cgs): 1.818e-04, Mean ionized fraction: 1.768e-02
Convergence Criterion (Number of points):  100

Rank=0: Doing Raytracing...
took 0.04s.
took 0.04s.
took 0.04s.
took 0.04s.
Doing Chemistry...
took  0.1 s.
Number of non-converged points: 185598 of 1000000 ( 18.560 % ), Relative change in ionfrac:  9.71e+01
Rank=0: Doing Raytracing...
Rank=1: Doing Raytracing...
Rank=2: Doing Raytracing...
Rank=3: Doing Raytracing...
took 0.04s.
took 0.04s.
took 0.04s.
took 0.04s.
Doing Chemistry...
took  0.1 s.
Number of non-converged points: 14226 of 1000000 ( 1.423 % ), Relative change in ionfrac:  6.08e-03
Rank=0: Doing Raytracing...
Rank=1: Doing Raytracing...
Rank=2: Doing Raytracing...
Rank=3: Doing Raytracing...
took 0.04s.
took 0.04s.
took 0.04s.
took 0.04s.
Doing Chemistry...
took  0.1 s.
Number of non-converged points: 3478 of 1000000 ( 0.348 % ), Relative change in ionfrac:  1.26e-03
Rank=0: Doing Raytracing...
Rank=1: Doing Raytracing...
Rank=2: Doing Raytracing...
Rank=3: Doing Raytracing...
took 0.04s.
took 0.04s.
took 0.04s.
took 0.04s.
Doing Chemistry...
took  0.1 s.
Number of non-converged points: 1294 of 1000000 ( 0.129 % ), Relative change in ionfrac:  4.65e-04
Rank=0: Doing Raytracing...
Rank=1: Doing Raytracing...
Rank=2: Doing Raytracing...
Rank=3: Doing Raytracing...
took 0.04s.
took 0.04s.
took 0.04s.
took 0.04s.
Doing Chemistry...
took  0.1 s.
Number of non-converged points: 660 of 1000000 ( 0.066 % ), Relative change in ionfrac:  2.15e-04
Rank=0: Doing Raytracing...
Rank=1: Doing Raytracing...
Rank=2: Doing Raytracing...
Rank=3: Doing Raytracing...
took 0.04s.
took 0.04s.
took 0.04s.
took 0.04s.
Doing Chemistry...
took  0.1 s.
Number of non-converged points: 329 of 1000000 ( 0.033 % ), Relative change in ionfrac:  1.10e-04
Rank=0: Doing Raytracing...
Rank=1: Doing Raytracing...
Rank=2: Doing Raytracing...
Rank=3: Doing Raytracing...
took 0.04s.
took 0.04s.
took 0.04s.
took 0.04s.
Doing Chemistry...
took  0.1 s.
Number of non-converged points: 149 of 1000000 ( 0.015 % ), Relative change in ionfrac:  5.96e-05
Multiple source convergence reached after 7 ray-tracing iterations.

---- Reading density file:
  /capstor/scratch/cscs/cprior/CDM_100Mpc_2048/grids/nc100/CDM_100Mpc_2048.00019.ovrden.npy
 min, mean and max density : 8.101e-05  2.167e-04  9.916e-04 [1/cm3]

---- Reading source file with total of 202243 ionizing source:
CDM_100Mpc_2048.00019.halo.txt
 Total Flux : 4.900421e+55 [1/s]
 Total number of ionizing photons : 8.210386e+69
 Source lifetime : 34.382584 Myr
 min, max stellar (grid) mass : 1.214e+04  5.464e+07 [Msun] and min, mean, max number of ionising sources : 2.660e+49  2.423e+50  1.197e+53 [1/s]
Rank=1: 50560 sources.
Rank=1: Copied source data to device.

--- Reionization History ----
 min, mean, max xHII : 2.00124e-04  2.05630e-02  9.99973e-01
 min, mean, max Irate : 6.09002e-26  4.15261e-16  3.83838e-12 [1/s]
 min, mean, max density : 8.10109e-05  2.16717e-04  9.91608e-04 [1/cm3]
Rank=2: 50560 sources.
Rank=1: Doing Raytracing...
Rank=2: Copied source data to device.
Rank=2: Doing Raytracing...
Rank=3: 50563 sources.
Rank=3: Copied source data to device.
Rank=3: Doing Raytracing...
Mean-free-path for photons at z = 13.460 (Worseck+ 2014): 1.018e+01 cMpc
This corresponds to 10.179 grid cells.
Rank=0: 50560 sources.
Rank=0: Copied source data to device.
Calling evolve3D...
dr [Mpc]: 6.915e-02
dt [years]: 5.309e+06
Running on 50560 source(s), total normalized ionizing flux: 4.90e+07
Mean density (cgs): 1.756e-04, Mean ionized fraction: 2.056e-02
Convergence Criterion (Number of points):  100

Rank=0: Doing Raytracing...
took 0.04s.
took 0.04s.
took 0.04s.
took 0.05s.
Doing Chemistry...
took  0.1 s.
Number of non-converged points: 217246 of 1000000 ( 21.725 % ), Relative change in ionfrac:  8.24e+01
Rank=0: Doing Raytracing...
Rank=1: Doing Raytracing...
Rank=2: Doing Raytracing...
Rank=3: Doing Raytracing...
took 0.04s.
took 0.04s.
took 0.04s.
took 0.04s.
Doing Chemistry...
took  0.1 s.
Number of non-converged points: 19595 of 1000000 ( 1.960 % ), Relative change in ionfrac:  7.23e-03
Rank=0: Doing Raytracing...
Rank=1: Doing Raytracing...
Rank=2: Doing Raytracing...
Rank=3: Doing Raytracing...
took 0.04s.
took 0.04s.
took 0.04s.
took 0.04s.
Doing Chemistry...
took  0.1 s.
Number of non-converged points: 4914 of 1000000 ( 0.491 % ), Relative change in ionfrac:  1.50e-03
Rank=0: Doing Raytracing...
Rank=1: Doing Raytracing...
Rank=2: Doing Raytracing...
Rank=3: Doing Raytracing...
took 0.04s.
took 0.04s.
took 0.04s.
took 0.04s.
Doing Chemistry...
took  0.1 s.
Number of non-converged points: 1964 of 1000000 ( 0.196 % ), Relative change in ionfrac:  5.64e-04
Rank=0: Doing Raytracing...
Rank=2: Doing Raytracing...
Rank=1: Doing Raytracing...
Rank=3: Doing Raytracing...
took 0.04s.
took 0.04s.
took 0.04s.
took 0.04s.
Doing Chemistry...
took  0.1 s.
Number of non-converged points: 945 of 1000000 ( 0.095 % ), Relative change in ionfrac:  2.62e-04
Rank=0: Doing Raytracing...
Rank=1: Doing Raytracing...
Rank=2: Doing Raytracing...
Rank=3: Doing Raytracing...
took 0.04s.
took 0.04s.
took 0.04s.
took 0.04s.
Doing Chemistry...
took  0.1 s.
Number of non-converged points: 479 of 1000000 ( 0.048 % ), Relative change in ionfrac:  1.34e-04
Rank=0: Doing Raytracing...
Rank=2: Doing Raytracing...
Rank=1: Doing Raytracing...
Rank=3: Doing Raytracing...
took 0.04s.
took 0.04s.
took 0.04s.
took 0.04s.
Doing Chemistry...
took  0.1 s.
Number of non-converged points: 224 of 1000000 ( 0.022 % ), Relative change in ionfrac:  7.35e-05
Multiple source convergence reached after 7 ray-tracing iterations.
Mean-free-path for photons at z = 13.298 (Worseck+ 2014): 1.018e+01 cMpc
This corresponds to 10.180 grid cells.
Rank=1: 50560 sources.
Rank=3: 50563 sources.
Rank=2: 50560 sources.
Rank=1: Copied source data to device.
Rank=0: 50560 sources.
Rank=3: Copied source data to device.
Rank=2: Copied source data to device.
Rank=0: Copied source data to device.
Rank=1: Doing Raytracing...
Rank=3: Doing Raytracing...
Rank=2: Doing Raytracing...
Calling evolve3D...
dr [Mpc]: 6.993e-02
dt [years]: 5.309e+06
Running on 50560 source(s), total normalized ionizing flux: 4.90e+07
Mean density (cgs): 1.698e-04, Mean ionized fraction: 2.423e-02
Convergence Criterion (Number of points):  100

Rank=0: Doing Raytracing...
took 0.04s.
took 0.04s.
took 0.04s.
took 0.04s.
Doing Chemistry...
took  0.1 s.
Number of non-converged points: 222324 of 1000000 ( 22.232 % ), Relative change in ionfrac:  7.13e+01
Rank=0: Doing Raytracing...
Rank=1: Doing Raytracing...
Rank=2: Doing Raytracing...
Rank=3: Doing Raytracing...
took 0.04s.
took 0.04s.
took 0.04s.
took 0.04s.
Doing Chemistry...
took  0.1 s.
Number of non-converged points: 19493 of 1000000 ( 1.949 % ), Relative change in ionfrac:  6.04e-03
Rank=0: Doing Raytracing...
Rank=1: Doing Raytracing...
Rank=2: Doing Raytracing...
Rank=3: Doing Raytracing...
took 0.04s.
took 0.04s.
took 0.04s.
took 0.04s.
Doing Chemistry...
took  0.1 s.
Number of non-converged points: 4733 of 1000000 ( 0.473 % ), Relative change in ionfrac:  1.26e-03
Rank=0: Doing Raytracing...
Rank=1: Doing Raytracing...
Rank=2: Doing Raytracing...
Rank=3: Doing Raytracing...
took 0.04s.
took 0.04s.
took 0.04s.
took 0.04s.
Doing Chemistry...
took  0.1 s.
Number of non-converged points: 1876 of 1000000 ( 0.188 % ), Relative change in ionfrac:  4.74e-04
Rank=0: Doing Raytracing...
Rank=2: Doing Raytracing...
Rank=3: Doing Raytracing...
Rank=1: Doing Raytracing...
took 0.04s.
took 0.04s.
took 0.04s.
took 0.04s.
Doing Chemistry...
took  0.1 s.
Number of non-converged points: 893 of 1000000 ( 0.089 % ), Relative change in ionfrac:  2.17e-04
Rank=0: Doing Raytracing...
Rank=2: Doing Raytracing...
Rank=3: Doing Raytracing...
Rank=1: Doing Raytracing...
took 0.04s.
took 0.04s.
took 0.04s.
took 0.04s.
Doing Chemistry...
took  0.1 s.
Number of non-converged points: 434 of 1000000 ( 0.043 % ), Relative change in ionfrac:  1.08e-04
Rank=0: Doing Raytracing...
Rank=1: Doing Raytracing...
Rank=2: Doing Raytracing...
Rank=3: Doing Raytracing...
took 0.04s.
took 0.04s.
took 0.04s.
took 0.04s.
Doing Chemistry...
took  0.1 s.
Number of non-converged points: 189 of 1000000 ( 0.019 % ), Relative change in ionfrac:  5.70e-05
Multiple source convergence reached after 7 ray-tracing iterations.

---- Reading density file:
  /capstor/scratch/cscs/cprior/CDM_100Mpc_2048/grids/nc100/CDM_100Mpc_2048.00020.ovrden.npy
 min, mean and max density : 7.280e-05  2.012e-04  9.511e-04 [1/cm3]
Rank=1: 58537 sources.
Rank=1: Copied source data to device.
Rank=1: Doing Raytracing...

---- Reading source file with total of 234150 ionizing source:
CDM_100Mpc_2048.00020.halo.txt
 Total Flux : 6.052752e+55 [1/s]
 Total number of ionizing photons : 1.012189e+70
 Source lifetime : 36.577439 Myr
 min, max stellar (grid) mass : 1.214e+04  6.255e+07 [Msun] and min, mean, max number of ionising sources : 2.501e+49  2.585e+50  1.288e+53 [1/s]
Rank=2: 58537 sources.

--- Reionization History ----
 min, mean, max xHII : 2.00129e-04  2.78881e-02  9.99975e-01
 min, mean, max Irate : 1.36419e-25  6.20154e-16  4.08231e-12 [1/s]
 min, mean, max density : 7.28034e-05  2.01215e-04  9.51130e-04 [1/cm3]
Rank=2: Copied source data to device.
Rank=2: Doing Raytracing...
Rank=3: 58539 sources.
Rank=3: Copied source data to device.
Rank=3: Doing Raytracing...
Mean-free-path for photons at z = 13.141 (Worseck+ 2014): 1.018e+01 cMpc
This corresponds to 10.182 grid cells.
Rank=0: 58537 sources.
Rank=0: Copied source data to device.
Calling evolve3D...
dr [Mpc]: 7.071e-02
dt [years]: 5.299e+06
Running on 58537 source(s), total normalized ionizing flux: 6.05e+07
Mean density (cgs): 1.643e-04, Mean ionized fraction: 2.789e-02
Convergence Criterion (Number of points):  100

Rank=0: Doing Raytracing...
took 0.05s.
took 0.05s.
took 0.05s.
took 0.05s.
Doing Chemistry...
took  0.1 s.
Number of non-converged points: 254201 of 1000000 ( 25.420 % ), Relative change in ionfrac:  6.13e+01
Rank=0: Doing Raytracing...
Rank=2: Doing Raytracing...
Rank=3: Doing Raytracing...
Rank=1: Doing Raytracing...
took 0.05s.
took 0.05s.
took 0.05s.
took 0.05s.
Doing Chemistry...
took  0.1 s.
Number of non-converged points: 26465 of 1000000 ( 2.647 % ), Relative change in ionfrac:  7.15e-03
Rank=0: Doing Raytracing...
Rank=1: Doing Raytracing...
Rank=2: Doing Raytracing...
Rank=3: Doing Raytracing...
took 0.05s.
took 0.05s.
took 0.05s.
took 0.05s.
Doing Chemistry...
took  0.1 s.
Number of non-converged points: 6658 of 1000000 ( 0.666 % ), Relative change in ionfrac:  1.53e-03
Rank=0: Doing Raytracing...
Rank=1: Doing Raytracing...
Rank=2: Doing Raytracing...
Rank=3: Doing Raytracing...
took 0.05s.
took 0.05s.
took 0.05s.
took 0.05s.
Doing Chemistry...
took  0.1 s.
Number of non-converged points: 2653 of 1000000 ( 0.265 % ), Relative change in ionfrac:  5.72e-04
Rank=0: Doing Raytracing...
Rank=1: Doing Raytracing...
Rank=2: Doing Raytracing...
Rank=3: Doing Raytracing...
took 0.05s.
took 0.05s.
took 0.05s.
took 0.05s.
Doing Chemistry...
took  0.1 s.
Number of non-converged points: 1263 of 1000000 ( 0.126 % ), Relative change in ionfrac:  2.63e-04
Rank=0: Doing Raytracing...
Rank=1: Doing Raytracing...
Rank=2: Doing Raytracing...
Rank=3: Doing Raytracing...
took 0.05s.
took 0.05s.
took 0.05s.
took 0.05s.
Doing Chemistry...
took  0.1 s.
Number of non-converged points: 631 of 1000000 ( 0.063 % ), Relative change in ionfrac:  1.35e-04
Rank=0: Doing Raytracing...
Rank=2: Doing Raytracing...
Rank=1: Doing Raytracing...
Rank=3: Doing Raytracing...
took 0.05s.
took 0.05s.
took 0.05s.
took 0.05s.
Doing Chemistry...
took  0.1 s.
Number of non-converged points: 335 of 1000000 ( 0.034 % ), Relative change in ionfrac:  7.46e-05
Multiple source convergence reached after 7 ray-tracing iterations.
Mean-free-path for photons at z = 12.989 (Worseck+ 2014): 1.018e+01 cMpc
This corresponds to 10.184 grid cells.
Rank=1: 58537 sources.
Rank=3: 58539 sources.
Rank=2: 58537 sources.
Rank=1: Copied source data to device.
Rank=3: Copied source data to device.
Rank=2: Copied source data to device.
Rank=0: 58537 sources.
Rank=0: Copied source data to device.
Rank=1: Doing Raytracing...
Rank=3: Doing Raytracing...
Rank=2: Doing Raytracing...
Calling evolve3D...
dr [Mpc]: 7.148e-02
dt [years]: 5.299e+06
Running on 58537 source(s), total normalized ionizing flux: 6.05e+07
Mean density (cgs): 1.590e-04, Mean ionized fraction: 3.242e-02
Convergence Criterion (Number of points):  100

Rank=0: Doing Raytracing...
took 0.05s.
took 0.05s.
took 0.05s.
took 0.05s.
Doing Chemistry...
took  0.1 s.
Number of non-converged points: 260448 of 1000000 ( 26.045 % ), Relative change in ionfrac:  5.36e+01
Rank=0: Doing Raytracing...
Rank=2: Doing Raytracing...
Rank=1: Doing Raytracing...
Rank=3: Doing Raytracing...
took 0.05s.
took 0.05s.
took 0.05s.
took 0.05s.
Doing Chemistry...
took  0.1 s.
Number of non-converged points: 25924 of 1000000 ( 2.592 % ), Relative change in ionfrac:  6.03e-03
Rank=0: Doing Raytracing...
Rank=2: Doing Raytracing...
Rank=1: Doing Raytracing...
Rank=3: Doing Raytracing...
took 0.05s.
took 0.05s.
took 0.05s.
took 0.05s.
Doing Chemistry...
took  0.1 s.
Number of non-converged points: 6293 of 1000000 ( 0.629 % ), Relative change in ionfrac:  1.27e-03
Rank=0: Doing Raytracing...
Rank=2: Doing Raytracing...
Rank=3: Doing Raytracing...
Rank=1: Doing Raytracing...
took 0.05s.
took 0.05s.
took 0.05s.
took 0.05s.
Doing Chemistry...
took  0.1 s.
Number of non-converged points: 2494 of 1000000 ( 0.249 % ), Relative change in ionfrac:  4.66e-04
Rank=0: Doing Raytracing...
Rank=2: Doing Raytracing...
Rank=1: Doing Raytracing...
Rank=3: Doing Raytracing...
took 0.05s.
took 0.05s.
took 0.05s.
took 0.05s.
Doing Chemistry...
took  0.1 s.
Number of non-converged points: 1158 of 1000000 ( 0.116 % ), Relative change in ionfrac:  2.09e-04
Rank=0: Doing Raytracing...
Rank=1: Doing Raytracing...
Rank=2: Doing Raytracing...
Rank=3: Doing Raytracing...
took 0.05s.
took 0.05s.
took 0.05s.
took 0.05s.
Doing Chemistry...
took  0.1 s.
Number of non-converged points: 567 of 1000000 ( 0.057 % ), Relative change in ionfrac:  1.04e-04
Rank=0: Doing Raytracing...
Rank=1: Doing Raytracing...
Rank=2: Doing Raytracing...
Rank=3: Doing Raytracing...
took 0.05s.
took 0.05s.
took 0.05s.
took 0.05s.
Doing Chemistry...
took  0.1 s.
Number of non-converged points: 244 of 1000000 ( 0.024 % ), Relative change in ionfrac:  5.60e-05
Multiple source convergence reached after 7 ray-tracing iterations.

---- Reading density file:
  /capstor/scratch/cscs/cprior/CDM_100Mpc_2048/grids/nc100/CDM_100Mpc_2048.00021.ovrden.npy
 min, mean and max density : 6.637e-05  1.873e-04  9.126e-04 [1/cm3]
Rank=1: 66761 sources.
Rank=1: Copied source data to device.
Rank=1: Doing Raytracing...

---- Reading source file with total of 267045 ionizing source:
CDM_100Mpc_2048.00021.halo.txt
 Total Flux : 7.333775e+55 [1/s]
 Total number of ionizing photons : 1.227297e+70
 Source lifetime : 38.821851 Myr
Rank=2: 66761 sources.
 min, max stellar (grid) mass : 1.214e+04  8.138e+07 [Msun] and min, mean, max number of ionising sources : 2.356e+49  2.746e+50  1.579e+53 [1/s]
Rank=2: Copied source data to device.
Rank=2: Doing Raytracing...

--- Reionization History ----
 min, mean, max xHII : 2.00133e-04  3.69537e-02  9.99977e-01
 min, mean, max Irate : 2.61855e-25  9.10212e-16  4.26972e-12 [1/s]
 min, mean, max density : 6.63670e-05  1.87344e-04  9.12607e-04 [1/cm3]
Rank=3: 66762 sources.
Rank=3: Copied source data to device.
Rank=3: Doing Raytracing...
Mean-free-path for photons at z = 12.840 (Worseck+ 2014): 1.019e+01 cMpc
This corresponds to 10.186 grid cells.
Rank=0: 66761 sources.
Rank=0: Copied source data to device.
Calling evolve3D...
dr [Mpc]: 7.225e-02
dt [years]: 5.303e+06
Running on 66761 source(s), total normalized ionizing flux: 7.33e+07
Mean density (cgs): 1.540e-04, Mean ionized fraction: 3.695e-02
Convergence Criterion (Number of points):  100

Rank=0: Doing Raytracing...
took 0.06s.
took 0.06s.
took 0.06s.
took 0.06s.
Doing Chemistry...
took  0.1 s.
Number of non-converged points: 292242 of 1000000 ( 29.224 % ), Relative change in ionfrac:  4.65e+01
Rank=0: Doing Raytracing...
Rank=1: Doing Raytracing...
Rank=2: Doing Raytracing...
Rank=3: Doing Raytracing...
took 0.06s.
took 0.06s.
took 0.06s.
took 0.06s.
Doing Chemistry...
took  0.1 s.
Number of non-converged points: 34813 of 1000000 ( 3.481 % ), Relative change in ionfrac:  7.09e-03
Rank=0: Doing Raytracing...
Rank=1: Doing Raytracing...
Rank=2: Doing Raytracing...
Rank=3: Doing Raytracing...
took 0.06s.
took 0.06s.
took 0.06s.
took 0.06s.
Doing Chemistry...
took  0.1 s.
Number of non-converged points: 8926 of 1000000 ( 0.893 % ), Relative change in ionfrac:  1.55e-03
Rank=0: Doing Raytracing...
Rank=2: Doing Raytracing...
Rank=3: Doing Raytracing...
Rank=1: Doing Raytracing...
took 0.06s.
took 0.06s.
took 0.06s.
took 0.06s.
Doing Chemistry...
took  0.1 s.
Number of non-converged points: 3602 of 1000000 ( 0.360 % ), Relative change in ionfrac:  5.73e-04
Rank=0: Doing Raytracing...
Rank=1: Doing Raytracing...
Rank=2: Doing Raytracing...
Rank=3: Doing Raytracing...
took 0.06s.
took 0.06s.
took 0.06s.
took 0.06s.
Doing Chemistry...
took  0.1 s.
Number of non-converged points: 1662 of 1000000 ( 0.166 % ), Relative change in ionfrac:  2.60e-04
Rank=0: Doing Raytracing...
Rank=2: Doing Raytracing...
Rank=3: Doing Raytracing...
Rank=1: Doing Raytracing...
took 0.06s.
took 0.06s.
took 0.06s.
took 0.06s.
Doing Chemistry...
took  0.1 s.
Number of non-converged points: 809 of 1000000 ( 0.081 % ), Relative change in ionfrac:  1.33e-04
Rank=0: Doing Raytracing...
Rank=1: Doing Raytracing...
Rank=2: Doing Raytracing...
Rank=3: Doing Raytracing...
took 0.06s.
took 0.06s.
took 0.06s.
took 0.06s.
Doing Chemistry...
took  0.1 s.
Number of non-converged points: 392 of 1000000 ( 0.039 % ), Relative change in ionfrac:  7.26e-05
Multiple source convergence reached after 7 ray-tracing iterations.
Mean-free-path for photons at z = 12.695 (Worseck+ 2014): 1.019e+01 cMpc
This corresponds to 10.188 grid cells.
Rank=1: 66761 sources.
Rank=3: 66762 sources.
Rank=2: 66761 sources.
Rank=1: Copied source data to device.
Rank=3: Copied source data to device.
Rank=2: Copied source data to device.
Rank=0: 66761 sources.
Rank=1: Doing Raytracing...
Rank=3: Doing Raytracing...
Rank=0: Copied source data to device.
Rank=2: Doing Raytracing...
Calling evolve3D...
dr [Mpc]: 7.301e-02
dt [years]: 5.303e+06
Running on 66761 source(s), total normalized ionizing flux: 7.33e+07
Mean density (cgs): 1.492e-04, Mean ionized fraction: 4.248e-02
Convergence Criterion (Number of points):  100

Rank=0: Doing Raytracing...
took 0.06s.
took 0.06s.
took 0.06s.
took 0.06s.
Doing Chemistry...
took  0.1 s.
Number of non-converged points: 299750 of 1000000 ( 29.975 % ), Relative change in ionfrac:  4.10e+01
Rank=0: Doing Raytracing...
Rank=1: Doing Raytracing...
Rank=2: Doing Raytracing...
Rank=3: Doing Raytracing...
took 0.06s.
took 0.06s.
took 0.06s.
took 0.06s.
Doing Chemistry...
took  0.1 s.
Number of non-converged points: 34102 of 1000000 ( 3.410 % ), Relative change in ionfrac:  6.03e-03
Rank=0: Doing Raytracing...
Rank=2: Doing Raytracing...
Rank=1: Doing Raytracing...
Rank=3: Doing Raytracing...
took 0.06s.
took 0.06s.
took 0.06s.
took 0.06s.
Doing Chemistry...
took  0.1 s.
Number of non-converged points: 8723 of 1000000 ( 0.872 % ), Relative change in ionfrac:  1.32e-03
Rank=0: Doing Raytracing...
Rank=1: Doing Raytracing...
Rank=2: Doing Raytracing...
Rank=3: Doing Raytracing...
took 0.06s.
took 0.06s.
took 0.06s.
took 0.06s.
Doing Chemistry...
took  0.1 s.
Number of non-converged points: 3473 of 1000000 ( 0.347 % ), Relative change in ionfrac:  4.87e-04
Rank=0: Doing Raytracing...
Rank=1: Doing Raytracing...
Rank=2: Doing Raytracing...
Rank=3: Doing Raytracing...
took 0.06s.
took 0.06s.
took 0.06s.
took 0.06s.
Doing Chemistry...
took  0.1 s.
Number of non-converged points: 1541 of 1000000 ( 0.154 % ), Relative change in ionfrac:  2.19e-04
Rank=1: Doing Raytracing...
Rank=2: Doing Raytracing...
Rank=3: Doing Raytracing...
Rank=0: Doing Raytracing...
took 0.06s.
took 0.06s.
took 0.06s.
took 0.06s.
Doing Chemistry...
took  0.1 s.
Number of non-converged points: 724 of 1000000 ( 0.072 % ), Relative change in ionfrac:  1.09e-04
Rank=0: Doing Raytracing...
Rank=1: Doing Raytracing...
Rank=2: Doing Raytracing...
Rank=3: Doing Raytracing...
took 0.06s.
took 0.06s.
took 0.06s.
took 0.06s.
Doing Chemistry...
took  0.1 s.
Number of non-converged points: 340 of 1000000 ( 0.034 % ), Relative change in ionfrac:  5.90e-05
Multiple source convergence reached after 7 ray-tracing iterations.

---- Reading density file:
  /capstor/scratch/cscs/cprior/CDM_100Mpc_2048/grids/nc100/CDM_100Mpc_2048.00022.ovrden.npy
 min, mean and max density : 6.088e-05  1.749e-04  8.794e-04 [1/cm3]

---- Reading source file with total of 299405 ionizing source:
CDM_100Mpc_2048.00022.halo.txt
 Total Flux : 8.743341e+55 [1/s]
 Total number of ionizing photons : 1.465461e+70
 Source lifetime : 41.120950 Myr
 min, max stellar (grid) mass : 1.214e+04  9.959e+07 [Msun] and min, mean, max number of ionising sources : 2.224e+49  2.920e+50  1.825e+53 [1/s]
Rank=2: 74851 sources.

--- Reionization History ----
 min, mean, max xHII : 2.00137e-04  4.80083e-02  9.99981e-01
 min, mean, max Irate : 5.85584e-25  1.29937e-15  4.98352e-12 [1/s]
 min, mean, max density : 6.08830e-05  1.74851e-04  8.79353e-04 [1/cm3]
Rank=2: Copied source data to device.
Rank=1: 74851 sources.
Rank=1: Copied source data to device.
Rank=2: Doing Raytracing...
Rank=1: Doing Raytracing...
Rank=3: 74852 sources.
Rank=3: Copied source data to device.
Rank=3: Doing Raytracing...
Mean-free-path for photons at z = 12.554 (Worseck+ 2014): 1.019e+01 cMpc
This corresponds to 10.191 grid cells.
Rank=0: 74851 sources.
Rank=0: Copied source data to device.
Calling evolve3D...
dr [Mpc]: 7.377e-02
dt [years]: 5.311e+06
Running on 74851 source(s), total normalized ionizing flux: 8.74e+07
Mean density (cgs): 1.446e-04, Mean ionized fraction: 4.801e-02
Convergence Criterion (Number of points):  100

Rank=0: Doing Raytracing...
took 0.07s.
took 0.07s.
took 0.07s.
took 0.07s.
Doing Chemistry...
took  0.1 s.
Number of non-converged points: 331258 of 1000000 ( 33.126 % ), Relative change in ionfrac:  3.59e+01
Rank=0: Doing Raytracing...
Rank=1: Doing Raytracing...
Rank=2: Doing Raytracing...
Rank=3: Doing Raytracing...
took 0.07s.
took 0.07s.
took 0.07s.
took 0.07s.
Doing Chemistry...
took  0.1 s.
Number of non-converged points: 44581 of 1000000 ( 4.458 % ), Relative change in ionfrac:  7.05e-03
Rank=0: Doing Raytracing...
Rank=1: Doing Raytracing...
Rank=2: Doing Raytracing...
Rank=3: Doing Raytracing...
took 0.07s.
took 0.07s.
took 0.07s.
took 0.07s.
Doing Chemistry...
took  0.1 s.
Number of non-converged points: 11799 of 1000000 ( 1.180 % ), Relative change in ionfrac:  1.57e-03
Rank=0: Doing Raytracing...
Rank=1: Doing Raytracing...
Rank=2: Doing Raytracing...
Rank=3: Doing Raytracing...
took 0.07s.
took 0.07s.
took 0.07s.
took 0.07s.
Doing Chemistry...
took  0.1 s.
Number of non-converged points: 4838 of 1000000 ( 0.484 % ), Relative change in ionfrac:  5.87e-04
Rank=0: Doing Raytracing...
Rank=1: Doing Raytracing...
Rank=2: Doing Raytracing...
Rank=3: Doing Raytracing...
took 0.07s.
took 0.07s.
took 0.07s.
took 0.07s.
Doing Chemistry...
took  0.1 s.
Number of non-converged points: 2257 of 1000000 ( 0.226 % ), Relative change in ionfrac:  2.69e-04
Rank=0: Doing Raytracing...
Rank=1: Doing Raytracing...
Rank=2: Doing Raytracing...
Rank=3: Doing Raytracing...
took 0.07s.
took 0.07s.
took 0.07s.
took 0.07s.
Doing Chemistry...
took  0.1 s.
Number of non-converged points: 1124 of 1000000 ( 0.112 % ), Relative change in ionfrac:  1.36e-04
Rank=0: Doing Raytracing...
Rank=1: Doing Raytracing...
Rank=2: Doing Raytracing...
Rank=3: Doing Raytracing...
took 0.07s.
took 0.07s.
took 0.07s.
took 0.07s.
Doing Chemistry...
took  0.1 s.
Number of non-converged points: 552 of 1000000 ( 0.055 % ), Relative change in ionfrac:  7.36e-05
Multiple source convergence reached after 7 ray-tracing iterations.
Mean-free-path for photons at z = 12.416 (Worseck+ 2014): 1.019e+01 cMpc
This corresponds to 10.193 grid cells.
Rank=1: 74851 sources.
Rank=3: 74852 sources.
Rank=2: 74851 sources.
Rank=1: Copied source data to device.
Rank=3: Copied source data to device.
Rank=2: Copied source data to device.
Rank=0: 74851 sources.
Rank=1: Doing Raytracing...
Rank=0: Copied source data to device.
Rank=3: Doing Raytracing...
Rank=2: Doing Raytracing...
Calling evolve3D...
dr [Mpc]: 7.453e-02
dt [years]: 5.311e+06
Running on 74851 source(s), total normalized ionizing flux: 8.74e+07
Mean density (cgs): 1.403e-04, Mean ionized fraction: 5.466e-02
Convergence Criterion (Number of points):  100

Rank=0: Doing Raytracing...
took 0.07s.
took 0.07s.
took 0.07s.
took 0.07s.
Doing Chemistry...
took  0.1 s.
Number of non-converged points: 338917 of 1000000 ( 33.892 % ), Relative change in ionfrac:  3.19e+01
Rank=0: Doing Raytracing...
Rank=1: Doing Raytracing...
Rank=2: Doing Raytracing...
Rank=3: Doing Raytracing...
took 0.07s.
took 0.07s.
took 0.07s.
took 0.07s.
Doing Chemistry...
took  0.1 s.
Number of non-converged points: 44514 of 1000000 ( 4.451 % ), Relative change in ionfrac:  6.11e-03
Rank=0: Doing Raytracing...
Rank=1: Doing Raytracing...
Rank=2: Doing Raytracing...
Rank=3: Doing Raytracing...
took 0.07s.
took 0.07s.
took 0.07s.
took 0.07s.
Doing Chemistry...
took  0.1 s.
Number of non-converged points: 11785 of 1000000 ( 1.179 % ), Relative change in ionfrac:  1.37e-03
Rank=0: Doing Raytracing...
Rank=1: Doing Raytracing...
Rank=2: Doing Raytracing...
Rank=3: Doing Raytracing...
took 0.07s.
took 0.07s.
took 0.07s.
took 0.07s.
Doing Chemistry...
took  0.1 s.
Number of non-converged points: 4641 of 1000000 ( 0.464 % ), Relative change in ionfrac:  5.03e-04
Rank=0: Doing Raytracing...
Rank=1: Doing Raytracing...
Rank=2: Doing Raytracing...
Rank=3: Doing Raytracing...
took 0.07s.
took 0.07s.
took 0.07s.
took 0.07s.
Doing Chemistry...
took  0.1 s.
Number of non-converged points: 2042 of 1000000 ( 0.204 % ), Relative change in ionfrac:  2.23e-04
Rank=0: Doing Raytracing...
Rank=1: Doing Raytracing...
Rank=2: Doing Raytracing...
Rank=3: Doing Raytracing...
took 0.07s.
took 0.07s.
took 0.07s.
took 0.07s.
Doing Chemistry...
took  0.1 s.
Number of non-converged points: 918 of 1000000 ( 0.092 % ), Relative change in ionfrac:  1.11e-04
Rank=0: Doing Raytracing...
Rank=1: Doing Raytracing...
Rank=2: Doing Raytracing...
Rank=3: Doing Raytracing...
took 0.07s.
took 0.07s.
took 0.07s.
took 0.07s.
Doing Chemistry...
took  0.1 s.
Number of non-converged points: 411 of 1000000 ( 0.041 % ), Relative change in ionfrac:  5.94e-05
Multiple source convergence reached after 7 ray-tracing iterations.

---- Reading density file:
  /capstor/scratch/cscs/cprior/CDM_100Mpc_2048/grids/nc100/CDM_100Mpc_2048.00023.ovrden.npy
 min, mean and max density : 5.619e-05  1.636e-04  8.555e-04 [1/cm3]

---- Reading source file with total of 331444 ionizing source:
CDM_100Mpc_2048.00023.halo.txt
 Total Flux : 1.026200e+56 [1/s]
 Total number of ionizing photons : 1.713871e+70
 Source lifetime : 43.476220 Myr
 min, max stellar (grid) mass : 1.214e+04  1.074e+08 [Msun] and min, mean, max number of ionising sources : 2.104e+49  3.096e+50  1.861e+53 [1/s]
Rank=1: 82861 sources.
Rank=1: Copied source data to device.
Rank=1: Doing Raytracing...
Rank=2: 82861 sources.

--- Reionization History ----
 min, mean, max xHII : 2.00143e-04  6.13197e-02  9.99982e-01
 min, mean, max Irate : 1.17140e-24  1.83619e-15  5.26054e-12 [1/s]
 min, mean, max density : 5.61867e-05  1.63551e-04  8.55462e-04 [1/cm3]
Rank=2: Copied source data to device.
Rank=2: Doing Raytracing...
Rank=3: 82861 sources.
Mean-free-path for photons at z = 12.282 (Worseck+ 2014): 1.020e+01 cMpc
This corresponds to 10.196 grid cells.
Rank=3: Copied source data to device.
Rank=3: Doing Raytracing...
Rank=0: 82861 sources.
Rank=0: Copied source data to device.
Calling evolve3D...
dr [Mpc]: 7.528e-02
dt [years]: 5.292e+06
Running on 82861 source(s), total normalized ionizing flux: 1.03e+08
Mean density (cgs): 1.361e-04, Mean ionized fraction: 6.132e-02
Convergence Criterion (Number of points):  100

Rank=0: Doing Raytracing...
took 0.07s.
took 0.07s.
took 0.07s.
took 0.07s.
Doing Chemistry...
took  0.1 s.
Number of non-converged points: 368944 of 1000000 ( 36.894 % ), Relative change in ionfrac:  2.82e+01
Rank=0: Doing Raytracing...
Rank=2: Doing Raytracing...
Rank=1: Doing Raytracing...
Rank=3: Doing Raytracing...
took 0.07s.
took 0.07s.
took 0.07s.
took 0.07s.
Doing Chemistry...
took  0.1 s.
Number of non-converged points: 56204 of 1000000 ( 5.620 % ), Relative change in ionfrac:  6.93e-03
Rank=0: Doing Raytracing...
Rank=1: Doing Raytracing...
Rank=2: Doing Raytracing...
Rank=3: Doing Raytracing...
took 0.07s.
took 0.07s.
took 0.07s.
took 0.07s.
Doing Chemistry...
took  0.1 s.
Number of non-converged points: 15286 of 1000000 ( 1.529 % ), Relative change in ionfrac:  1.57e-03
Rank=0: Doing Raytracing...
Rank=1: Doing Raytracing...
Rank=2: Doing Raytracing...
Rank=3: Doing Raytracing...
took 0.07s.
took 0.07s.
took 0.07s.
took 0.07s.
Doing Chemistry...
took  0.1 s.
Number of non-converged points: 6191 of 1000000 ( 0.619 % ), Relative change in ionfrac:  5.88e-04
Rank=0: Doing Raytracing...
Rank=1: Doing Raytracing...
Rank=2: Doing Raytracing...
Rank=3: Doing Raytracing...
took 0.07s.
took 0.07s.
took 0.07s.
took 0.07s.
Doing Chemistry...
took  0.1 s.
Number of non-converged points: 2807 of 1000000 ( 0.281 % ), Relative change in ionfrac:  2.66e-04
Rank=0: Doing Raytracing...
Rank=1: Doing Raytracing...
Rank=2: Doing Raytracing...
Rank=3: Doing Raytracing...
took 0.07s.
took 0.07s.
took 0.07s.
took 0.07s.
Doing Chemistry...
took  0.1 s.
Number of non-converged points: 1381 of 1000000 ( 0.138 % ), Relative change in ionfrac:  1.33e-04
Rank=0: Doing Raytracing...
Rank=2: Doing Raytracing...
Rank=1: Doing Raytracing...
Rank=3: Doing Raytracing...
took 0.07s.
took 0.07s.
took 0.07s.
took 0.07s.
Doing Chemistry...
took  0.1 s.
Number of non-converged points: 642 of 1000000 ( 0.064 % ), Relative change in ionfrac:  7.17e-05
Multiple source convergence reached after 7 ray-tracing iterations.
Mean-free-path for photons at z = 12.151 (Worseck+ 2014): 1.020e+01 cMpc
This corresponds to 10.199 grid cells.
Rank=1: 82861 sources.
Rank=2: 82861 sources.
Rank=1: Copied source data to device.
Rank=0: 82861 sources.
Rank=2: Copied source data to device.
Rank=3: 82861 sources.
Rank=0: Copied source data to device.
Rank=3: Copied source data to device.
Rank=1: Doing Raytracing...
Rank=2: Doing Raytracing...
Calling evolve3D...
dr [Mpc]: 7.603e-02
dt [years]: 5.292e+06
Running on 82861 source(s), total normalized ionizing flux: 1.03e+08
Mean density (cgs): 1.321e-04, Mean ionized fraction: 6.917e-02
Convergence Criterion (Number of points):  100

Rank=0: Doing Raytracing...
Rank=3: Doing Raytracing...
took 0.07s.
took 0.07s.
took 0.07s.
took 0.07s.
Doing Chemistry...
took  0.1 s.
Number of non-converged points: 376793 of 1000000 ( 37.679 % ), Relative change in ionfrac:  2.52e+01
Rank=0: Doing Raytracing...
Rank=1: Doing Raytracing...
Rank=2: Doing Raytracing...
Rank=3: Doing Raytracing...
took 0.07s.
took 0.07s.
took 0.07s.
took 0.07s.
Doing Chemistry...
took  0.1 s.
Number of non-converged points: 55632 of 1000000 ( 5.563 % ), Relative change in ionfrac:  6.03e-03
Rank=0: Doing Raytracing...
Rank=1: Doing Raytracing...
Rank=2: Doing Raytracing...
Rank=3: Doing Raytracing...
took 0.07s.
took 0.07s.
took 0.07s.
took 0.07s.
Doing Chemistry...
took  0.1 s.
Number of non-converged points: 14940 of 1000000 ( 1.494 % ), Relative change in ionfrac:  1.36e-03
Rank=0: Doing Raytracing...
Rank=2: Doing Raytracing...
Rank=1: Doing Raytracing...
Rank=3: Doing Raytracing...
took 0.07s.
took 0.07s.
took 0.07s.
took 0.07s.
Doing Chemistry...
took  0.1 s.
Number of non-converged points: 6006 of 1000000 ( 0.601 % ), Relative change in ionfrac:  5.06e-04
Rank=0: Doing Raytracing...
Rank=1: Doing Raytracing...
Rank=2: Doing Raytracing...
Rank=3: Doing Raytracing...
took 0.07s.
took 0.07s.
took 0.07s.
took 0.07s.
Doing Chemistry...
took  0.1 s.
Number of non-converged points: 2652 of 1000000 ( 0.265 % ), Relative change in ionfrac:  2.29e-04
Rank=0: Doing Raytracing...
Rank=1: Doing Raytracing...
Rank=2: Doing Raytracing...
Rank=3: Doing Raytracing...
took 0.07s.
took 0.07s.
took 0.07s.
took 0.07s.
Doing Chemistry...
took  0.1 s.
Number of non-converged points: 1198 of 1000000 ( 0.120 % ), Relative change in ionfrac:  1.15e-04
Rank=0: Doing Raytracing...
Rank=1: Doing Raytracing...
Rank=2: Doing Raytracing...
Rank=3: Doing Raytracing...
took 0.07s.
took 0.07s.
took 0.07s.
took 0.07s.
Doing Chemistry...
took  0.1 s.
Number of non-converged points: 595 of 1000000 ( 0.060 % ), Relative change in ionfrac:  6.15e-05
Multiple source convergence reached after 7 ray-tracing iterations.

---- Reading density file:
  /capstor/scratch/cscs/cprior/CDM_100Mpc_2048/grids/nc100/CDM_100Mpc_2048.00024.ovrden.npy
 min, mean and max density : 5.134e-05  1.533e-04  8.346e-04 [1/cm3]
Rank=1: 90727 sources.
Rank=1: Copied source data to device.
Rank=1: Doing Raytracing...

---- Reading source file with total of 362909 ionizing source:
CDM_100Mpc_2048.00024.halo.txt
 Total Flux : 1.189944e+56 [1/s]
 Total number of ionizing photons : 1.990545e+70
 Source lifetime : 45.874862 Myr
 min, max stellar (grid) mass : 1.214e+04  1.323e+08 [Msun] and min, mean, max number of ionising sources : 1.994e+49  3.279e+50  2.174e+53 [1/s]

--- Reionization History ----
 min, mean, max xHII : 2.00150e-04  7.70442e-02  9.99983e-01
 min, mean, max Irate : 1.91006e-24  2.51674e-15  5.20338e-12 [1/s]
 min, mean, max density : 5.13423e-05  1.53347e-04  8.34598e-04 [1/cm3]
Rank=2: 90727 sources.
Rank=2: Copied source data to device.
Rank=2: Doing Raytracing...
Mean-free-path for photons at z = 12.024 (Worseck+ 2014): 1.020e+01 cMpc
This corresponds to 10.202 grid cells.
Rank=0: 90727 sources.
Rank=3: 90728 sources.
Rank=0: Copied source data to device.
Rank=3: Copied source data to device.
Calling evolve3D...
dr [Mpc]: 7.678e-02
dt [years]: 5.301e+06
Running on 90727 source(s), total normalized ionizing flux: 1.19e+08
Mean density (cgs): 1.283e-04, Mean ionized fraction: 7.704e-02
Convergence Criterion (Number of points):  100

Rank=0: Doing Raytracing...
Rank=3: Doing Raytracing...
took 0.08s.
took 0.08s.
took 0.08s.
took 0.08s.
Doing Chemistry...
took  0.1 s.
Number of non-converged points: 406224 of 1000000 ( 40.622 % ), Relative change in ionfrac:  2.24e+01
Rank=0: Doing Raytracing...
Rank=2: Doing Raytracing...
Rank=1: Doing Raytracing...
Rank=3: Doing Raytracing...
took 0.08s.
took 0.08s.
took 0.08s.
took 0.08s.
Doing Chemistry...
took  0.1 s.
Number of non-converged points: 70496 of 1000000 ( 7.050 % ), Relative change in ionfrac:  6.99e-03
Rank=0: Doing Raytracing...
Rank=1: Doing Raytracing...
Rank=2: Doing Raytracing...
Rank=3: Doing Raytracing...
took 0.08s.
took 0.08s.
took 0.08s.
took 0.08s.
Doing Chemistry...
took  0.1 s.
Number of non-converged points: 19970 of 1000000 ( 1.997 % ), Relative change in ionfrac:  1.62e-03
Rank=0: Doing Raytracing...
Rank=1: Doing Raytracing...
Rank=2: Doing Raytracing...
Rank=3: Doing Raytracing...
took 0.08s.
took 0.08s.
took 0.08s.
took 0.08s.
Doing Chemistry...
took  0.1 s.
Number of non-converged points: 8091 of 1000000 ( 0.809 % ), Relative change in ionfrac:  6.04e-04
Rank=0: Doing Raytracing...
Rank=2: Doing Raytracing...
Rank=1: Doing Raytracing...
Rank=3: Doing Raytracing...
took 0.08s.
took 0.08s.
took 0.08s.
took 0.08s.
Doing Chemistry...
took  0.1 s.
Number of non-converged points: 3754 of 1000000 ( 0.375 % ), Relative change in ionfrac:  2.75e-04
Rank=0: Doing Raytracing...
Rank=1: Doing Raytracing...
Rank=2: Doing Raytracing...
Rank=3: Doing Raytracing...
took 0.08s.
took 0.08s.
took 0.08s.
took 0.08s.
Doing Chemistry...
took  0.1 s.
Number of non-converged points: 1806 of 1000000 ( 0.181 % ), Relative change in ionfrac:  1.39e-04
Rank=0: Doing Raytracing...
Rank=1: Doing Raytracing...
Rank=2: Doing Raytracing...
Rank=3: Doing Raytracing...
took 0.08s.
took 0.08s.
took 0.08s.
took 0.08s.
Doing Chemistry...
took  0.1 s.
Number of non-converged points: 907 of 1000000 ( 0.091 % ), Relative change in ionfrac:  7.58e-05
Multiple source convergence reached after 7 ray-tracing iterations.
Mean-free-path for photons at z = 11.899 (Worseck+ 2014): 1.021e+01 cMpc
This corresponds to 10.206 grid cells.
Rank=1: 90727 sources.
Rank=0: 90727 sources.
Rank=2: 90727 sources.
Rank=1: Copied source data to device.
Rank=2: Copied source data to device.
Rank=3: 90728 sources.
Rank=0: Copied source data to device.
Rank=3: Copied source data to device.
Rank=1: Doing Raytracing...
Rank=2: Doing Raytracing...
Calling evolve3D...
dr [Mpc]: 7.752e-02
dt [years]: 5.301e+06
Running on 90727 source(s), total normalized ionizing flux: 1.19e+08
Mean density (cgs): 1.247e-04, Mean ionized fraction: 8.627e-02
Convergence Criterion (Number of points):  100

Rank=3: Doing Raytracing...
Rank=0: Doing Raytracing...
took 0.08s.
took 0.08s.
took 0.08s.
took 0.08s.
Doing Chemistry...
took  0.1 s.
Number of non-converged points: 414353 of 1000000 ( 41.435 % ), Relative change in ionfrac:  2.01e+01
Rank=0: Doing Raytracing...
Rank=1: Doing Raytracing...
Rank=2: Doing Raytracing...
Rank=3: Doing Raytracing...
took 0.08s.
took 0.08s.
took 0.08s.
took 0.08s.
Doing Chemistry...
took  0.1 s.
Number of non-converged points: 69879 of 1000000 ( 6.988 % ), Relative change in ionfrac:  6.13e-03
Rank=0: Doing Raytracing...
Rank=1: Doing Raytracing...
Rank=2: Doing Raytracing...
Rank=3: Doing Raytracing...
took 0.08s.
took 0.08s.
took 0.08s.
took 0.08s.
Doing Chemistry...
took  0.1 s.
Number of non-converged points: 20175 of 1000000 ( 2.018 % ), Relative change in ionfrac:  1.44e-03
Rank=0: Doing Raytracing...
Rank=1: Doing Raytracing...
Rank=2: Doing Raytracing...
Rank=3: Doing Raytracing...
took 0.08s.
took 0.08s.
took 0.08s.
took 0.08s.
Doing Chemistry...
took  0.1 s.
Number of non-converged points: 7977 of 1000000 ( 0.798 % ), Relative change in ionfrac:  5.39e-04
Rank=0: Doing Raytracing...
Rank=1: Doing Raytracing...
Rank=2: Doing Raytracing...
Rank=3: Doing Raytracing...
took 0.08s.
took 0.08s.
took 0.08s.
took 0.08s.
Doing Chemistry...
took  0.1 s.
Number of non-converged points: 3551 of 1000000 ( 0.355 % ), Relative change in ionfrac:  2.42e-04
Rank=0: Doing Raytracing...
Rank=1: Doing Raytracing...
Rank=2: Doing Raytracing...
Rank=3: Doing Raytracing...
took 0.08s.
took 0.08s.
took 0.08s.
took 0.08s.
Doing Chemistry...
took  0.1 s.
Number of non-converged points: 1672 of 1000000 ( 0.167 % ), Relative change in ionfrac:  1.21e-04
Rank=0: Doing Raytracing...
Rank=1: Doing Raytracing...
Rank=2: Doing Raytracing...
Rank=3: Doing Raytracing...
took 0.08s.
took 0.08s.
took 0.08s.
took 0.08s.
Doing Chemistry...
took  0.1 s.
Number of non-converged points: 791 of 1000000 ( 0.079 % ), Relative change in ionfrac:  6.46e-05
Multiple source convergence reached after 7 ray-tracing iterations.

---- Reading density file:
  /capstor/scratch/cscs/cprior/CDM_100Mpc_2048/grids/nc100/CDM_100Mpc_2048.00025.ovrden.npy
 min, mean and max density : 4.624e-05  1.441e-04  8.183e-04 [1/cm3]
Rank=1: 98319 sources.
Rank=1: Copied source data to device.
Rank=1: Doing Raytracing...

---- Reading source file with total of 393277 ionizing source:
CDM_100Mpc_2048.00025.halo.txt
 Total Flux : 1.364115e+56 [1/s]
 Total number of ionizing photons : 2.284108e+70
 Source lifetime : 48.328609 Myr
 min, max stellar (grid) mass : 1.214e+04  1.470e+08 [Msun] and min, mean, max number of ionising sources : 1.893e+49  3.469e+50  2.292e+53 [1/s]

--- Reionization History ----
 min, mean, max xHII : 2.00157e-04  9.55490e-02  9.99985e-01
 min, mean, max Irate : 3.06557e-24  3.42982e-15  5.84830e-12 [1/s]
 min, mean, max density : 4.62355e-05  1.44055e-04  8.18337e-04 [1/cm3]
Rank=2: 98319 sources.
Mean-free-path for photons at z = 11.777 (Worseck+ 2014): 1.021e+01 cMpc
This corresponds to 10.209 grid cells.
Rank=2: Copied source data to device.
Rank=2: Doing Raytracing...
Rank=3: 98320 sources.
Rank=0: 98319 sources.
Rank=3: Copied source data to device.
Rank=0: Copied source data to device.
Rank=3: Doing Raytracing...
Calling evolve3D...
dr [Mpc]: 7.825e-02
dt [years]: 5.306e+06
Running on 98319 source(s), total normalized ionizing flux: 1.36e+08
Mean density (cgs): 1.212e-04, Mean ionized fraction: 9.555e-02
Convergence Criterion (Number of points):  100

Rank=0: Doing Raytracing...
took 0.09s.
took 0.09s.
took 0.09s.
took 0.09s.
Doing Chemistry...
took  0.1 s.
Number of non-converged points: 441340 of 1000000 ( 44.134 % ), Relative change in ionfrac:  1.80e+01
Rank=0: Doing Raytracing...
Rank=1: Doing Raytracing...
Rank=2: Doing Raytracing...
Rank=3: Doing Raytracing...
took 0.09s.
took 0.09s.
took 0.09s.
took 0.09s.
Doing Chemistry...
took  0.1 s.
Number of non-converged points: 85417 of 1000000 ( 8.542 % ), Relative change in ionfrac:  6.99e-03
Rank=0: Doing Raytracing...
Rank=1: Doing Raytracing...
Rank=2: Doing Raytracing...
Rank=3: Doing Raytracing...
took 0.09s.
took 0.09s.
took 0.09s.
took 0.09s.
Doing Chemistry...
took  0.1 s.
Number of non-converged points: 25577 of 1000000 ( 2.558 % ), Relative change in ionfrac:  1.66e-03
Rank=0: Doing Raytracing...
Rank=1: Doing Raytracing...
Rank=2: Doing Raytracing...
Rank=3: Doing Raytracing...
took 0.09s.
took 0.09s.
took 0.09s.
took 0.09s.
Doing Chemistry...
took  0.1 s.
Number of non-converged points: 10740 of 1000000 ( 1.074 % ), Relative change in ionfrac:  6.24e-04
Rank=0: Doing Raytracing...
Rank=2: Doing Raytracing...
Rank=3: Doing Raytracing...
Rank=1: Doing Raytracing...
took 0.09s.
took 0.09s.
took 0.09s.
took 0.09s.
Doing Chemistry...
took  0.1 s.
Number of non-converged points: 4830 of 1000000 ( 0.483 % ), Relative change in ionfrac:  2.84e-04
Rank=0: Doing Raytracing...
Rank=1: Doing Raytracing...
Rank=2: Doing Raytracing...
Rank=3: Doing Raytracing...
took 0.09s.
took 0.09s.
took 0.09s.
took 0.09s.
Doing Chemistry...
took  0.1 s.
Number of non-converged points: 2330 of 1000000 ( 0.233 % ), Relative change in ionfrac:  1.43e-04
Rank=0: Doing Raytracing...
Rank=1: Doing Raytracing...
Rank=2: Doing Raytracing...
Rank=3: Doing Raytracing...
took 0.09s.
took 0.09s.
took 0.09s.
took 0.09s.
Doing Chemistry...
took  0.1 s.
Number of non-converged points: 1199 of 1000000 ( 0.120 % ), Relative change in ionfrac:  7.77e-05
Multiple source convergence reached after 7 ray-tracing iterations.
Mean-free-path for photons at z = 11.659 (Worseck+ 2014): 1.021e+01 cMpc
This corresponds to 10.213 grid cells.
Rank=0: 98319 sources.
Rank=1: 98319 sources.
Rank=0: Copied source data to device.
Rank=3: 98320 sources.
Rank=1: Copied source data to device.
Rank=2: 98319 sources.
Rank=3: Copied source data to device.
Rank=2: Copied source data to device.
Calling evolve3D...
dr [Mpc]: 7.899e-02
dt [years]: 5.306e+06
Running on 98319 source(s), total normalized ionizing flux: 1.36e+08
Mean density (cgs): 1.178e-04, Mean ionized fraction: 1.063e-01
Convergence Criterion (Number of points):  100

Rank=1: Doing Raytracing...
Rank=0: Doing Raytracing...
Rank=3: Doing Raytracing...
Rank=2: Doing Raytracing...
took 0.09s.
took 0.09s.
took 0.09s.
took 0.09s.
Doing Chemistry...
took  0.1 s.
Number of non-converged points: 449240 of 1000000 ( 44.924 % ), Relative change in ionfrac:  1.62e+01
Rank=0: Doing Raytracing...
Rank=1: Doing Raytracing...
Rank=2: Doing Raytracing...
Rank=3: Doing Raytracing...
took 0.09s.
took 0.09s.
took 0.09s.
took 0.09s.
Doing Chemistry...
took  0.1 s.
Number of non-converged points: 85860 of 1000000 ( 8.586 % ), Relative change in ionfrac:  6.23e-03
Rank=0: Doing Raytracing...
Rank=1: Doing Raytracing...
Rank=2: Doing Raytracing...
Rank=3: Doing Raytracing...
took 0.09s.
took 0.09s.
took 0.09s.
took 0.09s.
Doing Chemistry...
took  0.1 s.
Number of non-converged points: 26074 of 1000000 ( 2.607 % ), Relative change in ionfrac:  1.50e-03
Rank=0: Doing Raytracing...
Rank=1: Doing Raytracing...
Rank=2: Doing Raytracing...
Rank=3: Doing Raytracing...
took 0.09s.
took 0.09s.
took 0.09s.
took 0.09s.
Doing Chemistry...
took  0.1 s.
Number of non-converged points: 10654 of 1000000 ( 1.065 % ), Relative change in ionfrac:  5.67e-04
Rank=0: Doing Raytracing...
Rank=2: Doing Raytracing...
Rank=3: Doing Raytracing...
Rank=1: Doing Raytracing...
took 0.09s.
took 0.09s.
took 0.09s.
took 0.09s.
Doing Chemistry...
took  0.1 s.
Number of non-converged points: 4752 of 1000000 ( 0.475 % ), Relative change in ionfrac:  2.57e-04
Rank=0: Doing Raytracing...
Rank=1: Doing Raytracing...
Rank=2: Doing Raytracing...
Rank=3: Doing Raytracing...
took 0.09s.
took 0.09s.
took 0.09s.
took 0.09s.
Doing Chemistry...
took  0.1 s.
Number of non-converged points: 2239 of 1000000 ( 0.224 % ), Relative change in ionfrac:  1.29e-04
Rank=0: Doing Raytracing...
Rank=1: Doing Raytracing...
Rank=2: Doing Raytracing...
Rank=3: Doing Raytracing...
took 0.09s.
took 0.09s.
took 0.09s.
took 0.09s.
Doing Chemistry...
took  0.1 s.
Number of non-converged points: 1148 of 1000000 ( 0.115 % ), Relative change in ionfrac:  6.96e-05
Multiple source convergence reached after 7 ray-tracing iterations.

---- Reading density file:
  /capstor/scratch/cscs/cprior/CDM_100Mpc_2048/grids/nc100/CDM_100Mpc_2048.00026.ovrden.npy
 min, mean and max density : 4.233e-05  1.356e-04  8.043e-04 [1/cm3]
Rank=2: 105633 sources.
Rank=1: 105633 sources.
Rank=2: Copied source data to device.
Rank=1: Copied source data to device.
Rank=2: Doing Raytracing...
Rank=1: Doing Raytracing...

---- Reading source file with total of 422534 ionizing source:
CDM_100Mpc_2048.00026.halo.txt
 Total Flux : 1.545602e+56 [1/s]
 Total number of ionizing photons : 2.589761e+70
 Source lifetime : 50.835546 Myr
 min, max stellar (grid) mass : 1.214e+04  1.685e+08 [Msun] and min, mean, max number of ionising sources : 1.799e+49  3.658e+50  2.497e+53 [1/s]

--- Reionization History ----
 min, mean, max xHII : 2.00170e-04  1.17111e-01  9.99986e-01
 min, mean, max Irate : 5.64560e-24  4.63056e-15  6.23160e-12 [1/s]
 min, mean, max density : 4.23300e-05  1.35575e-04  8.04349e-04 [1/cm3]
Mean-free-path for photons at z = 11.542 (Worseck+ 2014): 1.022e+01 cMpc
This corresponds to 10.217 grid cells.
Rank=0: 105633 sources.
Rank=0: Copied source data to device.
Calling evolve3D...
dr [Mpc]: 7.972e-02
dt [years]: 5.310e+06
Running on 105633 source(s), total normalized ionizing flux: 1.55e+08
Mean density (cgs): 1.146e-04, Mean ionized fraction: 1.171e-01
Convergence Criterion (Number of points):  100

Rank=0: Doing Raytracing...
Rank=3: 105635 sources.
Rank=3: Copied source data to device.
Rank=3: Doing Raytracing...
took 0.09s.
took 0.09s.
took 0.09s.
took 0.10s.
Doing Chemistry...
took  0.1 s.
Number of non-converged points: 474143 of 1000000 ( 47.414 % ), Relative change in ionfrac:  1.46e+01
Rank=0: Doing Raytracing...
Rank=1: Doing Raytracing...
Rank=2: Doing Raytracing...
Rank=3: Doing Raytracing...
took 0.09s.
took 0.09s.
took 0.09s.
took 0.09s.
Doing Chemistry...
took  0.1 s.
Number of non-converged points: 103811 of 1000000 ( 10.381 % ), Relative change in ionfrac:  7.05e-03
Rank=0: Doing Raytracing...
Rank=1: Doing Raytracing...
Rank=2: Doing Raytracing...
Rank=3: Doing Raytracing...
took 0.09s.
took 0.09s.
took 0.09s.
took 0.09s.
Doing Chemistry...
took  0.1 s.
Number of non-converged points: 32984 of 1000000 ( 3.298 % ), Relative change in ionfrac:  1.73e-03
Rank=0: Doing Raytracing...
Rank=1: Doing Raytracing...
Rank=2: Doing Raytracing...
Rank=3: Doing Raytracing...
took 0.09s.
took 0.09s.
took 0.09s.
took 0.09s.
Doing Chemistry...
took  0.1 s.
Number of non-converged points: 13940 of 1000000 ( 1.394 % ), Relative change in ionfrac:  6.57e-04
Rank=0: Doing Raytracing...
Rank=2: Doing Raytracing...
Rank=3: Doing Raytracing...
Rank=1: Doing Raytracing...
took 0.09s.
took 0.09s.
took 0.09s.
took 0.09s.
Doing Chemistry...
took  0.1 s.
Number of non-converged points: 6483 of 1000000 ( 0.648 % ), Relative change in ionfrac:  2.99e-04
Rank=0: Doing Raytracing...
Rank=2: Doing Raytracing...
Rank=3: Doing Raytracing...
Rank=1: Doing Raytracing...
took 0.09s.
took 0.09s.
took 0.09s.
took 0.09s.
Doing Chemistry...
took  0.1 s.
Number of non-converged points: 3070 of 1000000 ( 0.307 % ), Relative change in ionfrac:  1.51e-04
Rank=0: Doing Raytracing...
Rank=2: Doing Raytracing...
Rank=1: Doing Raytracing...
Rank=3: Doing Raytracing...
took 0.09s.
took 0.09s.
took 0.09s.
took 0.09s.
Doing Chemistry...
took  0.1 s.
Number of non-converged points: 1572 of 1000000 ( 0.157 % ), Relative change in ionfrac:  8.19e-05
Multiple source convergence reached after 7 ray-tracing iterations.
Mean-free-path for photons at z = 11.429 (Worseck+ 2014): 1.022e+01 cMpc
This corresponds to 10.222 grid cells.
Rank=1: 105633 sources.
Rank=2: 105633 sources.
Rank=3: 105635 sources.
Rank=1: Copied source data to device.
Rank=2: Copied source data to device.
Rank=3: Copied source data to device.
Rank=0: 105633 sources.
Rank=1: Doing Raytracing...
Rank=2: Doing Raytracing...
Rank=0: Copied source data to device.
Rank=3: Doing Raytracing...
Calling evolve3D...
dr [Mpc]: 8.045e-02
dt [years]: 5.310e+06
Running on 105633 source(s), total normalized ionizing flux: 1.55e+08
Mean density (cgs): 1.115e-04, Mean ionized fraction: 1.295e-01
Convergence Criterion (Number of points):  100

Rank=0: Doing Raytracing...
took 0.09s.
took 0.09s.
took 0.09s.
took 0.09s.
Doing Chemistry...
took  0.1 s.
Number of non-converged points: 481223 of 1000000 ( 48.122 % ), Relative change in ionfrac:  1.32e+01
Rank=0: Doing Raytracing...
Rank=2: Doing Raytracing...
Rank=3: Doing Raytracing...
Rank=1: Doing Raytracing...
took 0.09s.
took 0.09s.
took 0.09s.
took 0.09s.
Doing Chemistry...
took  0.1 s.
Number of non-converged points: 104243 of 1000000 ( 10.424 % ), Relative change in ionfrac:  6.34e-03
Rank=0: Doing Raytracing...
Rank=1: Doing Raytracing...
Rank=2: Doing Raytracing...
Rank=3: Doing Raytracing...
took 0.09s.
took 0.09s.
took 0.09s.
took 0.09s.
Doing Chemistry...
took  0.1 s.
Number of non-converged points: 34008 of 1000000 ( 3.401 % ), Relative change in ionfrac:  1.59e-03
Rank=0: Doing Raytracing...
Rank=1: Doing Raytracing...
Rank=2: Doing Raytracing...
Rank=3: Doing Raytracing...
took 0.09s.
took 0.09s.
took 0.09s.
took 0.09s.
Doing Chemistry...
took  0.1 s.
Number of non-converged points: 14261 of 1000000 ( 1.426 % ), Relative change in ionfrac:  6.06e-04
Rank=0: Doing Raytracing...
Rank=1: Doing Raytracing...
Rank=2: Doing Raytracing...
Rank=3: Doing Raytracing...
took 0.09s.
took 0.09s.
took 0.09s.
took 0.09s.
Doing Chemistry...
took  0.1 s.
Number of non-converged points: 6282 of 1000000 ( 0.628 % ), Relative change in ionfrac:  2.74e-04
Rank=0: Doing Raytracing...
Rank=1: Doing Raytracing...
Rank=2: Doing Raytracing...
Rank=3: Doing Raytracing...
took 0.09s.
took 0.09s.
took 0.09s.
took 0.09s.
Doing Chemistry...
took  0.1 s.
Number of non-converged points: 3032 of 1000000 ( 0.303 % ), Relative change in ionfrac:  1.37e-04
Rank=0: Doing Raytracing...
Rank=1: Doing Raytracing...
Rank=2: Doing Raytracing...
Rank=3: Doing Raytracing...
took 0.09s.
took 0.09s.
took 0.09s.
took 0.09s.
Doing Chemistry...
took  0.1 s.
Number of non-converged points: 1564 of 1000000 ( 0.156 % ), Relative change in ionfrac:  7.36e-05
Multiple source convergence reached after 7 ray-tracing iterations.

---- Reading density file:
  /capstor/scratch/cscs/cprior/CDM_100Mpc_2048/grids/nc100/CDM_100Mpc_2048.00027.ovrden.npy
 min, mean and max density : 3.967e-05  1.278e-04  7.932e-04 [1/cm3]
Rank=1: 112594 sources.
Rank=1: Copied source data to device.
Rank=1: Doing Raytracing...

---- Reading source file with total of 450376 ionizing source:
CDM_100Mpc_2048.00027.halo.txt
 Total Flux : 1.735419e+56 [1/s]
 Total number of ionizing photons : 2.910134e+70
 Source lifetime : 53.394568 Myr
 min, max stellar (grid) mass : 1.214e+04  1.820e+08 [Msun] and min, mean, max number of ionising sources : 1.713e+49  3.853e+50  2.568e+53 [1/s]

--- Reionization History ----
 min, mean, max xHII : 2.00180e-04  1.41983e-01  9.99988e-01
 min, mean, max Irate : 8.22811e-24  6.18974e-15  6.57100e-12 [1/s]
 min, mean, max density : 3.96698e-05  1.27817e-04  7.93246e-04 [1/cm3]
Mean-free-path for photons at z = 11.318 (Worseck+ 2014): 1.023e+01 cMpc
This corresponds to 10.227 grid cells.
Rank=2: 112594 sources.
Rank=2: Copied source data to device.
Rank=0: 112594 sources.
Rank=2: Doing Raytracing...
Rank=0: Copied source data to device.
Calling evolve3D...
dr [Mpc]: 8.118e-02
dt [years]: 5.314e+06
Running on 112594 source(s), total normalized ionizing flux: 1.74e+08
Mean density (cgs): 1.086e-04, Mean ionized fraction: 1.420e-01
Convergence Criterion (Number of points):  100

Rank=0: Doing Raytracing...
Rank=3: 112594 sources.
Rank=3: Copied source data to device.
Rank=3: Doing Raytracing...
took 0.11s.
took 0.10s.
took 0.10s.
took 0.10s.
Doing Chemistry...
took  0.1 s.
Number of non-converged points: 503346 of 1000000 ( 50.335 % ), Relative change in ionfrac:  1.19e+01
Rank=0: Doing Raytracing...
Rank=2: Doing Raytracing...
Rank=1: Doing Raytracing...
Rank=3: Doing Raytracing...
took 0.10s.
took 0.10s.
took 0.10s.
took 0.10s.
Doing Chemistry...
took  0.1 s.
Number of non-converged points: 123322 of 1000000 ( 12.332 % ), Relative change in ionfrac:  7.14e-03
Rank=0: Doing Raytracing...
Rank=1: Doing Raytracing...
Rank=3: Doing Raytracing...
Rank=2: Doing Raytracing...
took 0.10s.
took 0.10s.
took 0.10s.
took 0.10s.
Doing Chemistry...
took  0.1 s.
Number of non-converged points: 42196 of 1000000 ( 4.220 % ), Relative change in ionfrac:  1.81e-03
Rank=0: Doing Raytracing...
Rank=1: Doing Raytracing...
Rank=2: Doing Raytracing...
Rank=3: Doing Raytracing...
took 0.10s.
took 0.10s.
took 0.10s.
took 0.10s.
Doing Chemistry...
took  0.1 s.
Number of non-converged points: 18674 of 1000000 ( 1.867 % ), Relative change in ionfrac:  7.07e-04
Rank=0: Doing Raytracing...
Rank=1: Doing Raytracing...
Rank=2: Doing Raytracing...
Rank=3: Doing Raytracing...
took 0.10s.
took 0.10s.
took 0.10s.
took 0.10s.
Doing Chemistry...
took  0.1 s.
Number of non-converged points: 8897 of 1000000 ( 0.890 % ), Relative change in ionfrac:  3.29e-04
Rank=0: Doing Raytracing...
Rank=1: Doing Raytracing...
Rank=2: Doing Raytracing...
Rank=3: Doing Raytracing...
took 0.10s.
took 0.10s.
took 0.10s.
took 0.10s.
Doing Chemistry...
took  0.1 s.
Number of non-converged points: 4448 of 1000000 ( 0.445 % ), Relative change in ionfrac:  1.69e-04
Rank=0: Doing Raytracing...
Rank=1: Doing Raytracing...
Rank=2: Doing Raytracing...
Rank=3: Doing Raytracing...
took 0.10s.
took 0.10s.
took 0.10s.
took 0.10s.
Doing Chemistry...
took  0.1 s.
Number of non-converged points: 2299 of 1000000 ( 0.230 % ), Relative change in ionfrac:  9.26e-05
Multiple source convergence reached after 7 ray-tracing iterations.
Mean-free-path for photons at z = 11.209 (Worseck+ 2014): 1.023e+01 cMpc
This corresponds to 10.232 grid cells.
Rank=1: 112594 sources.
Rank=2: 112594 sources.
Rank=3: 112594 sources.
Rank=1: Copied source data to device.
Rank=0: 112594 sources.
Rank=3: Copied source data to device.
Rank=2: Copied source data to device.
Rank=0: Copied source data to device.
Rank=1: Doing Raytracing...
Rank=3: Doing Raytracing...
Rank=2: Doing Raytracing...
Calling evolve3D...
dr [Mpc]: 8.190e-02
dt [years]: 5.314e+06
Running on 112594 source(s), total normalized ionizing flux: 1.74e+08
Mean density (cgs): 1.057e-04, Mean ionized fraction: 1.562e-01
Convergence Criterion (Number of points):  100

Rank=0: Doing Raytracing...
took 0.10s.
took 0.10s.
took 0.10s.
took 0.10s.
Doing Chemistry...
took  0.1 s.
Number of non-converged points: 509359 of 1000000 ( 50.936 % ), Relative change in ionfrac:  1.08e+01
Rank=0: Doing Raytracing...
Rank=1: Doing Raytracing...
Rank=2: Doing Raytracing...
Rank=3: Doing Raytracing...
took 0.10s.
took 0.10s.
took 0.10s.
took 0.10s.
Doing Chemistry...
took  0.1 s.
Number of non-converged points: 124460 of 1000000 ( 12.446 % ), Relative change in ionfrac:  6.51e-03
Rank=0: Doing Raytracing...
Rank=2: Doing Raytracing...
Rank=3: Doing Raytracing...
Rank=1: Doing Raytracing...
took 0.10s.
took 0.10s.
took 0.10s.
took 0.10s.
Doing Chemistry...
took  0.1 s.
Number of non-converged points: 42932 of 1000000 ( 4.293 % ), Relative change in ionfrac:  1.67e-03
Rank=0: Doing Raytracing...
Rank=1: Doing Raytracing...
Rank=2: Doing Raytracing...
Rank=3: Doing Raytracing...
took 0.10s.
took 0.10s.
took 0.10s.
took 0.10s.
Doing Chemistry...
took  0.1 s.
Number of non-converged points: 18774 of 1000000 ( 1.877 % ), Relative change in ionfrac:  6.41e-04
Rank=0: Doing Raytracing...
Rank=1: Doing Raytracing...
Rank=2: Doing Raytracing...
Rank=3: Doing Raytracing...
took 0.10s.
took 0.10s.
took 0.10s.
took 0.10s.
Doing Chemistry...
took  0.1 s.
Number of non-converged points: 8726 of 1000000 ( 0.873 % ), Relative change in ionfrac:  2.94e-04
Rank=0: Doing Raytracing...
Rank=1: Doing Raytracing...
Rank=2: Doing Raytracing...
Rank=3: Doing Raytracing...
took 0.10s.
took 0.10s.
took 0.10s.
took 0.10s.
Doing Chemistry...
took  0.1 s.
Number of non-converged points: 4241 of 1000000 ( 0.424 % ), Relative change in ionfrac:  1.49e-04
Rank=0: Doing Raytracing...
Rank=1: Doing Raytracing...
Rank=2: Doing Raytracing...
Rank=3: Doing Raytracing...
took 0.10s.
took 0.10s.
took 0.10s.
took 0.10s.
Doing Chemistry...
took  0.1 s.
Number of non-converged points: 2205 of 1000000 ( 0.221 % ), Relative change in ionfrac:  8.11e-05
Multiple source convergence reached after 7 ray-tracing iterations.

---- Reading density file:
  /capstor/scratch/cscs/cprior/CDM_100Mpc_2048/grids/nc100/CDM_100Mpc_2048.00028.ovrden.npy
 min, mean and max density : 3.726e-05  1.207e-04  7.890e-04 [1/cm3]
Rank=1: 119247 sources.
Rank=1: Copied source data to device.
Rank=1: Doing Raytracing...

---- Reading source file with total of 476988 ionizing source:
CDM_100Mpc_2048.00028.halo.txt
 Total Flux : 1.932338e+56 [1/s]
 Total number of ionizing photons : 3.230630e+70
 Source lifetime : 56.005585 Myr
 min, max stellar (grid) mass : 1.214e+04  1.999e+08 [Msun] and min, mean, max number of ionising sources : 1.633e+49  4.051e+50  2.689e+53 [1/s]

--- Reionization History ----
 min, mean, max xHII : 2.00193e-04  1.70457e-01  9.99988e-01
 min, mean, max Irate : 1.16467e-23  8.27910e-15  6.55276e-12 [1/s]
 min, mean, max density : 3.72645e-05  1.20701e-04  7.89033e-04 [1/cm3]
Rank=2: 119247 sources.
Rank=2: Copied source data to device.
Rank=2: Doing Raytracing...
Mean-free-path for photons at z = 11.103 (Worseck+ 2014): 1.024e+01 cMpc
This corresponds to 10.238 grid cells.
Rank=0: 119247 sources.
Rank=0: Copied source data to device.
Calling evolve3D...
dr [Mpc]: 8.262e-02
dt [years]: 5.298e+06
Running on 119247 source(s), total normalized ionizing flux: 1.93e+08
Mean density (cgs): 1.030e-04, Mean ionized fraction: 1.705e-01
Convergence Criterion (Number of points):  100

Rank=0: Doing Raytracing...
Rank=3: 119247 sources.
Rank=3: Copied source data to device.
Rank=3: Doing Raytracing...
took 0.10s.
took 0.10s.
took 0.10s.
took 0.11s.
Doing Chemistry...
took  0.1 s.
Number of non-converged points: 528056 of 1000000 ( 52.806 % ), Relative change in ionfrac:  9.84e+00
Rank=0: Doing Raytracing...
Rank=3: Doing Raytracing...
Rank=1: Doing Raytracing...
Rank=2: Doing Raytracing...
took 0.10s.
took 0.10s.
took 0.10s.
took 0.10s.
Doing Chemistry...
took  0.1 s.
Number of non-converged points: 144575 of 1000000 ( 14.458 % ), Relative change in ionfrac:  7.18e-03
Rank=0: Doing Raytracing...
Rank=2: Doing Raytracing...
Rank=1: Doing Raytracing...
Rank=3: Doing Raytracing...
took 0.10s.
took 0.10s.
took 0.10s.
took 0.10s.
Doing Chemistry...
took  0.1 s.
Number of non-converged points: 52826 of 1000000 ( 5.283 % ), Relative change in ionfrac:  1.89e-03
Rank=0: Doing Raytracing...
Rank=2: Doing Raytracing...
Rank=1: Doing Raytracing...
Rank=3: Doing Raytracing...
took 0.10s.
took 0.10s.
took 0.10s.
took 0.10s.
Doing Chemistry...
took  0.1 s.
Number of non-converged points: 23744 of 1000000 ( 2.374 % ), Relative change in ionfrac:  7.40e-04
Rank=0: Doing Raytracing...
Rank=1: Doing Raytracing...
Rank=2: Doing Raytracing...
Rank=3: Doing Raytracing...
took 0.10s.
took 0.10s.
took 0.10s.
took 0.10s.
Doing Chemistry...
took  0.1 s.
Number of non-converged points: 11288 of 1000000 ( 1.129 % ), Relative change in ionfrac:  3.43e-04
Rank=0: Doing Raytracing...
Rank=1: Doing Raytracing...
Rank=2: Doing Raytracing...
Rank=3: Doing Raytracing...
took 0.10s.
took 0.10s.
took 0.10s.
took 0.10s.
Doing Chemistry...
took  0.1 s.
Number of non-converged points: 5643 of 1000000 ( 0.564 % ), Relative change in ionfrac:  1.74e-04
Rank=0: Doing Raytracing...
Rank=1: Doing Raytracing...
Rank=2: Doing Raytracing...
Rank=3: Doing Raytracing...
took 0.10s.
took 0.10s.
took 0.10s.
took 0.10s.
Doing Chemistry...
took  0.1 s.
Number of non-converged points: 2914 of 1000000 ( 0.291 % ), Relative change in ionfrac:  9.51e-05
Multiple source convergence reached after 7 ray-tracing iterations.
Mean-free-path for photons at z = 10.999 (Worseck+ 2014): 1.024e+01 cMpc
This corresponds to 10.244 grid cells.
Rank=3: 119247 sources.
Rank=2: 119247 sources.
Rank=0: 119247 sources.
Rank=1: 119247 sources.
Rank=3: Copied source data to device.
Rank=2: Copied source data to device.
Rank=0: Copied source data to device.
Rank=1: Copied source data to device.
Rank=3: Doing Raytracing...
Calling evolve3D...
dr [Mpc]: 8.333e-02
dt [years]: 5.298e+06
Running on 119247 source(s), total normalized ionizing flux: 1.93e+08
Mean density (cgs): 1.003e-04, Mean ionized fraction: 1.865e-01
Convergence Criterion (Number of points):  100

Rank=0: Doing Raytracing...
Rank=2: Doing Raytracing...
Rank=1: Doing Raytracing...
took 0.10s.
took 0.10s.
took 0.10s.
took 0.10s.
Doing Chemistry...
took  0.1 s.
Number of non-converged points: 532168 of 1000000 ( 53.217 % ), Relative change in ionfrac:  8.96e+00
Rank=0: Doing Raytracing...
Rank=2: Doing Raytracing...
Rank=1: Doing Raytracing...
Rank=3: Doing Raytracing...
took 0.10s.
took 0.10s.
took 0.10s.
took 0.10s.
Doing Chemistry...
took  0.1 s.
Number of non-converged points: 145124 of 1000000 ( 14.512 % ), Relative change in ionfrac:  6.57e-03
Rank=0: Doing Raytracing...
Rank=1: Doing Raytracing...
Rank=2: Doing Raytracing...
Rank=3: Doing Raytracing...
took 0.10s.
took 0.10s.
took 0.10s.
took 0.10s.
Doing Chemistry...
took  0.1 s.
Number of non-converged points: 53135 of 1000000 ( 5.314 % ), Relative change in ionfrac:  1.72e-03
Rank=0: Doing Raytracing...
Rank=2: Doing Raytracing...
Rank=3: Doing Raytracing...
Rank=1: Doing Raytracing...
took 0.10s.
took 0.10s.
took 0.10s.
took 0.10s.
Doing Chemistry...
took  0.1 s.
Number of non-converged points: 23758 of 1000000 ( 2.376 % ), Relative change in ionfrac:  6.71e-04
Rank=0: Doing Raytracing...
Rank=2: Doing Raytracing...
Rank=1: Doing Raytracing...
Rank=3: Doing Raytracing...
took 0.10s.
took 0.10s.
took 0.10s.
took 0.10s.
Doing Chemistry...
took  0.1 s.
Number of non-converged points: 11323 of 1000000 ( 1.132 % ), Relative change in ionfrac:  3.09e-04
Rank=0: Doing Raytracing...
Rank=1: Doing Raytracing...
Rank=2: Doing Raytracing...
Rank=3: Doing Raytracing...
took 0.10s.
took 0.10s.
took 0.10s.
took 0.10s.
Doing Chemistry...
took  0.1 s.
Number of non-converged points: 5633 of 1000000 ( 0.563 % ), Relative change in ionfrac:  1.57e-04
Rank=0: Doing Raytracing...
Rank=2: Doing Raytracing...
Rank=3: Doing Raytracing...
Rank=1: Doing Raytracing...
took 0.10s.
took 0.10s.
took 0.10s.
took 0.10s.
Doing Chemistry...
took  0.1 s.
Number of non-converged points: 2943 of 1000000 ( 0.294 % ), Relative change in ionfrac:  8.57e-05
Multiple source convergence reached after 7 ray-tracing iterations.

---- Reading density file:
  /capstor/scratch/cscs/cprior/CDM_100Mpc_2048/grids/nc100/CDM_100Mpc_2048.00029.ovrden.npy
 min, mean and max density : 3.469e-05  1.142e-04  7.924e-04 [1/cm3]
Rank=1: 125516 sources.
Rank=1: Copied source data to device.
Rank=1: Doing Raytracing...

---- Reading source file with total of 502064 ionizing source:
CDM_100Mpc_2048.00029.halo.txt
 Total Flux : 2.135665e+56 [1/s]
 Total number of ionizing photons : 3.577772e+70
 Source lifetime : 58.658037 Myr
 min, max stellar (grid) mass : 1.214e+04  2.384e+08 [Msun] and min, mean, max number of ionising sources : 1.559e+49  4.254e+50  3.062e+53 [1/s]

--- Reionization History ----
 min, mean, max xHII : 2.00205e-04  2.02647e-01  9.99989e-01
 min, mean, max Irate : 1.76027e-23  1.09609e-14  6.68680e-12 [1/s]
 min, mean, max density : 3.46936e-05  1.14182e-04  7.92437e-04 [1/cm3]
Rank=2: 125516 sources.
Rank=2: Copied source data to device.
Rank=2: Doing Raytracing...
Mean-free-path for photons at z = 10.897 (Worseck+ 2014): 1.025e+01 cMpc
This corresponds to 10.250 grid cells.
Rank=0: 125516 sources.
Rank=0: Copied source data to device.
Calling evolve3D...
dr [Mpc]: 8.404e-02
dt [years]: 5.309e+06
Running on 125516 source(s), total normalized ionizing flux: 2.14e+08
Mean density (cgs): 9.781e-05, Mean ionized fraction: 2.026e-01
Convergence Criterion (Number of points):  100

Rank=0: Doing Raytracing...
Rank=3: 125516 sources.
Rank=3: Copied source data to device.
Rank=3: Doing Raytracing...
took 0.12s.
took 0.12s.
took 0.11s.
took 0.11s.
Doing Chemistry...
took  0.1 s.
Number of non-converged points: 547889 of 1000000 ( 54.789 % ), Relative change in ionfrac:  8.16e+00
Rank=0: Doing Raytracing...
Rank=2: Doing Raytracing...
Rank=1: Doing Raytracing...
Rank=3: Doing Raytracing...
took 0.11s.
took 0.11s.
took 0.11s.
took 0.11s.
Doing Chemistry...
took  0.1 s.
Number of non-converged points: 167390 of 1000000 ( 16.739 % ), Relative change in ionfrac:  7.29e-03
Rank=0: Doing Raytracing...
Rank=3: Doing Raytracing...
Rank=1: Doing Raytracing...
Rank=2: Doing Raytracing...
took 0.11s.
took 0.11s.
took 0.11s.
took 0.11s.
Doing Chemistry...
took  0.1 s.
Number of non-converged points: 65604 of 1000000 ( 6.560 % ), Relative change in ionfrac:  1.99e-03
Rank=0: Doing Raytracing...
Rank=1: Doing Raytracing...
Rank=2: Doing Raytracing...
Rank=3: Doing Raytracing...
took 0.11s.
took 0.11s.
took 0.11s.
took 0.11s.
Doing Chemistry...
took  0.1 s.
Number of non-converged points: 30962 of 1000000 ( 3.096 % ), Relative change in ionfrac:  7.95e-04
Rank=0: Doing Raytracing...
Rank=1: Doing Raytracing...
Rank=2: Doing Raytracing...
Rank=3: Doing Raytracing...
took 0.11s.
took 0.11s.
took 0.11s.
took 0.11s.
Doing Chemistry...
took  0.1 s.
Number of non-converged points: 15302 of 1000000 ( 1.530 % ), Relative change in ionfrac:  3.74e-04
Rank=0: Doing Raytracing...
Rank=1: Doing Raytracing...
Rank=3: Doing Raytracing...
Rank=2: Doing Raytracing...
took 0.11s.
took 0.11s.
took 0.11s.
took 0.11s.
Doing Chemistry...
took  0.1 s.
Number of non-converged points: 7771 of 1000000 ( 0.777 % ), Relative change in ionfrac:  1.93e-04
Rank=0: Doing Raytracing...
Rank=1: Doing Raytracing...
Rank=2: Doing Raytracing...
Rank=3: Doing Raytracing...
took 0.11s.
took 0.11s.
took 0.11s.
took 0.11s.
Doing Chemistry...
took  0.1 s.
Number of non-converged points: 4073 of 1000000 ( 0.407 % ), Relative change in ionfrac:  1.06e-04
Rank=0: Doing Raytracing...
Rank=1: Doing Raytracing...
Rank=2: Doing Raytracing...
Rank=3: Doing Raytracing...
took 0.11s.
took 0.11s.
took 0.11s.
took 0.11s.
Doing Chemistry...
took  0.1 s.
Number of non-converged points: 2265 of 1000000 ( 0.227 % ), Relative change in ionfrac:  6.13e-05
Multiple source convergence reached after 8 ray-tracing iterations.
Mean-free-path for photons at z = 10.798 (Worseck+ 2014): 1.026e+01 cMpc
This corresponds to 10.257 grid cells.
Rank=0: 125516 sources.
Rank=1: 125516 sources.
Rank=2: 125516 sources.
Rank=0: Copied source data to device.
Rank=1: Copied source data to device.
Rank=2: Copied source data to device.
Rank=3: 125516 sources.
Rank=3: Copied source data to device.
Calling evolve3D...
dr [Mpc]: 8.475e-02
dt [years]: 5.309e+06
Running on 125516 source(s), total normalized ionizing flux: 2.14e+08
Mean density (cgs): 9.537e-05, Mean ionized fraction: 2.207e-01
Convergence Criterion (Number of points):  100

Rank=0: Doing Raytracing...
Rank=1: Doing Raytracing...
Rank=2: Doing Raytracing...
Rank=3: Doing Raytracing...
took 0.11s.
took 0.11s.
took 0.11s.
took 0.11s.
Doing Chemistry...
took  0.1 s.
Number of non-converged points: 549871 of 1000000 ( 54.987 % ), Relative change in ionfrac:  7.45e+00
Rank=0: Doing Raytracing...
Rank=1: Doing Raytracing...
Rank=2: Doing Raytracing...
Rank=3: Doing Raytracing...
took 0.11s.
took 0.11s.
took 0.11s.
took 0.11s.
Doing Chemistry...
took  0.1 s.
Number of non-converged points: 168132 of 1000000 ( 16.813 % ), Relative change in ionfrac:  6.69e-03
Rank=0: Doing Raytracing...
Rank=2: Doing Raytracing...
Rank=1: Doing Raytracing...
Rank=3: Doing Raytracing...
took 0.11s.
took 0.11s.
took 0.11s.
took 0.11s.
Doing Chemistry...
took  0.1 s.
Number of non-converged points: 66445 of 1000000 ( 6.645 % ), Relative change in ionfrac:  1.83e-03
Rank=0: Doing Raytracing...
Rank=2: Doing Raytracing...
Rank=1: Doing Raytracing...
Rank=3: Doing Raytracing...
took 0.11s.
took 0.11s.
took 0.11s.
took 0.11s.
Doing Chemistry...
took  0.1 s.
Number of non-converged points: 30904 of 1000000 ( 3.090 % ), Relative change in ionfrac:  7.29e-04
Rank=0: Doing Raytracing...
Rank=1: Doing Raytracing...
Rank=2: Doing Raytracing...
Rank=3: Doing Raytracing...
took 0.11s.
took 0.11s.
took 0.11s.
took 0.11s.
Doing Chemistry...
took  0.1 s.
Number of non-converged points: 15050 of 1000000 ( 1.505 % ), Relative change in ionfrac:  3.40e-04
Rank=1: Doing Raytracing...
Rank=2: Doing Raytracing...
Rank=3: Doing Raytracing...
Rank=0: Doing Raytracing...
took 0.11s.
took 0.11s.
took 0.11s.
took 0.11s.
Doing Chemistry...
took  0.1 s.
Number of non-converged points: 7627 of 1000000 ( 0.763 % ), Relative change in ionfrac:  1.74e-04
Rank=0: Doing Raytracing...
Rank=1: Doing Raytracing...
Rank=2: Doing Raytracing...
Rank=3: Doing Raytracing...
took 0.11s.
took 0.11s.
took 0.11s.
took 0.11s.
Doing Chemistry...
took  0.1 s.
Number of non-converged points: 4043 of 1000000 ( 0.404 % ), Relative change in ionfrac:  9.49e-05
Multiple source convergence reached after 7 ray-tracing iterations.

---- Reading density file:
  /capstor/scratch/cscs/cprior/CDM_100Mpc_2048/grids/nc100/CDM_100Mpc_2048.00030.ovrden.npy
 min, mean and max density : 3.191e-05  1.082e-04  7.896e-04 [1/cm3]
Rank=1: 131538 sources.
Rank=1: Copied source data to device.
Rank=1: Doing Raytracing...
Rank=2: 131538 sources.
Rank=2: Copied source data to device.
Rank=2: Doing Raytracing...

---- Reading source file with total of 526155 ionizing source:
CDM_100Mpc_2048.00030.halo.txt
 Total Flux : 2.344453e+56 [1/s]
 Total number of ionizing photons : 3.922907e+70
 Source lifetime : 61.364722 Myr
 min, max stellar (grid) mass : 1.214e+04  2.618e+08 [Msun] and min, mean, max number of ionising sources : 1.491e+49  4.456e+50  3.214e+53 [1/s]

--- Reionization History ----
 min, mean, max xHII : 2.00221e-04  2.38900e-01  9.99990e-01
 min, mean, max Irate : 2.49375e-23  1.45170e-14  7.12554e-12 [1/s]
 min, mean, max density : 3.19086e-05  1.08166e-04  7.89580e-04 [1/cm3]
Mean-free-path for photons at z = 10.700 (Worseck+ 2014): 1.026e+01 cMpc
This corresponds to 10.264 grid cells.
Rank=0: 131538 sources.
Rank=3: 131541 sources.
Rank=0: Copied source data to device.
Calling evolve3D...
dr [Mpc]: 8.546e-02
dt [years]: 5.302e+06
Running on 131538 source(s), total normalized ionizing flux: 2.34e+08
Mean density (cgs): 9.303e-05, Mean ionized fraction: 2.389e-01
Convergence Criterion (Number of points):  100

Rank=0: Doing Raytracing...
Rank=3: Copied source data to device.
Rank=3: Doing Raytracing...
took 0.12s.
took 0.11s.
took 0.11s.
took 0.11s.
Doing Chemistry...
took  0.1 s.
Number of non-converged points: 561761 of 1000000 ( 56.176 % ), Relative change in ionfrac:  6.81e+00
Rank=0: Doing Raytracing...
Rank=1: Doing Raytracing...
Rank=2: Doing Raytracing...
Rank=3: Doing Raytracing...
took 0.11s.
took 0.11s.
took 0.11s.
took 0.12s.
Doing Chemistry...
took  0.1 s.
Number of non-converged points: 189382 of 1000000 ( 18.938 % ), Relative change in ionfrac:  7.29e-03
Rank=0: Doing Raytracing...
Rank=1: Doing Raytracing...
Rank=2: Doing Raytracing...
Rank=3: Doing Raytracing...
took 0.11s.
took 0.11s.
took 0.11s.
took 0.12s.
Doing Chemistry...
took  0.1 s.
Number of non-converged points: 78290 of 1000000 ( 7.829 % ), Relative change in ionfrac:  2.04e-03
Rank=0: Doing Raytracing...
Rank=1: Doing Raytracing...
Rank=3: Doing Raytracing...
Rank=2: Doing Raytracing...
took 0.11s.
took 0.11s.
took 0.11s.
took 0.12s.
Doing Chemistry...
took  0.1 s.
Number of non-converged points: 38066 of 1000000 ( 3.807 % ), Relative change in ionfrac:  8.22e-04
Rank=0: Doing Raytracing...
Rank=1: Doing Raytracing...
Rank=3: Doing Raytracing...
Rank=2: Doing Raytracing...
took 0.11s.
took 0.11s.
took 0.11s.
took 0.12s.
Doing Chemistry...
took  0.1 s.
Number of non-converged points: 19240 of 1000000 ( 1.924 % ), Relative change in ionfrac:  3.87e-04
Rank=0: Doing Raytracing...
Rank=1: Doing Raytracing...
Rank=3: Doing Raytracing...
Rank=2: Doing Raytracing...
took 0.11s.
took 0.11s.
took 0.11s.
took 0.12s.
Doing Chemistry...
took  0.1 s.
Number of non-converged points: 9850 of 1000000 ( 0.985 % ), Relative change in ionfrac:  2.00e-04
Rank=0: Doing Raytracing...
Rank=1: Doing Raytracing...
Rank=2: Doing Raytracing...
Rank=3: Doing Raytracing...
took 0.11s.
took 0.11s.
took 0.11s.
took 0.12s.
Doing Chemistry...
took  0.1 s.
Number of non-converged points: 5202 of 1000000 ( 0.520 % ), Relative change in ionfrac:  1.10e-04
Rank=0: Doing Raytracing...
Rank=2: Doing Raytracing...
Rank=3: Doing Raytracing...
Rank=1: Doing Raytracing...
took 0.11s.
took 0.11s.
took 0.11s.
took 0.12s.
Doing Chemistry...
took  0.1 s.
Number of non-converged points: 2916 of 1000000 ( 0.292 % ), Relative change in ionfrac:  6.35e-05
Multiple source convergence reached after 8 ray-tracing iterations.
Mean-free-path for photons at z = 10.605 (Worseck+ 2014): 1.027e+01 cMpc
This corresponds to 10.272 grid cells.
Rank=0: 131538 sources.
Rank=1: 131538 sources.
Rank=3: 131541 sources.
Rank=2: 131538 sources.
Rank=0: Copied source data to device.
Rank=1: Copied source data to device.
Rank=3: Copied source data to device.
Rank=2: Copied source data to device.
Calling evolve3D...
dr [Mpc]: 8.616e-02
dt [years]: 5.302e+06
Running on 131538 source(s), total normalized ionizing flux: 2.34e+08
Mean density (cgs): 9.077e-05, Mean ionized fraction: 2.590e-01
Convergence Criterion (Number of points):  100

Rank=1: Doing Raytracing...
Rank=0: Doing Raytracing...
Rank=3: Doing Raytracing...
Rank=2: Doing Raytracing...
took 0.11s.
took 0.11s.
took 0.11s.
took 0.12s.
Doing Chemistry...
took  0.1 s.
Number of non-converged points: 561148 of 1000000 ( 56.115 % ), Relative change in ionfrac:  6.24e+00
Rank=0: Doing Raytracing...
Rank=1: Doing Raytracing...
Rank=2: Doing Raytracing...
Rank=3: Doing Raytracing...
took 0.11s.
took 0.12s.
took 0.12s.
took 0.12s.
Doing Chemistry...
took  0.1 s.
Number of non-converged points: 189847 of 1000000 ( 18.985 % ), Relative change in ionfrac:  6.71e-03
Rank=0: Doing Raytracing...
Rank=1: Doing Raytracing...
Rank=2: Doing Raytracing...
Rank=3: Doing Raytracing...
took 0.11s.
took 0.11s.
took 0.12s.
took 0.12s.
Doing Chemistry...
took  0.1 s.
Number of non-converged points: 78571 of 1000000 ( 7.857 % ), Relative change in ionfrac:  1.86e-03
Rank=0: Doing Raytracing...
Rank=2: Doing Raytracing...
Rank=1: Doing Raytracing...
Rank=3: Doing Raytracing...
took 0.11s.
took 0.11s.
took 0.11s.
took 0.12s.
Doing Chemistry...
took  0.1 s.
Number of non-converged points: 37596 of 1000000 ( 3.760 % ), Relative change in ionfrac:  7.42e-04
Rank=0: Doing Raytracing...
Rank=1: Doing Raytracing...
Rank=2: Doing Raytracing...
Rank=3: Doing Raytracing...
took 0.11s.
took 0.11s.
took 0.11s.
took 0.12s.
Doing Chemistry...
took  0.1 s.
Number of non-converged points: 18675 of 1000000 ( 1.868 % ), Relative change in ionfrac:  3.46e-04
Rank=0: Doing Raytracing...
Rank=1: Doing Raytracing...
Rank=2: Doing Raytracing...
Rank=3: Doing Raytracing...
took 0.11s.
took 0.11s.
took 0.11s.
took 0.12s.
Doing Chemistry...
took  0.1 s.
Number of non-converged points: 9463 of 1000000 ( 0.946 % ), Relative change in ionfrac:  1.77e-04
Rank=0: Doing Raytracing...
Rank=1: Doing Raytracing...
Rank=2: Doing Raytracing...
Rank=3: Doing Raytracing...
took 0.11s.
took 0.11s.
took 0.11s.
took 0.12s.
Doing Chemistry...
took  0.1 s.
Number of non-converged points: 5032 of 1000000 ( 0.503 % ), Relative change in ionfrac:  9.69e-05
Multiple source convergence reached after 7 ray-tracing iterations.

---- Reading density file:
  /capstor/scratch/cscs/cprior/CDM_100Mpc_2048/grids/nc100/CDM_100Mpc_2048.00031.ovrden.npy
 min, mean and max density : 2.945e-05  1.026e-04  7.822e-04 [1/cm3]
Rank=1: 137146 sources.
Rank=1: Copied source data to device.
Rank=1: Doing Raytracing...
Rank=2: 137146 sources.
Rank=2: Copied source data to device.

---- Reading source file with total of 548586 ionizing source:
CDM_100Mpc_2048.00031.halo.txt
 Total Flux : 2.556508e+56 [1/s]
 Total number of ionizing photons : 4.279209e+70
 Source lifetime : 64.116606 Myr
Rank=2: Doing Raytracing...
 min, max stellar (grid) mass : 1.214e+04  2.871e+08 [Msun] and min, mean, max number of ionising sources : 1.427e+49  4.660e+50  3.373e+53 [1/s]

--- Reionization History ----
 min, mean, max xHII : 2.00245e-04  2.79167e-01  9.99993e-01
 min, mean, max Irate : 3.87698e-23  1.89250e-14  7.31642e-12 [1/s]
 min, mean, max density : 2.94480e-05  1.02619e-04  7.82206e-04 [1/cm3]
Mean-free-path for photons at z = 10.511 (Worseck+ 2014): 1.028e+01 cMpc
This corresponds to 10.280 grid cells.
Rank=0: 137146 sources.
Rank=0: Copied source data to device.
Calling evolve3D...
dr [Mpc]: 8.686e-02
dt [years]: 5.304e+06
Running on 137146 source(s), total normalized ionizing flux: 2.56e+08
Mean density (cgs): 8.859e-05, Mean ionized fraction: 2.792e-01
Convergence Criterion (Number of points):  100

Rank=0: Doing Raytracing...
Rank=3: 137148 sources.
Rank=3: Copied source data to device.
Rank=3: Doing Raytracing...
took 0.12s.
took 0.12s.
took 0.12s.
took 0.12s.
Doing Chemistry...
took  0.1 s.
Number of non-converged points: 569078 of 1000000 ( 56.908 % ), Relative change in ionfrac:  5.71e+00
Rank=0: Doing Raytracing...
Rank=1: Doing Raytracing...
Rank=2: Doing Raytracing...
Rank=3: Doing Raytracing...
took 0.12s.
took 0.12s.
took 0.12s.
took 0.12s.
Doing Chemistry...
took  0.1 s.
Number of non-converged points: 211652 of 1000000 ( 21.165 % ), Relative change in ionfrac:  7.27e-03
Rank=0: Doing Raytracing...
Rank=1: Doing Raytracing...
Rank=2: Doing Raytracing...
Rank=3: Doing Raytracing...
took 0.12s.
took 0.12s.
took 0.12s.
took 0.12s.
Doing Chemistry...
took  0.1 s.
Number of non-converged points: 92597 of 1000000 ( 9.260 % ), Relative change in ionfrac:  2.07e-03
Rank=1: Doing Raytracing...
Rank=2: Doing Raytracing...
Rank=3: Doing Raytracing...
Rank=0: Doing Raytracing...
took 0.12s.
took 0.12s.
took 0.12s.
took 0.12s.
Doing Chemistry...
took  0.1 s.
Number of non-converged points: 46069 of 1000000 ( 4.607 % ), Relative change in ionfrac:  8.37e-04
Rank=0: Doing Raytracing...
Rank=1: Doing Raytracing...
Rank=2: Doing Raytracing...
Rank=3: Doing Raytracing...
took 0.12s.
took 0.12s.
took 0.12s.
took 0.12s.
Doing Chemistry...
took  0.1 s.
Number of non-converged points: 23528 of 1000000 ( 2.353 % ), Relative change in ionfrac:  3.94e-04
Rank=0: Doing Raytracing...
Rank=1: Doing Raytracing...
Rank=2: Doing Raytracing...
Rank=3: Doing Raytracing...
took 0.12s.
took 0.12s.
took 0.12s.
took 0.12s.
Doing Chemistry...
took  0.1 s.
Number of non-converged points: 12077 of 1000000 ( 1.208 % ), Relative change in ionfrac:  2.03e-04
Rank=0: Doing Raytracing...
Rank=1: Doing Raytracing...
Rank=2: Doing Raytracing...
Rank=3: Doing Raytracing...
took 0.12s.
took 0.12s.
took 0.12s.
took 0.12s.
Doing Chemistry...
took  0.1 s.
Number of non-converged points: 6408 of 1000000 ( 0.641 % ), Relative change in ionfrac:  1.12e-04
Rank=0: Doing Raytracing...
Rank=1: Doing Raytracing...
Rank=2: Doing Raytracing...
Rank=3: Doing Raytracing...
took 0.12s.
took 0.12s.
took 0.12s.
took 0.12s.
Doing Chemistry...
took  0.1 s.
Number of non-converged points: 3594 of 1000000 ( 0.359 % ), Relative change in ionfrac:  6.44e-05
Multiple source convergence reached after 8 ray-tracing iterations.
Mean-free-path for photons at z = 10.419 (Worseck+ 2014): 1.029e+01 cMpc
This corresponds to 10.288 grid cells.
Rank=3: 137148 sources.
Rank=0: 137146 sources.
Rank=1: 137146 sources.
Rank=3: Copied source data to device.
Rank=0: Copied source data to device.
Rank=2: 137146 sources.
Rank=1: Copied source data to device.
Rank=2: Copied source data to device.
Rank=3: Doing Raytracing...
Calling evolve3D...
dr [Mpc]: 8.756e-02
dt [years]: 5.304e+06
Running on 137146 source(s), total normalized ionizing flux: 2.56e+08
Mean density (cgs): 8.649e-05, Mean ionized fraction: 3.013e-01
Convergence Criterion (Number of points):  100

Rank=0: Doing Raytracing...
Rank=1: Doing Raytracing...
Rank=2: Doing Raytracing...
took 0.12s.
took 0.12s.
took 0.12s.
took 0.12s.
Doing Chemistry...
took  0.1 s.
Number of non-converged points: 565836 of 1000000 ( 56.584 % ), Relative change in ionfrac:  5.25e+00
Rank=0: Doing Raytracing...
Rank=3: Doing Raytracing...
Rank=1: Doing Raytracing...
Rank=2: Doing Raytracing...
took 0.12s.
took 0.12s.
took 0.12s.
took 0.12s.
Doing Chemistry...
took  0.1 s.
Number of non-converged points: 212176 of 1000000 ( 21.218 % ), Relative change in ionfrac:  6.69e-03
Rank=0: Doing Raytracing...
Rank=1: Doing Raytracing...
Rank=2: Doing Raytracing...
Rank=3: Doing Raytracing...
took 0.12s.
took 0.12s.
took 0.12s.
took 0.12s.
Doing Chemistry...
took  0.1 s.
Number of non-converged points: 93935 of 1000000 ( 9.394 % ), Relative change in ionfrac:  1.91e-03
Rank=0: Doing Raytracing...
Rank=1: Doing Raytracing...
Rank=2: Doing Raytracing...
Rank=3: Doing Raytracing...
took 0.12s.
took 0.12s.
took 0.12s.
took 0.12s.
Doing Chemistry...
took  0.1 s.
Number of non-converged points: 46078 of 1000000 ( 4.608 % ), Relative change in ionfrac:  7.65e-04
Rank=0: Doing Raytracing...
Rank=1: Doing Raytracing...
Rank=2: Doing Raytracing...
Rank=3: Doing Raytracing...
took 0.12s.
took 0.12s.
took 0.12s.
took 0.12s.
Doing Chemistry...
took  0.1 s.
Number of non-converged points: 22614 of 1000000 ( 2.261 % ), Relative change in ionfrac:  3.56e-04
Rank=0: Doing Raytracing...
Rank=1: Doing Raytracing...
Rank=2: Doing Raytracing...
Rank=3: Doing Raytracing...
took 0.12s.
took 0.12s.
took 0.12s.
took 0.12s.
Doing Chemistry...
took  0.1 s.
Number of non-converged points: 11225 of 1000000 ( 1.123 % ), Relative change in ionfrac:  1.81e-04
Rank=1: Doing Raytracing...
Rank=0: Doing Raytracing...
Rank=2: Doing Raytracing...
Rank=3: Doing Raytracing...
took 0.12s.
took 0.12s.
took 0.12s.
took 0.12s.
Doing Chemistry...
took  0.1 s.
Number of non-converged points: 6024 of 1000000 ( 0.602 % ), Relative change in ionfrac:  9.84e-05
Multiple source convergence reached after 7 ray-tracing iterations.

---- Reading density file:
  /capstor/scratch/cscs/cprior/CDM_100Mpc_2048/grids/nc100/CDM_100Mpc_2048.00032.ovrden.npy
 min, mean and max density : 2.777e-05  9.749e-05  7.698e-04 [1/cm3]
Rank=2: 142555 sources.
Rank=2: Copied source data to device.
Rank=2: Doing Raytracing...

---- Reading source file with total of 570220 ionizing source:
CDM_100Mpc_2048.00032.halo.txt
 Total Flux : 2.772959e+56 [1/s]
 Total number of ionizing photons : 4.628852e+70
 Source lifetime : 66.917403 Myr
 min, max stellar (grid) mass : 1.214e+04  3.043e+08 [Msun] and min, mean, max number of ionising sources : 1.367e+49  4.863e+50  3.426e+53 [1/s]

--- Reionization History ----
 min, mean, max xHII : 2.00273e-04  3.23339e-01  9.99994e-01
 min, mean, max Irate : 6.26599e-23  2.42556e-14  7.33818e-12 [1/s]
 min, mean, max density : 2.77709e-05  9.74868e-05  7.69766e-04 [1/cm3]
Rank=1: 142555 sources.
Rank=1: Copied source data to device.
Rank=1: Doing Raytracing...
Mean-free-path for photons at z = 10.329 (Worseck+ 2014): 1.030e+01 cMpc
This corresponds to 10.297 grid cells.
Rank=0: 142555 sources.
Rank=0: Copied source data to device.
Calling evolve3D...
dr [Mpc]: 8.826e-02
dt [years]: 5.290e+06
Running on 142555 source(s), total normalized ionizing flux: 2.77e+08
Mean density (cgs): 8.447e-05, Mean ionized fraction: 3.233e-01
Convergence Criterion (Number of points):  100

Rank=0: Doing Raytracing...
Rank=3: 142555 sources.
took 0.12s.
Rank=3: Copied source data to device.
Rank=3: Doing Raytracing...
took 0.13s.
took 0.12s.
took 0.12s.
Doing Chemistry...
took  0.1 s.
Number of non-converged points: 569875 of 1000000 ( 56.988 % ), Relative change in ionfrac:  4.82e+00
Rank=0: Doing Raytracing...
Rank=1: Doing Raytracing...
Rank=2: Doing Raytracing...
Rank=3: Doing Raytracing...
took 0.12s.
took 0.12s.
took 0.12s.
took 0.13s.
Doing Chemistry...
took  0.1 s.
Number of non-converged points: 232284 of 1000000 ( 23.228 % ), Relative change in ionfrac:  7.17e-03
Rank=0: Doing Raytracing...
Rank=1: Doing Raytracing...
Rank=2: Doing Raytracing...
Rank=3: Doing Raytracing...
took 0.12s.
took 0.12s.
took 0.12s.
took 0.13s.
Doing Chemistry...
took  0.1 s.
Number of non-converged points: 107595 of 1000000 ( 10.759 % ), Relative change in ionfrac:  2.08e-03
Rank=0: Doing Raytracing...
Rank=2: Doing Raytracing...
Rank=1: Doing Raytracing...
Rank=3: Doing Raytracing...
took 0.12s.
took 0.12s.
took 0.12s.
took 0.13s.
Doing Chemistry...
took  0.1 s.
Number of non-converged points: 54912 of 1000000 ( 5.491 % ), Relative change in ionfrac:  8.46e-04
Rank=0: Doing Raytracing...
Rank=2: Doing Raytracing...
Rank=3: Doing Raytracing...
Rank=1: Doing Raytracing...
took 0.12s.
took 0.12s.
took 0.12s.
took 0.13s.
Doing Chemistry...
took  0.1 s.
Number of non-converged points: 27740 of 1000000 ( 2.774 % ), Relative change in ionfrac:  3.98e-04
Rank=0: Doing Raytracing...
Rank=2: Doing Raytracing...
Rank=1: Doing Raytracing...
Rank=3: Doing Raytracing...
took 0.12s.
took 0.12s.
took 0.12s.
took 0.13s.
Doing Chemistry...
took  0.1 s.
Number of non-converged points: 14294 of 1000000 ( 1.429 % ), Relative change in ionfrac:  2.04e-04
Rank=0: Doing Raytracing...
Rank=1: Doing Raytracing...
Rank=2: Doing Raytracing...
Rank=3: Doing Raytracing...
took 0.12s.
took 0.12s.
took 0.12s.
took 0.13s.
Doing Chemistry...
took  0.1 s.
Number of non-converged points: 7649 of 1000000 ( 0.765 % ), Relative change in ionfrac:  1.12e-04
Rank=0: Doing Raytracing...
Rank=1: Doing Raytracing...
Rank=2: Doing Raytracing...
Rank=3: Doing Raytracing...
took 0.12s.
took 0.12s.
took 0.12s.
took 0.13s.
Doing Chemistry...
took  0.1 s.
Number of non-converged points: 4257 of 1000000 ( 0.426 % ), Relative change in ionfrac:  6.44e-05
Multiple source convergence reached after 8 ray-tracing iterations.
Mean-free-path for photons at z = 10.242 (Worseck+ 2014): 1.031e+01 cMpc
This corresponds to 10.307 grid cells.
Rank=0: 142555 sources.
Rank=3: 142555 sources.
Rank=0: Copied source data to device.
Rank=3: Copied source data to device.
Calling evolve3D...
dr [Mpc]: 8.895e-02
dt [years]: 5.290e+06
Running on 142555 source(s), total normalized ionizing flux: 2.77e+08
Mean density (cgs): 8.251e-05, Mean ionized fraction: 3.473e-01
Convergence Criterion (Number of points):  100

Rank=2: 142555 sources.
Rank=1: 142555 sources.
Rank=0: Doing Raytracing...
Rank=3: Doing Raytracing...
Rank=2: Copied source data to device.
Rank=1: Copied source data to device.
Rank=2: Doing Raytracing...
Rank=1: Doing Raytracing...
took 0.12s.
took 0.12s.
took 0.12s.
took 0.13s.
Doing Chemistry...
took  0.1 s.
Number of non-converged points: 563401 of 1000000 ( 56.340 % ), Relative change in ionfrac:  4.44e+00
Rank=0: Doing Raytracing...
Rank=2: Doing Raytracing...
Rank=1: Doing Raytracing...
Rank=3: Doing Raytracing...
took 0.12s.
took 0.12s.
took 0.12s.
took 0.13s.
Doing Chemistry...
took  0.1 s.
Number of non-converged points: 231104 of 1000000 ( 23.110 % ), Relative change in ionfrac:  6.61e-03
Rank=0: Doing Raytracing...
Rank=1: Doing Raytracing...
Rank=2: Doing Raytracing...
Rank=3: Doing Raytracing...
took 0.12s.
took 0.12s.
took 0.12s.
took 0.13s.
Doing Chemistry...
took  0.1 s.
Number of non-converged points: 107551 of 1000000 ( 10.755 % ), Relative change in ionfrac:  1.91e-03
Rank=0: Doing Raytracing...
Rank=1: Doing Raytracing...
Rank=2: Doing Raytracing...
Rank=3: Doing Raytracing...
took 0.12s.
took 0.12s.
took 0.12s.
took 0.13s.
Doing Chemistry...
took  0.1 s.
Number of non-converged points: 54116 of 1000000 ( 5.412 % ), Relative change in ionfrac:  7.69e-04
Rank=0: Doing Raytracing...
Rank=1: Doing Raytracing...
Rank=2: Doing Raytracing...
Rank=3: Doing Raytracing...
took 0.12s.
took 0.12s.
took 0.12s.
took 0.13s.
Doing Chemistry...
took  0.1 s.
Number of non-converged points: 27031 of 1000000 ( 2.703 % ), Relative change in ionfrac:  3.59e-04
Rank=0: Doing Raytracing...
Rank=2: Doing Raytracing...
Rank=1: Doing Raytracing...
Rank=3: Doing Raytracing...
took 0.12s.
took 0.12s.
took 0.12s.
took 0.13s.
Doing Chemistry...
took  0.1 s.
Number of non-converged points: 13708 of 1000000 ( 1.371 % ), Relative change in ionfrac:  1.83e-04
Rank=0: Doing Raytracing...
Rank=1: Doing Raytracing...
Rank=2: Doing Raytracing...
Rank=3: Doing Raytracing...
took 0.12s.
took 0.12s.
took 0.12s.
took 0.13s.
Doing Chemistry...
took  0.1 s.
Number of non-converged points: 7209 of 1000000 ( 0.721 % ), Relative change in ionfrac:  9.91e-05
Multiple source convergence reached after 7 ray-tracing iterations.

---- Reading density file:
  /capstor/scratch/cscs/cprior/CDM_100Mpc_2048/grids/nc100/CDM_100Mpc_2048.00033.ovrden.npy
 min, mean and max density : 2.644e-05  9.274e-05  7.545e-04 [1/cm3]
Rank=1: 147726 sources.
Rank=1: Copied source data to device.
Rank=1: Doing Raytracing...

---- Reading source file with total of 590907 ionizing source:
CDM_100Mpc_2048.00033.halo.txt
 Total Flux : 2.990636e+56 [1/s]
 Total number of ionizing photons : 5.016201e+70
 Source lifetime : 69.757920 Myr
 min, max stellar (grid) mass : 1.214e+04  3.279e+08 [Msun] and min, mean, max number of ionising sources : 1.311e+49  5.061e+50  3.541e+53 [1/s]

--- Reionization History ----
 min, mean, max xHII : 2.00311e-04  3.71086e-01  9.99995e-01
 min, mean, max Irate : 1.07842e-22  3.05771e-14  7.41190e-12 [1/s]
 min, mean, max density : 2.64410e-05  9.27424e-05  7.54512e-04 [1/cm3]
Rank=2: 147726 sources.
Rank=2: Copied source data to device.
Rank=2: Doing Raytracing...
Mean-free-path for photons at z = 10.155 (Worseck+ 2014): 1.032e+01 cMpc
This corresponds to 10.317 grid cells.
Rank=0: 147726 sources.
Rank=0: Copied source data to device.
Calling evolve3D...
dr [Mpc]: 8.964e-02
dt [years]: 5.315e+06
Running on 147726 source(s), total normalized ionizing flux: 2.99e+08
Mean density (cgs): 8.063e-05, Mean ionized fraction: 3.711e-01
Convergence Criterion (Number of points):  100

Rank=0: Doing Raytracing...
Rank=3: 147729 sources.
Rank=3: Copied source data to device.
Rank=3: Doing Raytracing...
took 0.13s.
took 0.13s.
took 0.13s.
took 0.13s.
Doing Chemistry...
took  0.1 s.
Number of non-converged points: 563760 of 1000000 ( 56.376 % ), Relative change in ionfrac:  4.10e+00
Rank=0: Doing Raytracing...
Rank=2: Doing Raytracing...
Rank=3: Doing Raytracing...
Rank=1: Doing Raytracing...
took 0.13s.
took 0.13s.
took 0.13s.
took 0.13s.
Doing Chemistry...
took  0.1 s.
Number of non-converged points: 250775 of 1000000 ( 25.078 % ), Relative change in ionfrac:  7.06e-03
Rank=0: Doing Raytracing...
Rank=1: Doing Raytracing...
Rank=2: Doing Raytracing...
Rank=3: Doing Raytracing...
took 0.13s.
took 0.13s.
took 0.13s.
took 0.13s.
Doing Chemistry...
took  0.1 s.
Number of non-converged points: 123774 of 1000000 ( 12.377 % ), Relative change in ionfrac:  2.10e-03
Rank=0: Doing Raytracing...
Rank=1: Doing Raytracing...
Rank=2: Doing Raytracing...
Rank=3: Doing Raytracing...
took 0.13s.
took 0.13s.
took 0.13s.
took 0.13s.
Doing Chemistry...
took  0.1 s.
Number of non-converged points: 64647 of 1000000 ( 6.465 % ), Relative change in ionfrac:  8.57e-04
Rank=0: Doing Raytracing...
Rank=3: Doing Raytracing...
Rank=1: Doing Raytracing...
Rank=2: Doing Raytracing...
took 0.13s.
took 0.13s.
took 0.13s.
took 0.13s.
Doing Chemistry...
took  0.1 s.
Number of non-converged points: 32762 of 1000000 ( 3.276 % ), Relative change in ionfrac:  4.02e-04
Rank=0: Doing Raytracing...
Rank=1: Doing Raytracing...
Rank=2: Doing Raytracing...
Rank=3: Doing Raytracing...
took 0.13s.
took 0.13s.
took 0.13s.
took 0.13s.
Doing Chemistry...
took  0.1 s.
Number of non-converged points: 16535 of 1000000 ( 1.654 % ), Relative change in ionfrac:  2.04e-04
Rank=0: Doing Raytracing...
Rank=1: Doing Raytracing...
Rank=2: Doing Raytracing...
Rank=3: Doing Raytracing...
took 0.13s.
took 0.13s.
took 0.13s.
took 0.13s.
Doing Chemistry...
took  0.1 s.
Number of non-converged points: 8833 of 1000000 ( 0.883 % ), Relative change in ionfrac:  1.11e-04
Rank=0: Doing Raytracing...
Rank=1: Doing Raytracing...
Rank=2: Doing Raytracing...
Rank=3: Doing Raytracing...
took 0.13s.
took 0.13s.
took 0.13s.
took 0.13s.
Doing Chemistry...
took  0.1 s.
Number of non-converged points: 4891 of 1000000 ( 0.489 % ), Relative change in ionfrac:  6.30e-05
Multiple source convergence reached after 8 ray-tracing iterations.
Mean-free-path for photons at z = 10.070 (Worseck+ 2014): 1.033e+01 cMpc
This corresponds to 10.328 grid cells.
Rank=1: 147726 sources.
Rank=2: 147726 sources.
Rank=0: 147726 sources.
Rank=1: Copied source data to device.
Rank=2: Copied source data to device.
Rank=0: Copied source data to device.
Rank=3: 147729 sources.
Rank=3: Copied source data to device.
Rank=1: Doing Raytracing...
Rank=2: Doing Raytracing...
Calling evolve3D...
dr [Mpc]: 9.032e-02
dt [years]: 5.315e+06
Running on 147726 source(s), total normalized ionizing flux: 2.99e+08
Mean density (cgs): 7.880e-05, Mean ionized fraction: 3.968e-01
Convergence Criterion (Number of points):  100

Rank=0: Doing Raytracing...
Rank=3: Doing Raytracing...
took 0.13s.
took 0.13s.
took 0.13s.
took 0.13s.
Doing Chemistry...
took  0.1 s.
Number of non-converged points: 553704 of 1000000 ( 55.370 % ), Relative change in ionfrac:  3.78e+00
Rank=0: Doing Raytracing...
Rank=2: Doing Raytracing...
Rank=3: Doing Raytracing...
Rank=1: Doing Raytracing...
took 0.13s.
took 0.13s.
took 0.13s.
took 0.13s.
Doing Chemistry...
took  0.1 s.
Number of non-converged points: 247803 of 1000000 ( 24.780 % ), Relative change in ionfrac:  6.48e-03
Rank=0: Doing Raytracing...
Rank=1: Doing Raytracing...
Rank=2: Doing Raytracing...
Rank=3: Doing Raytracing...
took 0.13s.
took 0.13s.
took 0.13s.
took 0.13s.
Doing Chemistry...
took  0.1 s.
Number of non-converged points: 121919 of 1000000 ( 12.192 % ), Relative change in ionfrac:  1.90e-03
Rank=0: Doing Raytracing...
Rank=1: Doing Raytracing...
Rank=2: Doing Raytracing...
Rank=3: Doing Raytracing...
took 0.13s.
took 0.13s.
took 0.13s.
took 0.13s.
Doing Chemistry...
took  0.1 s.
Number of non-converged points: 62153 of 1000000 ( 6.215 % ), Relative change in ionfrac:  7.66e-04
Rank=0: Doing Raytracing...
Rank=1: Doing Raytracing...
Rank=2: Doing Raytracing...
Rank=3: Doing Raytracing...
took 0.13s.
took 0.13s.
took 0.13s.
took 0.13s.
Doing Chemistry...
took  0.1 s.
Number of non-converged points: 30921 of 1000000 ( 3.092 % ), Relative change in ionfrac:  3.55e-04
Rank=0: Doing Raytracing...
Rank=1: Doing Raytracing...
Rank=3: Doing Raytracing...
Rank=2: Doing Raytracing...
took 0.13s.
took 0.13s.
took 0.13s.
took 0.13s.
Doing Chemistry...
took  0.1 s.
Number of non-converged points: 15662 of 1000000 ( 1.566 % ), Relative change in ionfrac:  1.79e-04
Rank=0: Doing Raytracing...
Rank=2: Doing Raytracing...
Rank=3: Doing Raytracing...
Rank=1: Doing Raytracing...
took 0.13s.
took 0.13s.
took 0.13s.
took 0.13s.
Doing Chemistry...
took  0.1 s.
Number of non-converged points: 8302 of 1000000 ( 0.830 % ), Relative change in ionfrac:  9.66e-05
Multiple source convergence reached after 7 ray-tracing iterations.

---- Reading density file:
  /capstor/scratch/cscs/cprior/CDM_100Mpc_2048/grids/nc100/CDM_100Mpc_2048.00034.ovrden.npy
 min, mean and max density : 2.477e-05  8.832e-05  7.394e-04 [1/cm3]

---- Reading source file with total of 609718 ionizing source:
CDM_100Mpc_2048.00034.halo.txt
 Total Flux : 3.209229e+56 [1/s]
 Total number of ionizing photons : 5.366470e+70
 Source lifetime : 72.659319 Myr
 min, max stellar (grid) mass : 1.214e+04  3.250e+08 [Msun] and min, mean, max number of ionising sources : 1.259e+49  5.263e+50  3.370e+53 [1/s]

--- Reionization History ----
 min, mean, max xHII : 2.00425e-04  4.22199e-01  9.99992e-01
 min, mean, max Irate : 2.60410e-22  3.78200e-14  7.33123e-12 [1/s]
 min, mean, max density : 2.47677e-05  8.83157e-05  7.39401e-04 [1/cm3]
Mean-free-path for photons at z = 9.987 (Worseck+ 2014): 1.034e+01 cMpc
This corresponds to 10.340 grid cells.
Rank=0: 152429 sources.
Rank=0: Copied source data to device.
Calling evolve3D...
dr [Mpc]: 9.101e-02
dt [years]: 5.299e+06
Running on 152429 source(s), total normalized ionizing flux: 3.21e+08
Mean density (cgs): 7.703e-05, Mean ionized fraction: 4.222e-01
Convergence Criterion (Number of points):  100

Rank=0: Doing Raytracing...
Rank=2: 152429 sources.
Rank=2: Copied source data to device.
Rank=2: Doing Raytracing...
Rank=3: 152431 sources.
Rank=1: 152429 sources.
Rank=1: Copied source data to device.
Rank=3: Copied source data to device.
Rank=1: Doing Raytracing...
Rank=3: Doing Raytracing...
took 0.13s.
took 0.13s.
took 0.13s.
took 0.13s.
Doing Chemistry...
took  0.1 s.
Number of non-converged points: 548845 of 1000000 ( 54.885 % ), Relative change in ionfrac:  3.50e+00
Rank=0: Doing Raytracing...
Rank=3: Doing Raytracing...
Rank=1: Doing Raytracing...
Rank=2: Doing Raytracing...
took 0.13s.
took 0.13s.
took 0.13s.
took 0.13s.
Doing Chemistry...
took  0.1 s.
Number of non-converged points: 262268 of 1000000 ( 26.227 % ), Relative change in ionfrac:  6.77e-03
Rank=0: Doing Raytracing...
Rank=1: Doing Raytracing...
Rank=3: Doing Raytracing...
Rank=2: Doing Raytracing...
took 0.13s.
took 0.13s.
took 0.13s.
took 0.13s.
Doing Chemistry...
took  0.1 s.
Number of non-converged points: 135215 of 1000000 ( 13.521 % ), Relative change in ionfrac:  2.03e-03
Rank=0: Doing Raytracing...
Rank=3: Doing Raytracing...
Rank=1: Doing Raytracing...
Rank=2: Doing Raytracing...
took 0.13s.
took 0.13s.
took 0.13s.
took 0.13s.
Doing Chemistry...
took  0.1 s.
Number of non-converged points: 71328 of 1000000 ( 7.133 % ), Relative change in ionfrac:  8.22e-04
Rank=0: Doing Raytracing...
Rank=1: Doing Raytracing...
Rank=3: Doing Raytracing...
Rank=2: Doing Raytracing...
took 0.13s.
took 0.13s.
took 0.13s.
took 0.13s.
Doing Chemistry...
took  0.1 s.
Number of non-converged points: 36127 of 1000000 ( 3.613 % ), Relative change in ionfrac:  3.83e-04
Rank=0: Doing Raytracing...
Rank=3: Doing Raytracing...
Rank=1: Doing Raytracing...
Rank=2: Doing Raytracing...
took 0.13s.
took 0.13s.
took 0.13s.
took 0.13s.
Doing Chemistry...
took  0.1 s.
Number of non-converged points: 18485 of 1000000 ( 1.849 % ), Relative change in ionfrac:  1.94e-04
Rank=0: Doing Raytracing...
Rank=2: Doing Raytracing...
Rank=1: Doing Raytracing...
Rank=3: Doing Raytracing...
took 0.13s.
took 0.13s.
took 0.13s.
took 0.13s.
Doing Chemistry...
took  0.1 s.
Number of non-converged points: 9888 of 1000000 ( 0.989 % ), Relative change in ionfrac:  1.05e-04
Rank=0: Doing Raytracing...
Rank=1: Doing Raytracing...
Rank=2: Doing Raytracing...
Rank=3: Doing Raytracing...
took 0.13s.
took 0.13s.
took 0.13s.
took 0.13s.
Doing Chemistry...
took  0.1 s.
Number of non-converged points: 5483 of 1000000 ( 0.548 % ), Relative change in ionfrac:  5.95e-05
Multiple source convergence reached after 8 ray-tracing iterations.
Mean-free-path for photons at z = 9.905 (Worseck+ 2014): 1.035e+01 cMpc
This corresponds to 10.352 grid cells.
Rank=3: 152431 sources.
Rank=1: 152429 sources.
Rank=0: 152429 sources.
Rank=2: 152429 sources.
Rank=1: Copied source data to device.
Rank=3: Copied source data to device.
Rank=0: Copied source data to device.
Rank=2: Copied source data to device.
Rank=1: Doing Raytracing...
Rank=3: Doing Raytracing...
Rank=2: Doing Raytracing...
Calling evolve3D...
dr [Mpc]: 9.169e-02
dt [years]: 5.299e+06
Running on 152429 source(s), total normalized ionizing flux: 3.21e+08
Mean density (cgs): 7.533e-05, Mean ionized fraction: 4.491e-01
Convergence Criterion (Number of points):  100

Rank=0: Doing Raytracing...
took 0.14s.
took 0.14s.
took 0.14s.
took 0.14s.
Doing Chemistry...
took  0.1 s.
Number of non-converged points: 536076 of 1000000 ( 53.608 % ), Relative change in ionfrac:  3.25e+00
Rank=0: Doing Raytracing...
Rank=1: Doing Raytracing...
Rank=2: Doing Raytracing...
Rank=3: Doing Raytracing...
took 0.14s.
took 0.14s.
took 0.14s.
took 0.14s.
Doing Chemistry...
took  0.1 s.
Number of non-converged points: 258798 of 1000000 ( 25.880 % ), Relative change in ionfrac:  6.25e-03
Rank=0: Doing Raytracing...
Rank=1: Doing Raytracing...
Rank=2: Doing Raytracing...
Rank=3: Doing Raytracing...
took 0.14s.
took 0.14s.
took 0.14s.
took 0.14s.
Doing Chemistry...
took  0.1 s.
Number of non-converged points: 134092 of 1000000 ( 13.409 % ), Relative change in ionfrac:  1.86e-03
Rank=0: Doing Raytracing...
Rank=1: Doing Raytracing...
Rank=2: Doing Raytracing...
Rank=3: Doing Raytracing...
took 0.14s.
took 0.14s.
took 0.14s.
took 0.14s.
Doing Chemistry...
took  0.1 s.
Number of non-converged points: 69765 of 1000000 ( 6.976 % ), Relative change in ionfrac:  7.50e-04
Rank=0: Doing Raytracing...
Rank=1: Doing Raytracing...
Rank=3: Doing Raytracing...
Rank=2: Doing Raytracing...
took 0.14s.
took 0.14s.
took 0.14s.
took 0.14s.
Doing Chemistry...
took  0.1 s.
Number of non-converged points: 34858 of 1000000 ( 3.486 % ), Relative change in ionfrac:  3.46e-04
Rank=0: Doing Raytracing...
Rank=1: Doing Raytracing...
Rank=2: Doing Raytracing...
Rank=3: Doing Raytracing...
took 0.14s.
took 0.14s.
took 0.14s.
took 0.14s.
Doing Chemistry...
took  0.1 s.
Number of non-converged points: 17633 of 1000000 ( 1.763 % ), Relative change in ionfrac:  1.74e-04
Rank=0: Doing Raytracing...
Rank=2: Doing Raytracing...
Rank=1: Doing Raytracing...
Rank=3: Doing Raytracing...
took 0.14s.
took 0.14s.
took 0.14s.
took 0.14s.
Doing Chemistry...
took  0.1 s.
Number of non-converged points: 9306 of 1000000 ( 0.931 % ), Relative change in ionfrac:  9.32e-05
Multiple source convergence reached after 7 ray-tracing iterations.

---- Reading density file:
  /capstor/scratch/cscs/cprior/CDM_100Mpc_2048/grids/nc100/CDM_100Mpc_2048.00035.ovrden.npy
 min, mean and max density : 2.324e-05  8.421e-05  7.274e-04 [1/cm3]
Rank=2: 156946 sources.
Rank=2: Copied source data to device.
Rank=2: Doing Raytracing...
Rank=1: 156946 sources.
Rank=1: Copied source data to device.
Rank=1: Doing Raytracing...

---- Reading source file with total of 627787 ionizing source:
CDM_100Mpc_2048.00035.halo.txt
 Total Flux : 3.430035e+56 [1/s]
 Total number of ionizing photons : 5.734255e+70
 Source lifetime : 75.598635 Myr
 min, max stellar (grid) mass : 1.214e+04  4.778e+08 [Msun] and min, mean, max number of ionising sources : 1.210e+49  5.464e+50  4.761e+53 [1/s]

--- Reionization History ----
 min, mean, max xHII : 2.00564e-04  4.75581e-01  9.99993e-01
 min, mean, max Irate : 3.61200e-22  4.60761e-14  7.05843e-12 [1/s]
 min, mean, max density : 2.32439e-05  8.42106e-05  7.27374e-04 [1/cm3]
Mean-free-path for photons at z = 9.825 (Worseck+ 2014): 1.036e+01 cMpc
This corresponds to 10.365 grid cells.
Rank=0: 156946 sources.
Rank=0: Copied source data to device.
Calling evolve3D...
dr [Mpc]: 9.237e-02
dt [years]: 5.298e+06
Running on 156946 source(s), total normalized ionizing flux: 3.43e+08
Mean density (cgs): 7.368e-05, Mean ionized fraction: 4.756e-01
Convergence Criterion (Number of points):  100

Rank=0: Doing Raytracing...
took 0.14s.
Rank=3: 156949 sources.
Rank=3: Copied source data to device.
Rank=3: Doing Raytracing...
took 0.14s.
took 0.14s.
took 0.15s.
Doing Chemistry...
took  0.1 s.
Number of non-converged points: 527212 of 1000000 ( 52.721 % ), Relative change in ionfrac:  3.01e+00
Rank=0: Doing Raytracing...
Rank=1: Doing Raytracing...
Rank=2: Doing Raytracing...
Rank=3: Doing Raytracing...
took 0.14s.
took 0.14s.
took 0.14s.
took 0.14s.
Doing Chemistry...
took  0.1 s.
Number of non-converged points: 270574 of 1000000 ( 27.057 % ), Relative change in ionfrac:  6.45e-03
Rank=0: Doing Raytracing...
Rank=1: Doing Raytracing...
Rank=2: Doing Raytracing...
Rank=3: Doing Raytracing...
took 0.14s.
took 0.14s.
took 0.14s.
took 0.14s.
Doing Chemistry...
took  0.1 s.
Number of non-converged points: 145878 of 1000000 ( 14.588 % ), Relative change in ionfrac:  1.96e-03
Rank=0: Doing Raytracing...
Rank=1: Doing Raytracing...
Rank=3: Doing Raytracing...
Rank=2: Doing Raytracing...
took 0.14s.
took 0.14s.
took 0.14s.
took 0.14s.
Doing Chemistry...
took  0.1 s.
Number of non-converged points: 78592 of 1000000 ( 7.859 % ), Relative change in ionfrac:  7.95e-04
Rank=0: Doing Raytracing...
Rank=1: Doing Raytracing...
Rank=3: Doing Raytracing...
Rank=2: Doing Raytracing...
took 0.14s.
took 0.14s.
took 0.14s.
took 0.14s.
Doing Chemistry...
took  0.1 s.
Number of non-converged points: 40034 of 1000000 ( 4.003 % ), Relative change in ionfrac:  3.69e-04
Rank=0: Doing Raytracing...
Rank=1: Doing Raytracing...
Rank=2: Doing Raytracing...
Rank=3: Doing Raytracing...
took 0.14s.
took 0.14s.
took 0.14s.
took 0.14s.
Doing Chemistry...
took  0.1 s.
Number of non-converged points: 20185 of 1000000 ( 2.018 % ), Relative change in ionfrac:  1.87e-04
Rank=1: Doing Raytracing...
Rank=3: Doing Raytracing...
Rank=0: Doing Raytracing...
Rank=2: Doing Raytracing...
took 0.14s.
took 0.14s.
took 0.14s.
took 0.14s.
Doing Chemistry...
took  0.1 s.
Number of non-converged points: 10788 of 1000000 ( 1.079 % ), Relative change in ionfrac:  1.00e-04
Rank=0: Doing Raytracing...
Rank=1: Doing Raytracing...
Rank=2: Doing Raytracing...
Rank=3: Doing Raytracing...
took 0.14s.
took 0.14s.
took 0.14s.
took 0.14s.
Doing Chemistry...
took  0.1 s.
Number of non-converged points: 5771 of 1000000 ( 0.577 % ), Relative change in ionfrac:  5.64e-05
Multiple source convergence reached after 8 ray-tracing iterations.
Mean-free-path for photons at z = 9.746 (Worseck+ 2014): 1.038e+01 cMpc
This corresponds to 10.379 grid cells.
Rank=2: 156946 sources.
Rank=0: 156946 sources.
Rank=1: 156946 sources.
Rank=2: Copied source data to device.
Rank=0: Copied source data to device.
Rank=1: Copied source data to device.
Rank=3: 156949 sources.
Rank=2: Doing Raytracing...
Rank=3: Copied source data to device.
Calling evolve3D...
dr [Mpc]: 9.304e-02
dt [years]: 5.298e+06
Running on 156946 source(s), total normalized ionizing flux: 3.43e+08
Mean density (cgs): 7.209e-05, Mean ionized fraction: 5.033e-01
Convergence Criterion (Number of points):  100

Rank=1: Doing Raytracing...
Rank=0: Doing Raytracing...
Rank=3: Doing Raytracing...
took 0.14s.
took 0.14s.
took 0.14s.
took 0.14s.
Doing Chemistry...
took  0.1 s.
Number of non-converged points: 510409 of 1000000 ( 51.041 % ), Relative change in ionfrac:  2.81e+00
Rank=0: Doing Raytracing...
Rank=1: Doing Raytracing...
Rank=2: Doing Raytracing...
Rank=3: Doing Raytracing...
took 0.14s.
took 0.14s.
took 0.14s.
took 0.14s.
Doing Chemistry...
took  0.1 s.
Number of non-converged points: 264202 of 1000000 ( 26.420 % ), Relative change in ionfrac:  5.89e-03
Rank=0: Doing Raytracing...
Rank=2: Doing Raytracing...
Rank=1: Doing Raytracing...
Rank=3: Doing Raytracing...
took 0.14s.
took 0.14s.
took 0.14s.
took 0.14s.
Doing Chemistry...
took  0.1 s.
Number of non-converged points: 142382 of 1000000 ( 14.238 % ), Relative change in ionfrac:  1.77e-03
Rank=0: Doing Raytracing...
Rank=2: Doing Raytracing...
Rank=3: Doing Raytracing...
Rank=1: Doing Raytracing...
took 0.14s.
took 0.14s.
took 0.14s.
took 0.14s.
Doing Chemistry...
took  0.1 s.
Number of non-converged points: 75098 of 1000000 ( 7.510 % ), Relative change in ionfrac:  7.11e-04
Rank=0: Doing Raytracing...
Rank=1: Doing Raytracing...
Rank=2: Doing Raytracing...
Rank=3: Doing Raytracing...
took 0.14s.
took 0.14s.
took 0.14s.
took 0.14s.
Doing Chemistry...
took  0.1 s.
Number of non-converged points: 37631 of 1000000 ( 3.763 % ), Relative change in ionfrac:  3.28e-04
Rank=0: Doing Raytracing...
Rank=1: Doing Raytracing...
Rank=2: Doing Raytracing...
Rank=3: Doing Raytracing...
took 0.14s.
took 0.14s.
took 0.14s.
took 0.14s.
Doing Chemistry...
took  0.1 s.
Number of non-converged points: 19001 of 1000000 ( 1.900 % ), Relative change in ionfrac:  1.64e-04
Rank=0: Doing Raytracing...
Rank=1: Doing Raytracing...
Rank=2: Doing Raytracing...
Rank=3: Doing Raytracing...
took 0.14s.
took 0.14s.
took 0.14s.
took 0.14s.
Doing Chemistry...
took  0.1 s.
Number of non-converged points: 9835 of 1000000 ( 0.984 % ), Relative change in ionfrac:  8.76e-05
Multiple source convergence reached after 7 ray-tracing iterations.

---- Reading density file:
  /capstor/scratch/cscs/cprior/CDM_100Mpc_2048/grids/nc100/CDM_100Mpc_2048.00036.ovrden.npy
 min, mean and max density : 2.167e-05  8.039e-05  7.162e-04 [1/cm3]
Rank=1: 161202 sources.
Rank=1: Copied source data to device.
Rank=1: Doing Raytracing...
Rank=2: 161202 sources.
Rank=2: Copied source data to device.
Rank=2: Doing Raytracing...

---- Reading source file with total of 644810 ionizing source:
CDM_100Mpc_2048.00036.halo.txt
 Total Flux : 3.652010e+56 [1/s]
 Total number of ionizing photons : 6.125234e+70
 Source lifetime : 78.583488 Myr
 min, max stellar (grid) mass : 1.214e+04  5.304e+08 [Msun] and min, mean, max number of ionising sources : 1.164e+49  5.664e+50  5.085e+53 [1/s]

--- Reionization History ----
 min, mean, max xHII : 2.00721e-04  5.30334e-01  9.99994e-01
 min, mean, max Irate : 4.65940e-22  5.51893e-14  9.30264e-12 [1/s]
 min, mean, max density : 2.16735e-05  8.03861e-05  7.16237e-04 [1/cm3]
Mean-free-path for photons at z = 9.669 (Worseck+ 2014): 1.039e+01 cMpc
This corresponds to 10.393 grid cells.
Rank=0: 161202 sources.
Rank=0: Copied source data to device.
Calling evolve3D...
dr [Mpc]: 9.372e-02
dt [years]: 5.315e+06
Running on 161202 source(s), total normalized ionizing flux: 3.65e+08
Mean density (cgs): 7.054e-05, Mean ionized fraction: 5.303e-01
Convergence Criterion (Number of points):  100

Rank=0: Doing Raytracing...
Rank=3: 161204 sources.
Rank=3: Copied source data to device.
Rank=3: Doing Raytracing...
took 0.16s.
took 0.16s.
took 0.15s.
took 0.15s.
Doing Chemistry...
took  0.1 s.
Number of non-converged points: 497869 of 1000000 ( 49.787 % ), Relative change in ionfrac:  2.61e+00
Rank=0: Doing Raytracing...
Rank=1: Doing Raytracing...
Rank=2: Doing Raytracing...
Rank=3: Doing Raytracing...
took 0.15s.
took 0.15s.
took 0.15s.
took 0.15s.
Doing Chemistry...
took  0.1 s.
Number of non-converged points: 273055 of 1000000 ( 27.305 % ), Relative change in ionfrac:  6.06e-03
Rank=0: Doing Raytracing...
Rank=1: Doing Raytracing...
Rank=2: Doing Raytracing...
Rank=3: Doing Raytracing...
took 0.15s.
took 0.15s.
took 0.15s.
took 0.15s.
Doing Chemistry...
took  0.1 s.
Number of non-converged points: 153011 of 1000000 ( 15.301 % ), Relative change in ionfrac:  1.85e-03
Rank=0: Doing Raytracing...
Rank=1: Doing Raytracing...
Rank=2: Doing Raytracing...
Rank=3: Doing Raytracing...
took 0.15s.
took 0.15s.
took 0.15s.
took 0.15s.
Doing Chemistry...
took  0.1 s.
Number of non-converged points: 83392 of 1000000 ( 8.339 % ), Relative change in ionfrac:  7.48e-04
Rank=0: Doing Raytracing...
Rank=2: Doing Raytracing...
Rank=1: Doing Raytracing...
Rank=3: Doing Raytracing...
took 0.15s.
took 0.15s.
took 0.15s.
took 0.15s.
Doing Chemistry...
took  0.1 s.
Number of non-converged points: 42115 of 1000000 ( 4.212 % ), Relative change in ionfrac:  3.46e-04
Rank=0: Doing Raytracing...
Rank=1: Doing Raytracing...
Rank=2: Doing Raytracing...
Rank=3: Doing Raytracing...
took 0.15s.
took 0.15s.
took 0.15s.
took 0.15s.
Doing Chemistry...
took  0.1 s.
Number of non-converged points: 21440 of 1000000 ( 2.144 % ), Relative change in ionfrac:  1.74e-04
Rank=0: Doing Raytracing...
Rank=1: Doing Raytracing...
Rank=2: Doing Raytracing...
Rank=3: Doing Raytracing...
took 0.15s.
took 0.15s.
took 0.15s.
took 0.15s.
Doing Chemistry...
took  0.1 s.
Number of non-converged points: 11335 of 1000000 ( 1.133 % ), Relative change in ionfrac:  9.28e-05
Rank=0: Doing Raytracing...
Rank=1: Doing Raytracing...
Rank=2: Doing Raytracing...
Rank=3: Doing Raytracing...
took 0.15s.
took 0.15s.
took 0.15s.
took 0.15s.
Doing Chemistry...
took  0.1 s.
Number of non-converged points: 6026 of 1000000 ( 0.603 % ), Relative change in ionfrac:  5.19e-05
Multiple source convergence reached after 8 ray-tracing iterations.
Mean-free-path for photons at z = 9.593 (Worseck+ 2014): 1.041e+01 cMpc
This corresponds to 10.408 grid cells.
Rank=1: 161202 sources.
Rank=0: 161202 sources.
Rank=2: 161202 sources.
Rank=1: Copied source data to device.
Rank=3: 161204 sources.
Rank=0: Copied source data to device.
Rank=2: Copied source data to device.
Rank=3: Copied source data to device.
Rank=1: Doing Raytracing...
Calling evolve3D...
dr [Mpc]: 9.439e-02
dt [years]: 5.315e+06
Running on 161202 source(s), total normalized ionizing flux: 3.65e+08
Mean density (cgs): 6.904e-05, Mean ionized fraction: 5.584e-01
Convergence Criterion (Number of points):  100

Rank=2: Doing Raytracing...
Rank=0: Doing Raytracing...
Rank=3: Doing Raytracing...
took 0.15s.
took 0.15s.
took 0.15s.
took 0.15s.
Doing Chemistry...
took  0.1 s.
Number of non-converged points: 478217 of 1000000 ( 47.822 % ), Relative change in ionfrac:  2.44e+00
Rank=0: Doing Raytracing...
Rank=1: Doing Raytracing...
Rank=2: Doing Raytracing...
Rank=3: Doing Raytracing...
took 0.15s.
took 0.15s.
took 0.15s.
took 0.15s.
Doing Chemistry...
took  0.1 s.
Number of non-converged points: 264735 of 1000000 ( 26.474 % ), Relative change in ionfrac:  5.51e-03
Rank=0: Doing Raytracing...
Rank=1: Doing Raytracing...
Rank=2: Doing Raytracing...
Rank=3: Doing Raytracing...
took 0.15s.
took 0.15s.
took 0.15s.
took 0.15s.
Doing Chemistry...
took  0.1 s.
Number of non-converged points: 147610 of 1000000 ( 14.761 % ), Relative change in ionfrac:  1.66e-03
Rank=0: Doing Raytracing...
Rank=2: Doing Raytracing...
Rank=1: Doing Raytracing...
Rank=3: Doing Raytracing...
took 0.15s.
took 0.15s.
took 0.15s.
took 0.15s.
Doing Chemistry...
took  0.1 s.
Number of non-converged points: 78734 of 1000000 ( 7.873 % ), Relative change in ionfrac:  6.65e-04
Rank=0: Doing Raytracing...
Rank=1: Doing Raytracing...
Rank=2: Doing Raytracing...
Rank=3: Doing Raytracing...
took 0.15s.
took 0.15s.
took 0.15s.
took 0.15s.
Doing Chemistry...
took  0.1 s.
Number of non-converged points: 39199 of 1000000 ( 3.920 % ), Relative change in ionfrac:  3.04e-04
Rank=0: Doing Raytracing...
Rank=1: Doing Raytracing...
Rank=2: Doing Raytracing...
Rank=3: Doing Raytracing...
took 0.15s.
took 0.15s.
took 0.15s.
took 0.15s.
Doing Chemistry...
took  0.1 s.
Number of non-converged points: 19640 of 1000000 ( 1.964 % ), Relative change in ionfrac:  1.51e-04
Rank=1: Doing Raytracing...
Rank=2: Doing Raytracing...
Rank=0: Doing Raytracing...
Rank=3: Doing Raytracing...
took 0.15s.
took 0.15s.
took 0.15s.
took 0.15s.
Doing Chemistry...
took  0.1 s.
Number of non-converged points: 10254 of 1000000 ( 1.025 % ), Relative change in ionfrac:  8.01e-05
Rank=0: Doing Raytracing...
Rank=1: Doing Raytracing...
Rank=2: Doing Raytracing...
Rank=3: Doing Raytracing...
took 0.15s.
took 0.15s.
took 0.15s.
took 0.15s.
Doing Chemistry...
took  0.1 s.
Number of non-converged points: 5260 of 1000000 ( 0.526 % ), Relative change in ionfrac:  4.44e-05
Multiple source convergence reached after 8 ray-tracing iterations.

---- Reading density file:
  /capstor/scratch/cscs/cprior/CDM_100Mpc_2048/grids/nc100/CDM_100Mpc_2048.00037.ovrden.npy
 min, mean and max density : 2.029e-05  7.681e-05  7.055e-04 [1/cm3]
Rank=1: 165148 sources.
Rank=1: Copied source data to device.
Rank=1: Doing Raytracing...
Rank=2: 165148 sources.
Rank=2: Copied source data to device.
Rank=2: Doing Raytracing...
Rank=3: 165150 sources.
Rank=3: Copied source data to device.
Rank=3: Doing Raytracing...

---- Reading source file with total of 660594 ionizing source:
CDM_100Mpc_2048.00037.halo.txt
 Total Flux : 3.872287e+56 [1/s]
 Total number of ionizing photons : 6.502449e+70
 Source lifetime : 81.624197 Myr
 min, max stellar (grid) mass : 1.214e+04  6.009e+08 [Msun] and min, mean, max number of ionising sources : 1.121e+49  5.862e+50  5.546e+53 [1/s]
took 0.15s.

--- Reionization History ----
 min, mean, max xHII : 2.00912e-04  5.85562e-01  9.99993e-01
 min, mean, max Irate : 5.86504e-22  6.49619e-14  9.61252e-12 [1/s]
 min, mean, max density : 2.02878e-05  7.68051e-05  7.05531e-04 [1/cm3]
Mean-free-path for photons at z = 9.518 (Worseck+ 2014): 1.042e+01 cMpc
This corresponds to 10.424 grid cells.
Rank=0: 165148 sources.
Rank=0: Copied source data to device.
Calling evolve3D...
dr [Mpc]: 9.506e-02
dt [years]: 5.321e+06
Running on 165148 source(s), total normalized ionizing flux: 3.87e+08
Mean density (cgs): 6.759e-05, Mean ionized fraction: 5.856e-01
Convergence Criterion (Number of points):  100

Rank=0: Doing Raytracing...
took 0.15s.
took 0.16s.
took 0.15s.
Doing Chemistry...
took  0.1 s.
Number of non-converged points: 462092 of 1000000 ( 46.209 % ), Relative change in ionfrac:  2.29e+00
Rank=0: Doing Raytracing...
Rank=1: Doing Raytracing...
Rank=2: Doing Raytracing...
Rank=3: Doing Raytracing...
took 0.15s.
took 0.15s.
took 0.15s.
took 0.15s.
Doing Chemistry...
took  0.1 s.
Number of non-converged points: 268827 of 1000000 ( 26.883 % ), Relative change in ionfrac:  5.58e-03
Rank=0: Doing Raytracing...
Rank=3: Doing Raytracing...
Rank=1: Doing Raytracing...
Rank=2: Doing Raytracing...
took 0.15s.
took 0.15s.
took 0.15s.
took 0.15s.
Doing Chemistry...
took  0.1 s.
Number of non-converged points: 155161 of 1000000 ( 15.516 % ), Relative change in ionfrac:  1.70e-03
Rank=0: Doing Raytracing...
Rank=1: Doing Raytracing...
Rank=2: Doing Raytracing...
Rank=3: Doing Raytracing...
took 0.15s.
took 0.15s.
took 0.15s.
took 0.15s.
Doing Chemistry...
took  0.1 s.
Number of non-converged points: 85024 of 1000000 ( 8.502 % ), Relative change in ionfrac:  6.85e-04
Rank=0: Doing Raytracing...
Rank=2: Doing Raytracing...
Rank=3: Doing Raytracing...
Rank=1: Doing Raytracing...
took 0.15s.
took 0.15s.
took 0.15s.
took 0.15s.
Doing Chemistry...
took  0.1 s.
Number of non-converged points: 43022 of 1000000 ( 4.302 % ), Relative change in ionfrac:  3.15e-04
Rank=0: Doing Raytracing...
Rank=1: Doing Raytracing...
Rank=3: Doing Raytracing...
Rank=2: Doing Raytracing...
took 0.15s.
took 0.15s.
took 0.15s.
took 0.15s.
Doing Chemistry...
took  0.1 s.
Number of non-converged points: 21866 of 1000000 ( 2.187 % ), Relative change in ionfrac:  1.57e-04
Rank=0: Doing Raytracing...
Rank=2: Doing Raytracing...
Rank=1: Doing Raytracing...
Rank=3: Doing Raytracing...
took 0.15s.
took 0.15s.
took 0.15s.
took 0.15s.
Doing Chemistry...
took  0.1 s.
Number of non-converged points: 11371 of 1000000 ( 1.137 % ), Relative change in ionfrac:  8.32e-05
Rank=0: Doing Raytracing...
Rank=2: Doing Raytracing...
Rank=1: Doing Raytracing...
Rank=3: Doing Raytracing...
took 0.15s.
took 0.15s.
took 0.15s.
took 0.15s.
Doing Chemistry...
took  0.1 s.
Number of non-converged points: 5988 of 1000000 ( 0.599 % ), Relative change in ionfrac:  4.62e-05
Multiple source convergence reached after 8 ray-tracing iterations.
Mean-free-path for photons at z = 9.445 (Worseck+ 2014): 1.044e+01 cMpc
This corresponds to 10.441 grid cells.
Rank=0: 165148 sources.
Rank=1: 165148 sources.
Rank=2: 165148 sources.
Rank=3: 165150 sources.
Rank=2: Copied source data to device.
Rank=0: Copied source data to device.
Rank=1: Copied source data to device.
Rank=3: Copied source data to device.
Rank=2: Doing Raytracing...
Calling evolve3D...
dr [Mpc]: 9.573e-02
dt [years]: 5.321e+06
Running on 165148 source(s), total normalized ionizing flux: 3.87e+08
Mean density (cgs): 6.618e-05, Mean ionized fraction: 6.133e-01
Convergence Criterion (Number of points):  100

Rank=1: Doing Raytracing...
Rank=3: Doing Raytracing...
Rank=0: Doing Raytracing...
took 0.15s.
took 0.15s.
took 0.15s.
took 0.15s.
Doing Chemistry...
took  0.1 s.
Number of non-converged points: 440674 of 1000000 ( 44.067 % ), Relative change in ionfrac:  2.15e+00
Rank=0: Doing Raytracing...
Rank=2: Doing Raytracing...
Rank=1: Doing Raytracing...
Rank=3: Doing Raytracing...
took 0.15s.
took 0.15s.
took 0.15s.
took 0.15s.
Doing Chemistry...
took  0.1 s.
Number of non-converged points: 258647 of 1000000 ( 25.865 % ), Relative change in ionfrac:  5.08e-03
Rank=0: Doing Raytracing...
Rank=1: Doing Raytracing...
Rank=2: Doing Raytracing...
Rank=3: Doing Raytracing...
took 0.15s.
took 0.15s.
took 0.15s.
took 0.15s.
Doing Chemistry...
took  0.1 s.
Number of non-converged points: 149326 of 1000000 ( 14.933 % ), Relative change in ionfrac:  1.54e-03
Rank=0: Doing Raytracing...
Rank=2: Doing Raytracing...
Rank=1: Doing Raytracing...
Rank=3: Doing Raytracing...
took 0.15s.
took 0.15s.
took 0.15s.
took 0.15s.
Doing Chemistry...
took  0.1 s.
Number of non-converged points: 80461 of 1000000 ( 8.046 % ), Relative change in ionfrac:  6.12e-04
Rank=0: Doing Raytracing...
Rank=1: Doing Raytracing...
Rank=2: Doing Raytracing...
Rank=3: Doing Raytracing...
took 0.15s.
took 0.15s.
took 0.15s.
took 0.15s.
Doing Chemistry...
took  0.1 s.
Number of non-converged points: 39483 of 1000000 ( 3.948 % ), Relative change in ionfrac:  2.77e-04
Rank=0: Doing Raytracing...
Rank=1: Doing Raytracing...
Rank=2: Doing Raytracing...
Rank=3: Doing Raytracing...
took 0.15s.
took 0.15s.
took 0.15s.
took 0.15s.
Doing Chemistry...
took  0.1 s.
Number of non-converged points: 19536 of 1000000 ( 1.954 % ), Relative change in ionfrac:  1.36e-04
Rank=0: Doing Raytracing...
Rank=1: Doing Raytracing...
Rank=2: Doing Raytracing...
Rank=3: Doing Raytracing...
took 0.15s.
took 0.15s.
took 0.15s.
took 0.15s.
Doing Chemistry...
took  0.1 s.
Number of non-converged points: 10032 of 1000000 ( 1.003 % ), Relative change in ionfrac:  7.12e-05
Rank=0: Doing Raytracing...
Rank=2: Doing Raytracing...
Rank=3: Doing Raytracing...
Rank=1: Doing Raytracing...
took 0.15s.
took 0.15s.
took 0.15s.
took 0.15s.
Doing Chemistry...
took  0.1 s.
Number of non-converged points: 5061 of 1000000 ( 0.506 % ), Relative change in ionfrac:  3.90e-05
Multiple source convergence reached after 8 ray-tracing iterations.

---- Reading density file:
  /capstor/scratch/cscs/cprior/CDM_100Mpc_2048/grids/nc100/CDM_100Mpc_2048.00038.ovrden.npy
 min, mean and max density : 1.905e-05  7.345e-05  6.968e-04 [1/cm3]
Rank=1: 168844 sources.
Rank=1: Copied source data to device.
Rank=1: Doing Raytracing...

---- Reading source file with total of 675377 ionizing source:
CDM_100Mpc_2048.00038.halo.txt
 Total Flux : 4.091076e+56 [1/s]
 Total number of ionizing photons : 6.818155e+70
 Source lifetime : 84.714472 Myr
 min, max stellar (grid) mass : 1.214e+04  6.466e+08 [Msun] and min, mean, max number of ionising sources : 1.080e+49  6.057e+50  5.751e+53 [1/s]

--- Reionization History ----
 min, mean, max xHII : 2.01204e-04  6.39966e-01  9.99994e-01
 min, mean, max Irate : 8.87990e-22  7.51075e-14  1.01672e-11 [1/s]
 min, mean, max density : 1.90521e-05  7.34543e-05  6.96837e-04 [1/cm3]
Mean-free-path for photons at z = 9.373 (Worseck+ 2014): 1.046e+01 cMpc
This corresponds to 10.459 grid cells.
Rank=0: 168844 sources.
Rank=0: Copied source data to device.
Calling evolve3D...
dr [Mpc]: 9.640e-02
dt [years]: 5.281e+06
Running on 168844 source(s), total normalized ionizing flux: 4.09e+08
Mean density (cgs): 6.482e-05, Mean ionized fraction: 6.400e-01
Convergence Criterion (Number of points):  100

Rank=0: Doing Raytracing...
Rank=2: 168844 sources.
Rank=2: Copied source data to device.
Rank=2: Doing Raytracing...
Rank=3: 168845 sources.
Rank=3: Copied source data to device.
Rank=3: Doing Raytracing...
took 0.16s.
took 0.16s.
took 0.16s.
took 0.16s.
Doing Chemistry...
took  0.1 s.
Number of non-converged points: 421580 of 1000000 ( 42.158 % ), Relative change in ionfrac:  2.02e+00
Rank=0: Doing Raytracing...
Rank=1: Doing Raytracing...
Rank=2: Doing Raytracing...
Rank=3: Doing Raytracing...
took 0.16s.
took 0.16s.
took 0.16s.
took 0.16s.
Doing Chemistry...
took  0.1 s.
Number of non-converged points: 256981 of 1000000 ( 25.698 % ), Relative change in ionfrac:  5.02e-03
Rank=0: Doing Raytracing...
Rank=1: Doing Raytracing...
Rank=3: Doing Raytracing...
Rank=2: Doing Raytracing...
took 0.16s.
took 0.16s.
took 0.16s.
took 0.16s.
Doing Chemistry...
took  0.1 s.
Number of non-converged points: 152639 of 1000000 ( 15.264 % ), Relative change in ionfrac:  1.53e-03
Rank=0: Doing Raytracing...
Rank=1: Doing Raytracing...
Rank=3: Doing Raytracing...
Rank=2: Doing Raytracing...
took 0.16s.
took 0.16s.
took 0.16s.
took 0.16s.
Doing Chemistry...
took  0.1 s.
Number of non-converged points: 83393 of 1000000 ( 8.339 % ), Relative change in ionfrac:  6.10e-04
Rank=0: Doing Raytracing...
Rank=1: Doing Raytracing...
Rank=2: Doing Raytracing...
Rank=3: Doing Raytracing...
took 0.16s.
took 0.16s.
took 0.16s.
took 0.16s.
Doing Chemistry...
took  0.1 s.
Number of non-converged points: 41753 of 1000000 ( 4.175 % ), Relative change in ionfrac:  2.78e-04
Rank=0: Doing Raytracing...
Rank=3: Doing Raytracing...
Rank=1: Doing Raytracing...
Rank=2: Doing Raytracing...
took 0.16s.
took 0.16s.
took 0.16s.
took 0.16s.
Doing Chemistry...
took  0.1 s.
Number of non-converged points: 20865 of 1000000 ( 2.087 % ), Relative change in ionfrac:  1.37e-04
Rank=0: Doing Raytracing...
Rank=1: Doing Raytracing...
Rank=2: Doing Raytracing...
Rank=3: Doing Raytracing...
took 0.16s.
took 0.16s.
took 0.16s.
took 0.16s.
Doing Chemistry...
took  0.1 s.
Number of non-converged points: 10888 of 1000000 ( 1.089 % ), Relative change in ionfrac:  7.20e-05
Rank=0: Doing Raytracing...
Rank=1: Doing Raytracing...
Rank=2: Doing Raytracing...
Rank=3: Doing Raytracing...
took 0.16s.
took 0.16s.
took 0.16s.
took 0.16s.
Doing Chemistry...
took  0.1 s.
Number of non-converged points: 5502 of 1000000 ( 0.550 % ), Relative change in ionfrac:  3.96e-05
Multiple source convergence reached after 8 ray-tracing iterations.
Mean-free-path for photons at z = 9.302 (Worseck+ 2014): 1.048e+01 cMpc
This corresponds to 10.478 grid cells.
Rank=0: 168844 sources.
Rank=1: 168844 sources.
Rank=2: 168844 sources.
Rank=1: Copied source data to device.
Rank=3: 168845 sources.
Rank=0: Copied source data to device.
Rank=2: Copied source data to device.
Rank=3: Copied source data to device.
Rank=1: Doing Raytracing...
Calling evolve3D...
dr [Mpc]: 9.706e-02
dt [years]: 5.281e+06
Running on 168844 source(s), total normalized ionizing flux: 4.09e+08
Mean density (cgs): 6.351e-05, Mean ionized fraction: 6.667e-01
Convergence Criterion (Number of points):  100

Rank=2: Doing Raytracing...
Rank=0: Doing Raytracing...
Rank=3: Doing Raytracing...
took 0.16s.
took 0.16s.
took 0.16s.
took 0.16s.
Doing Chemistry...
took  0.1 s.
Number of non-converged points: 398981 of 1000000 ( 39.898 % ), Relative change in ionfrac:  1.91e+00
Rank=0: Doing Raytracing...
Rank=1: Doing Raytracing...
Rank=2: Doing Raytracing...
Rank=3: Doing Raytracing...
took 0.16s.
took 0.16s.
took 0.16s.
took 0.16s.
Doing Chemistry...
took  0.1 s.
Number of non-converged points: 245435 of 1000000 ( 24.543 % ), Relative change in ionfrac:  4.55e-03
Rank=0: Doing Raytracing...
Rank=1: Doing Raytracing...
Rank=3: Doing Raytracing...
Rank=2: Doing Raytracing...
took 0.16s.
took 0.16s.
took 0.16s.
took 0.16s.
Doing Chemistry...
took  0.1 s.
Number of non-converged points: 145452 of 1000000 ( 14.545 % ), Relative change in ionfrac:  1.37e-03
Rank=0: Doing Raytracing...
Rank=1: Doing Raytracing...
Rank=2: Doing Raytracing...
Rank=3: Doing Raytracing...
took 0.16s.
took 0.16s.
took 0.16s.
took 0.16s.
Doing Chemistry...
took  0.1 s.
Number of non-converged points: 77685 of 1000000 ( 7.769 % ), Relative change in ionfrac:  5.39e-04
Rank=0: Doing Raytracing...
Rank=1: Doing Raytracing...
Rank=2: Doing Raytracing...
Rank=3: Doing Raytracing...
took 0.16s.
took 0.16s.
took 0.16s.
took 0.16s.
Doing Chemistry...
took  0.1 s.
Number of non-converged points: 37759 of 1000000 ( 3.776 % ), Relative change in ionfrac:  2.41e-04
Rank=0: Doing Raytracing...
Rank=1: Doing Raytracing...
Rank=2: Doing Raytracing...
Rank=3: Doing Raytracing...
took 0.16s.
took 0.16s.
took 0.16s.
took 0.16s.
Doing Chemistry...
took  0.1 s.
Number of non-converged points: 18651 of 1000000 ( 1.865 % ), Relative change in ionfrac:  1.18e-04
Rank=0: Doing Raytracing...
Rank=1: Doing Raytracing...
Rank=2: Doing Raytracing...
Rank=3: Doing Raytracing...
took 0.16s.
took 0.16s.
took 0.16s.
took 0.16s.
Doing Chemistry...
took  0.1 s.
Number of non-converged points: 9350 of 1000000 ( 0.935 % ), Relative change in ionfrac:  6.08e-05
Rank=0: Doing Raytracing...
Rank=1: Doing Raytracing...
Rank=2: Doing Raytracing...
Rank=3: Doing Raytracing...
took 0.16s.
took 0.16s.
took 0.16s.
took 0.16s.
Doing Chemistry...
took  0.1 s.
Number of non-converged points: 4347 of 1000000 ( 0.435 % ), Relative change in ionfrac:  3.30e-05
Multiple source convergence reached after 8 ray-tracing iterations.

---- Reading density file:
  /capstor/scratch/cscs/cprior/CDM_100Mpc_2048/grids/nc100/CDM_100Mpc_2048.00039.ovrden.npy
 min, mean and max density : 1.806e-05  7.034e-05  6.934e-04 [1/cm3]
Rank=1: 172346 sources.
Rank=1: Copied source data to device.
Rank=1: Doing Raytracing...

---- Reading source file with total of 689386 ionizing source:
CDM_100Mpc_2048.00039.halo.txt
 Total Flux : 4.312060e+56 [1/s]
 Total number of ionizing photons : 7.256639e+70
 Source lifetime : 87.826596 Myr
 min, max stellar (grid) mass : 1.214e+04  6.550e+08 [Msun] and min, mean, max number of ionising sources : 1.042e+49  6.255e+50  5.619e+53 [1/s]

--- Reionization History ----
 min, mean, max xHII : 2.01585e-04  6.91940e-01  9.99996e-01
 min, mean, max Irate : 1.15277e-21  8.49896e-14  1.03129e-11 [1/s]
 min, mean, max density : 1.80562e-05  7.03408e-05  6.93448e-04 [1/cm3]
Mean-free-path for photons at z = 9.232 (Worseck+ 2014): 1.050e+01 cMpc
This corresponds to 10.498 grid cells.
Rank=2: 172346 sources.
Rank=2: Copied source data to device.
Rank=2: Doing Raytracing...
Rank=0: 172346 sources.
Rank=0: Copied source data to device.
Calling evolve3D...
dr [Mpc]: 9.772e-02
dt [years]: 5.333e+06
Running on 172346 source(s), total normalized ionizing flux: 4.31e+08
Mean density (cgs): 6.223e-05, Mean ionized fraction: 6.919e-01
Convergence Criterion (Number of points):  100

Rank=0: Doing Raytracing...
took 0.17s.
Rank=3: 172348 sources.
Rank=3: Copied source data to device.
Rank=3: Doing Raytracing...
took 0.17s.
took 0.17s.
took 0.17s.
Doing Chemistry...
took  0.1 s.
Number of non-converged points: 379197 of 1000000 ( 37.920 % ), Relative change in ionfrac:  1.81e+00
Rank=0: Doing Raytracing...
Rank=1: Doing Raytracing...
Rank=3: Doing Raytracing...
Rank=2: Doing Raytracing...
took 0.17s.
took 0.17s.
took 0.17s.
took 0.17s.
Doing Chemistry...
took  0.1 s.
Number of non-converged points: 243517 of 1000000 ( 24.352 % ), Relative change in ionfrac:  4.61e-03
Rank=0: Doing Raytracing...
Rank=1: Doing Raytracing...
Rank=3: Doing Raytracing...
Rank=2: Doing Raytracing...
took 0.17s.
took 0.17s.
took 0.17s.
took 0.17s.
Doing Chemistry...
took  0.1 s.
Number of non-converged points: 150055 of 1000000 ( 15.005 % ), Relative change in ionfrac:  1.42e-03
Rank=0: Doing Raytracing...
Rank=1: Doing Raytracing...
Rank=2: Doing Raytracing...
Rank=3: Doing Raytracing...
took 0.17s.
took 0.17s.
took 0.17s.
took 0.17s.
Doing Chemistry...
took  0.1 s.
Number of non-converged points: 84022 of 1000000 ( 8.402 % ), Relative change in ionfrac:  5.65e-04
Rank=0: Doing Raytracing...
Rank=1: Doing Raytracing...
Rank=2: Doing Raytracing...
Rank=3: Doing Raytracing...
took 0.17s.
took 0.17s.
took 0.17s.
took 0.17s.
Doing Chemistry...
took  0.1 s.
Number of non-converged points: 42209 of 1000000 ( 4.221 % ), Relative change in ionfrac:  2.56e-04
Rank=0: Doing Raytracing...
Rank=1: Doing Raytracing...
Rank=2: Doing Raytracing...
Rank=3: Doing Raytracing...
took 0.17s.
took 0.17s.
took 0.17s.
took 0.17s.
Doing Chemistry...
took  0.1 s.
Number of non-converged points: 21325 of 1000000 ( 2.132 % ), Relative change in ionfrac:  1.25e-04
Rank=0: Doing Raytracing...
Rank=1: Doing Raytracing...
Rank=2: Doing Raytracing...
Rank=3: Doing Raytracing...
took 0.17s.
took 0.17s.
took 0.17s.
took 0.17s.
Doing Chemistry...
took  0.1 s.
Number of non-converged points: 11028 of 1000000 ( 1.103 % ), Relative change in ionfrac:  6.54e-05
Rank=0: Doing Raytracing...
Rank=1: Doing Raytracing...
Rank=2: Doing Raytracing...
Rank=3: Doing Raytracing...
took 0.17s.
took 0.17s.
took 0.17s.
took 0.17s.
Doing Chemistry...
took  0.1 s.
Number of non-converged points: 5551 of 1000000 ( 0.555 % ), Relative change in ionfrac:  3.58e-05
Multiple source convergence reached after 8 ray-tracing iterations.
Mean-free-path for photons at z = 9.164 (Worseck+ 2014): 1.052e+01 cMpc
This corresponds to 10.518 grid cells.
Rank=0: 172346 sources.
Rank=3: 172348 sources.
Rank=1: 172346 sources.
Rank=0: Copied source data to device.
Rank=3: Copied source data to device.
Rank=1: Copied source data to device.
Rank=2: 172346 sources.
Rank=2: Copied source data to device.
Calling evolve3D...
dr [Mpc]: 9.838e-02
dt [years]: 5.333e+06
Running on 172346 source(s), total normalized ionizing flux: 4.31e+08
Mean density (cgs): 6.098e-05, Mean ionized fraction: 7.176e-01
Convergence Criterion (Number of points):  100

Rank=0: Doing Raytracing...
Rank=3: Doing Raytracing...
Rank=1: Doing Raytracing...
Rank=2: Doing Raytracing...
took 0.17s.
took 0.17s.
took 0.17s.
took 0.17s.
Doing Chemistry...
took  0.1 s.
Number of non-converged points: 355334 of 1000000 ( 35.533 % ), Relative change in ionfrac:  1.71e+00
Rank=0: Doing Raytracing...
Rank=1: Doing Raytracing...
Rank=2: Doing Raytracing...
Rank=3: Doing Raytracing...
took 0.17s.
took 0.17s.
took 0.17s.
took 0.17s.
Doing Chemistry...
took  0.1 s.
Number of non-converged points: 230306 of 1000000 ( 23.031 % ), Relative change in ionfrac:  4.13e-03
Rank=0: Doing Raytracing...
Rank=1: Doing Raytracing...
Rank=2: Doing Raytracing...
Rank=3: Doing Raytracing...
took 0.17s.
took 0.17s.
took 0.17s.
took 0.17s.
Doing Chemistry...
took  0.1 s.
Number of non-converged points: 141580 of 1000000 ( 14.158 % ), Relative change in ionfrac:  1.26e-03
Rank=0: Doing Raytracing...
Rank=1: Doing Raytracing...
Rank=2: Doing Raytracing...
Rank=3: Doing Raytracing...
took 0.17s.
took 0.17s.
took 0.17s.
took 0.17s.
Doing Chemistry...
took  0.1 s.
Number of non-converged points: 77403 of 1000000 ( 7.740 % ), Relative change in ionfrac:  4.96e-04
Rank=0: Doing Raytracing...
Rank=1: Doing Raytracing...
Rank=2: Doing Raytracing...
Rank=3: Doing Raytracing...
took 0.17s.
took 0.17s.
took 0.17s.
took 0.17s.
Doing Chemistry...
took  0.1 s.
Number of non-converged points: 38163 of 1000000 ( 3.816 % ), Relative change in ionfrac:  2.22e-04
Rank=0: Doing Raytracing...
Rank=1: Doing Raytracing...
Rank=2: Doing Raytracing...
Rank=3: Doing Raytracing...
took 0.17s.
took 0.17s.
took 0.17s.
took 0.17s.
Doing Chemistry...
took  0.1 s.
Number of non-converged points: 18704 of 1000000 ( 1.870 % ), Relative change in ionfrac:  1.08e-04
Rank=0: Doing Raytracing...
Rank=1: Doing Raytracing...
Rank=2: Doing Raytracing...
Rank=3: Doing Raytracing...
took 0.17s.
took 0.17s.
took 0.17s.
took 0.17s.
Doing Chemistry...
took  0.1 s.
Number of non-converged points: 9322 of 1000000 ( 0.932 % ), Relative change in ionfrac:  5.54e-05
Rank=0: Doing Raytracing...
Rank=1: Doing Raytracing...
Rank=2: Doing Raytracing...
Rank=3: Doing Raytracing...
took 0.17s.
took 0.17s.
took 0.17s.
took 0.17s.
Doing Chemistry...
took  0.1 s.
Number of non-converged points: 4351 of 1000000 ( 0.435 % ), Relative change in ionfrac:  2.99e-05
Multiple source convergence reached after 8 ray-tracing iterations.

---- Reading density file:
  /capstor/scratch/cscs/cprior/CDM_100Mpc_2048/grids/nc100/CDM_100Mpc_2048.00040.ovrden.npy
 min, mean and max density : 1.732e-05  6.739e-05  6.944e-04 [1/cm3]
Rank=1: 175635 sources.
Rank=1: Copied source data to device.
Rank=1: Doing Raytracing...

---- Reading source file with total of 702541 ionizing source:
CDM_100Mpc_2048.00040.halo.txt
 Total Flux : 4.530505e+56 [1/s]
 Total number of ionizing photons : 7.583495e+70
 Source lifetime : 91.014370 Myr
 min, max stellar (grid) mass : 1.214e+04  7.332e+08 [Msun] and min, mean, max number of ionising sources : 1.005e+49  6.449e+50  6.070e+53 [1/s]

--- Reionization History ----
 min, mean, max xHII : 2.02148e-04  7.41582e-01  9.99997e-01
 min, mean, max Irate : 1.56589e-21  9.55832e-14  9.82047e-12 [1/s]
 min, mean, max density : 1.73153e-05  6.73935e-05  6.94378e-04 [1/cm3]
took 0.17s.
Rank=2: 175635 sources.
Rank=2: Copied source data to device.
Rank=2: Doing Raytracing...
Mean-free-path for photons at z = 9.096 (Worseck+ 2014): 1.054e+01 cMpc
This corresponds to 10.540 grid cells.
Rank=0: 175635 sources.
Rank=0: Copied source data to device.
Calling evolve3D...
dr [Mpc]: 9.904e-02
dt [years]: 5.304e+06
Running on 175635 source(s), total normalized ionizing flux: 4.53e+08
Mean density (cgs): 5.978e-05, Mean ionized fraction: 7.416e-01
Convergence Criterion (Number of points):  100

Rank=0: Doing Raytracing...
Rank=3: 175636 sources.
Rank=3: Copied source data to device.
Rank=3: Doing Raytracing...
took 0.17s.
took 0.17s.
took 0.17s.
Doing Chemistry...
took  0.1 s.
Number of non-converged points: 332977 of 1000000 ( 33.298 % ), Relative change in ionfrac:  1.63e+00
Rank=0: Doing Raytracing...
Rank=2: Doing Raytracing...
Rank=3: Doing Raytracing...
Rank=1: Doing Raytracing...
took 0.17s.
took 0.17s.
took 0.17s.
took 0.17s.
Doing Chemistry...
took  0.1 s.
Number of non-converged points: 221807 of 1000000 ( 22.181 % ), Relative change in ionfrac:  3.99e-03
Rank=0: Doing Raytracing...
Rank=1: Doing Raytracing...
Rank=3: Doing Raytracing...
Rank=2: Doing Raytracing...
took 0.17s.
took 0.17s.
took 0.17s.
took 0.17s.
Doing Chemistry...
took  0.1 s.
Number of non-converged points: 139635 of 1000000 ( 13.964 % ), Relative change in ionfrac:  1.22e-03
Rank=0: Doing Raytracing...
Rank=1: Doing Raytracing...
Rank=3: Doing Raytracing...
Rank=2: Doing Raytracing...
took 0.17s.
took 0.17s.
took 0.17s.
took 0.17s.
Doing Chemistry...
took  0.1 s.
Number of non-converged points: 78047 of 1000000 ( 7.805 % ), Relative change in ionfrac:  4.83e-04
Rank=0: Doing Raytracing...
Rank=1: Doing Raytracing...
Rank=2: Doing Raytracing...
Rank=3: Doing Raytracing...
took 0.17s.
took 0.17s.
took 0.17s.
took 0.17s.
Doing Chemistry...
took  0.1 s.
Number of non-converged points: 38777 of 1000000 ( 3.878 % ), Relative change in ionfrac:  2.17e-04
Rank=0: Doing Raytracing...
Rank=1: Doing Raytracing...
Rank=2: Doing Raytracing...
Rank=3: Doing Raytracing...
took 0.17s.
took 0.17s.
took 0.17s.
took 0.17s.
Doing Chemistry...
took  0.1 s.
Number of non-converged points: 19234 of 1000000 ( 1.923 % ), Relative change in ionfrac:  1.05e-04
Rank=0: Doing Raytracing...
Rank=1: Doing Raytracing...
Rank=2: Doing Raytracing...
Rank=3: Doing Raytracing...
took 0.17s.
took 0.17s.
took 0.17s.
took 0.17s.
Doing Chemistry...
took  0.1 s.
Number of non-converged points: 9700 of 1000000 ( 0.970 % ), Relative change in ionfrac:  5.43e-05
Rank=0: Doing Raytracing...
Rank=1: Doing Raytracing...
Rank=2: Doing Raytracing...
Rank=3: Doing Raytracing...
took 0.17s.
took 0.17s.
took 0.17s.
took 0.17s.
Doing Chemistry...
took  0.1 s.
Number of non-converged points: 4535 of 1000000 ( 0.454 % ), Relative change in ionfrac:  2.93e-05
Multiple source convergence reached after 8 ray-tracing iterations.
Mean-free-path for photons at z = 9.030 (Worseck+ 2014): 1.056e+01 cMpc
This corresponds to 10.563 grid cells.
Rank=3: 175636 sources.
Rank=1: 175635 sources.
Rank=2: 175635 sources.
Rank=3: Copied source data to device.
Rank=1: Copied source data to device.
Rank=2: Copied source data to device.
Rank=0: 175635 sources.
Rank=0: Copied source data to device.
Rank=1: Doing Raytracing...
Rank=2: Doing Raytracing...
Rank=3: Doing Raytracing...
Calling evolve3D...
dr [Mpc]: 9.969e-02
dt [years]: 5.304e+06
Running on 175635 source(s), total normalized ionizing flux: 4.53e+08
Mean density (cgs): 5.861e-05, Mean ionized fraction: 7.650e-01
Convergence Criterion (Number of points):  100

Rank=0: Doing Raytracing...
took 0.17s.
took 0.17s.
took 0.17s.
took 0.17s.
Doing Chemistry...
took  0.1 s.
Number of non-converged points: 308810 of 1000000 ( 30.881 % ), Relative change in ionfrac:  1.56e+00
Rank=0: Doing Raytracing...
Rank=2: Doing Raytracing...
Rank=3: Doing Raytracing...
Rank=1: Doing Raytracing...
took 0.17s.
took 0.17s.
took 0.17s.
took 0.17s.
Doing Chemistry...
took  0.1 s.
Number of non-converged points: 207302 of 1000000 ( 20.730 % ), Relative change in ionfrac:  3.56e-03
Rank=0: Doing Raytracing...
Rank=1: Doing Raytracing...
Rank=2: Doing Raytracing...
Rank=3: Doing Raytracing...
took 0.17s.
took 0.17s.
took 0.17s.
took 0.17s.
Doing Chemistry...
took  0.1 s.
Number of non-converged points: 129546 of 1000000 ( 12.955 % ), Relative change in ionfrac:  1.07e-03
Rank=0: Doing Raytracing...
Rank=2: Doing Raytracing...
Rank=1: Doing Raytracing...
Rank=3: Doing Raytracing...
took 0.17s.
took 0.17s.
took 0.17s.
took 0.17s.
Doing Chemistry...
took  0.1 s.
Number of non-converged points: 70193 of 1000000 ( 7.019 % ), Relative change in ionfrac:  4.18e-04
Rank=0: Doing Raytracing...
Rank=1: Doing Raytracing...
Rank=2: Doing Raytracing...
Rank=3: Doing Raytracing...
took 0.17s.
took 0.17s.
took 0.17s.
took 0.17s.
Doing Chemistry...
took  0.1 s.
Number of non-converged points: 34047 of 1000000 ( 3.405 % ), Relative change in ionfrac:  1.85e-04
Rank=0: Doing Raytracing...
Rank=1: Doing Raytracing...
Rank=2: Doing Raytracing...
Rank=3: Doing Raytracing...
took 0.17s.
took 0.17s.
took 0.17s.
took 0.17s.
Doing Chemistry...
took  0.1 s.
Number of non-converged points: 16624 of 1000000 ( 1.662 % ), Relative change in ionfrac:  8.86e-05
Rank=0: Doing Raytracing...
Rank=1: Doing Raytracing...
Rank=2: Doing Raytracing...
Rank=3: Doing Raytracing...
took 0.17s.
took 0.17s.
took 0.17s.
took 0.17s.
Doing Chemistry...
took  0.1 s.
Number of non-converged points: 8085 of 1000000 ( 0.808 % ), Relative change in ionfrac:  4.51e-05
Rank=0: Doing Raytracing...
Rank=1: Doing Raytracing...
Rank=2: Doing Raytracing...
Rank=3: Doing Raytracing...
took 0.17s.
took 0.17s.
took 0.17s.
took 0.17s.
Doing Chemistry...
took  0.1 s.
Number of non-converged points: 3615 of 1000000 ( 0.362 % ), Relative change in ionfrac:  2.41e-05
Multiple source convergence reached after 8 ray-tracing iterations.

---- Reading density file:
  /capstor/scratch/cscs/cprior/CDM_100Mpc_2048/grids/nc100/CDM_100Mpc_2048.00041.ovrden.npy
 min, mean and max density : 1.662e-05  6.464e-05  6.908e-04 [1/cm3]
Rank=1: 178659 sources.
Rank=1: Copied source data to device.
Rank=1: Doing Raytracing...

---- Reading source file with total of 714639 ionizing source:
CDM_100Mpc_2048.00041.halo.txt
 Total Flux : 4.746532e+56 [1/s]
 Total number of ionizing photons : 7.939226e+70
 Source lifetime : 94.229885 Myr
 min, max stellar (grid) mass : 1.214e+04  7.671e+08 [Msun] and min, mean, max number of ionising sources : 9.707e+48  6.642e+50  6.134e+53 [1/s]

--- Reionization History ----
 min, mean, max xHII : 2.02985e-04  7.86659e-01  9.99996e-01
 min, mean, max Irate : 2.16624e-21  1.05152e-13  1.02906e-11 [1/s]
 min, mean, max density : 1.66159e-05  6.46419e-05  6.90824e-04 [1/cm3]
Rank=2: 178659 sources.
Rank=2: Copied source data to device.
Rank=2: Doing Raytracing...
took 0.17s.
Rank=3: 178662 sources.
Rank=3: Copied source data to device.
Rank=3: Doing Raytracing...
Mean-free-path for photons at z = 8.965 (Worseck+ 2014): 1.059e+01 cMpc
This corresponds to 10.587 grid cells.
Rank=0: 178659 sources.
Rank=0: Copied source data to device.
Calling evolve3D...
dr [Mpc]: 1.003e-01
dt [years]: 5.300e+06
Running on 178659 source(s), total normalized ionizing flux: 4.75e+08
Mean density (cgs): 5.747e-05, Mean ionized fraction: 7.867e-01
Convergence Criterion (Number of points):  100

Rank=0: Doing Raytracing...
took 0.17s.
took 0.17s.
took 0.17s.
Doing Chemistry...
took  0.1 s.
Number of non-converged points: 287250 of 1000000 ( 28.725 % ), Relative change in ionfrac:  1.49e+00
Rank=0: Doing Raytracing...
Rank=1: Doing Raytracing...
Rank=2: Doing Raytracing...
Rank=3: Doing Raytracing...
took 0.17s.
took 0.17s.
took 0.17s.
took 0.17s.
Doing Chemistry...
took  0.1 s.
Number of non-converged points: 198251 of 1000000 ( 19.825 % ), Relative change in ionfrac:  3.43e-03
Rank=0: Doing Raytracing...
Rank=1: Doing Raytracing...
Rank=2: Doing Raytracing...
Rank=3: Doing Raytracing...
took 0.17s.
took 0.17s.
took 0.17s.
took 0.17s.
Doing Chemistry...
took  0.1 s.
Number of non-converged points: 126972 of 1000000 ( 12.697 % ), Relative change in ionfrac:  1.04e-03
Rank=0: Doing Raytracing...
Rank=1: Doing Raytracing...
Rank=2: Doing Raytracing...
Rank=3: Doing Raytracing...
took 0.17s.
took 0.17s.
took 0.17s.
took 0.17s.
Doing Chemistry...
took  0.1 s.
Number of non-converged points: 70240 of 1000000 ( 7.024 % ), Relative change in ionfrac:  4.06e-04
Rank=0: Doing Raytracing...
Rank=1: Doing Raytracing...
Rank=3: Doing Raytracing...
Rank=2: Doing Raytracing...
took 0.17s.
took 0.17s.
took 0.17s.
took 0.17s.
Doing Chemistry...
took  0.1 s.
Number of non-converged points: 34392 of 1000000 ( 3.439 % ), Relative change in ionfrac:  1.79e-04
Rank=0: Doing Raytracing...
Rank=3: Doing Raytracing...
Rank=1: Doing Raytracing...
Rank=2: Doing Raytracing...
took 0.17s.
took 0.17s.
took 0.17s.
took 0.17s.
Doing Chemistry...
took  0.1 s.
Number of non-converged points: 16901 of 1000000 ( 1.690 % ), Relative change in ionfrac:  8.59e-05
Rank=0: Doing Raytracing...
Rank=1: Doing Raytracing...
Rank=2: Doing Raytracing...
Rank=3: Doing Raytracing...
took 0.17s.
took 0.17s.
took 0.17s.
took 0.17s.
Doing Chemistry...
took  0.1 s.
Number of non-converged points: 8168 of 1000000 ( 0.817 % ), Relative change in ionfrac:  4.37e-05
Rank=0: Doing Raytracing...
Rank=1: Doing Raytracing...
Rank=3: Doing Raytracing...
Rank=2: Doing Raytracing...
took 0.17s.
took 0.17s.
took 0.17s.
took 0.17s.
Doing Chemistry...
took  0.1 s.
Number of non-converged points: 3690 of 1000000 ( 0.369 % ), Relative change in ionfrac:  2.33e-05
Multiple source convergence reached after 8 ray-tracing iterations.
Mean-free-path for photons at z = 8.901 (Worseck+ 2014): 1.061e+01 cMpc
This corresponds to 10.613 grid cells.
Rank=0: 178659 sources.
Rank=3: 178662 sources.
Rank=0: Copied source data to device.
Rank=3: Copied source data to device.
Rank=1: 178659 sources.
Rank=2: 178659 sources.
Rank=1: Copied source data to device.
Rank=2: Copied source data to device.
Calling evolve3D...
dr [Mpc]: 1.010e-01
dt [years]: 5.300e+06
Running on 178659 source(s), total normalized ionizing flux: 4.75e+08
Mean density (cgs): 5.637e-05, Mean ionized fraction: 8.076e-01
Convergence Criterion (Number of points):  100

Rank=0: Doing Raytracing...
Rank=3: Doing Raytracing...
Rank=1: Doing Raytracing...
Rank=2: Doing Raytracing...
took 0.17s.
took 0.17s.
took 0.17s.
took 0.17s.
Doing Chemistry...
took  0.1 s.
Number of non-converged points: 264247 of 1000000 ( 26.425 % ), Relative change in ionfrac:  1.43e+00
Rank=0: Doing Raytracing...
Rank=1: Doing Raytracing...
Rank=3: Doing Raytracing...
Rank=2: Doing Raytracing...
took 0.17s.
took 0.17s.
took 0.17s.
took 0.17s.
Doing Chemistry...
took  0.1 s.
Number of non-converged points: 183948 of 1000000 ( 18.395 % ), Relative change in ionfrac:  3.04e-03
Rank=0: Doing Raytracing...
Rank=1: Doing Raytracing...
Rank=2: Doing Raytracing...
Rank=3: Doing Raytracing...
took 0.17s.
took 0.17s.
took 0.17s.
took 0.17s.
Doing Chemistry...
took  0.1 s.
Number of non-converged points: 117630 of 1000000 ( 11.763 % ), Relative change in ionfrac:  9.14e-04
Rank=0: Doing Raytracing...
Rank=1: Doing Raytracing...
Rank=2: Doing Raytracing...
Rank=3: Doing Raytracing...
took 0.17s.
took 0.17s.
took 0.17s.
took 0.17s.
Doing Chemistry...
took  0.1 s.
Number of non-converged points: 62836 of 1000000 ( 6.284 % ), Relative change in ionfrac:  3.51e-04
Rank=0: Doing Raytracing...
Rank=1: Doing Raytracing...
Rank=2: Doing Raytracing...
Rank=3: Doing Raytracing...
took 0.17s.
took 0.17s.
took 0.17s.
took 0.17s.
Doing Chemistry...
took  0.1 s.
Number of non-converged points: 29835 of 1000000 ( 2.984 % ), Relative change in ionfrac:  1.53e-04
Rank=0: Doing Raytracing...
Rank=1: Doing Raytracing...
Rank=2: Doing Raytracing...
Rank=3: Doing Raytracing...
took 0.17s.
took 0.17s.
took 0.17s.
took 0.17s.
Doing Chemistry...
took  0.1 s.
Number of non-converged points: 14359 of 1000000 ( 1.436 % ), Relative change in ionfrac:  7.22e-05
Rank=0: Doing Raytracing...
Rank=1: Doing Raytracing...
Rank=2: Doing Raytracing...
Rank=3: Doing Raytracing...
took 0.17s.
took 0.17s.
took 0.17s.
took 0.17s.
Doing Chemistry...
took  0.1 s.
Number of non-converged points: 6685 of 1000000 ( 0.668 % ), Relative change in ionfrac:  3.62e-05
Rank=0: Doing Raytracing...
Rank=1: Doing Raytracing...
Rank=2: Doing Raytracing...
Rank=3: Doing Raytracing...
took 0.17s.
took 0.17s.
took 0.17s.
took 0.17s.
Doing Chemistry...
took  0.1 s.
Number of non-converged points: 2816 of 1000000 ( 0.282 % ), Relative change in ionfrac:  1.91e-05
Multiple source convergence reached after 8 ray-tracing iterations.

---- Reading density file:
  /capstor/scratch/cscs/cprior/CDM_100Mpc_2048/grids/nc100/CDM_100Mpc_2048.00042.ovrden.npy
 min, mean and max density : 1.566e-05  6.206e-05  6.844e-04 [1/cm3]
Rank=1: 181589 sources.
Rank=1: Copied source data to device.
Rank=1: Doing Raytracing...
Rank=2: 181589 sources.
Rank=2: Copied source data to device.
Rank=2: Doing Raytracing...

---- Reading source file with total of 726356 ionizing source:
CDM_100Mpc_2048.00042.halo.txt
 Total Flux : 4.966223e+56 [1/s]
 Total number of ionizing photons : 8.283719e+70
 Source lifetime : 97.487321 Myr
 min, max stellar (grid) mass : 1.214e+04  9.586e+08 [Msun] and min, mean, max number of ionising sources : 9.383e+48  6.837e+50  7.409e+53 [1/s]

--- Reionization History ----
 min, mean, max xHII : 2.03914e-04  8.26765e-01  9.99997e-01
 min, mean, max Irate : 2.89137e-21  1.14013e-13  1.02468e-11 [1/s]
 min, mean, max density : 1.56553e-05  6.20573e-05  6.84398e-04 [1/cm3]
took 0.18s.
Mean-free-path for photons at z = 8.838 (Worseck+ 2014): 1.064e+01 cMpc
This corresponds to 10.639 grid cells.
Rank=0: 181589 sources.
Rank=0: Copied source data to device.
Calling evolve3D...
dr [Mpc]: 1.016e-01
dt [years]: 5.286e+06
Running on 181589 source(s), total normalized ionizing flux: 4.97e+08
Mean density (cgs): 5.530e-05, Mean ionized fraction: 8.268e-01
Convergence Criterion (Number of points):  100

Rank=0: Doing Raytracing...
Rank=3: 181589 sources.
Rank=3: Copied source data to device.
Rank=3: Doing Raytracing...
took 0.18s.
took 0.18s.
took 0.18s.
Doing Chemistry...
took  0.1 s.
Number of non-converged points: 243258 of 1000000 ( 24.326 % ), Relative change in ionfrac:  1.38e+00
Rank=0: Doing Raytracing...
Rank=3: Doing Raytracing...
Rank=1: Doing Raytracing...
Rank=2: Doing Raytracing...
took 0.18s.
took 0.18s.
took 0.18s.
took 0.18s.
Doing Chemistry...
took  0.1 s.
Number of non-converged points: 173641 of 1000000 ( 17.364 % ), Relative change in ionfrac:  2.91e-03
Rank=0: Doing Raytracing...
Rank=1: Doing Raytracing...
Rank=2: Doing Raytracing...
Rank=3: Doing Raytracing...
took 0.18s.
took 0.18s.
took 0.18s.
took 0.18s.
Doing Chemistry...
took  0.1 s.
Number of non-converged points: 113136 of 1000000 ( 11.314 % ), Relative change in ionfrac:  8.81e-04
Rank=0: Doing Raytracing...
Rank=1: Doing Raytracing...
Rank=2: Doing Raytracing...
Rank=3: Doing Raytracing...
took 0.18s.
took 0.18s.
took 0.18s.
took 0.18s.
Doing Chemistry...
took  0.1 s.
Number of non-converged points: 62436 of 1000000 ( 6.244 % ), Relative change in ionfrac:  3.41e-04
Rank=0: Doing Raytracing...
Rank=1: Doing Raytracing...
Rank=2: Doing Raytracing...
Rank=3: Doing Raytracing...
took 0.18s.
took 0.18s.
took 0.18s.
took 0.18s.
Doing Chemistry...
took  0.1 s.
Number of non-converged points: 30025 of 1000000 ( 3.002 % ), Relative change in ionfrac:  1.49e-04
Rank=0: Doing Raytracing...
Rank=3: Doing Raytracing...
Rank=1: Doing Raytracing...
Rank=2: Doing Raytracing...
took 0.18s.
took 0.18s.
took 0.18s.
took 0.18s.
Doing Chemistry...
took  0.1 s.
Number of non-converged points: 14453 of 1000000 ( 1.445 % ), Relative change in ionfrac:  7.05e-05
Rank=0: Doing Raytracing...
Rank=1: Doing Raytracing...
Rank=2: Doing Raytracing...
Rank=3: Doing Raytracing...
took 0.18s.
took 0.18s.
took 0.18s.
took 0.18s.
Doing Chemistry...
took  0.1 s.
Number of non-converged points: 6747 of 1000000 ( 0.675 % ), Relative change in ionfrac:  3.54e-05
Rank=0: Doing Raytracing...
Rank=1: Doing Raytracing...
Rank=2: Doing Raytracing...
Rank=3: Doing Raytracing...
took 0.18s.
took 0.18s.
took 0.18s.
took 0.18s.
Doing Chemistry...
took  0.1 s.
Number of non-converged points: 2797 of 1000000 ( 0.280 % ), Relative change in ionfrac:  1.86e-05
Rank=0: Doing Raytracing...
Rank=1: Doing Raytracing...
Rank=2: Doing Raytracing...
Rank=3: Doing Raytracing...
took 0.18s.
took 0.18s.
took 0.18s.
took 0.18s.
Doing Chemistry...
took  0.1 s.
Number of non-converged points: 1056 of 1000000 ( 0.106 % ), Relative change in ionfrac:  1.02e-05
Multiple source convergence reached after 9 ray-tracing iterations.
Mean-free-path for photons at z = 8.776 (Worseck+ 2014): 1.067e+01 cMpc
This corresponds to 10.667 grid cells.
Rank=2: 181589 sources.
Rank=3: 181589 sources.
Rank=2: Copied source data to device.
Rank=1: 181589 sources.
Rank=3: Copied source data to device.
Rank=0: 181589 sources.
Rank=1: Copied source data to device.
Rank=0: Copied source data to device.
Rank=2: Doing Raytracing...
Rank=3: Doing Raytracing...
Rank=1: Doing Raytracing...
Calling evolve3D...
dr [Mpc]: 1.023e-01
dt [years]: 5.286e+06
Running on 181589 source(s), total normalized ionizing flux: 4.97e+08
Mean density (cgs): 5.427e-05, Mean ionized fraction: 8.452e-01
Convergence Criterion (Number of points):  100

Rank=0: Doing Raytracing...
took 0.18s.
took 0.18s.
took 0.18s.
took 0.18s.
Doing Chemistry...
took  0.1 s.
Number of non-converged points: 221369 of 1000000 ( 22.137 % ), Relative change in ionfrac:  1.33e+00
Rank=0: Doing Raytracing...
Rank=1: Doing Raytracing...
Rank=2: Doing Raytracing...
Rank=3: Doing Raytracing...
took 0.18s.
took 0.18s.
took 0.18s.
took 0.18s.
Doing Chemistry...
took  0.1 s.
Number of non-converged points: 158468 of 1000000 ( 15.847 % ), Relative change in ionfrac:  2.55e-03
Rank=0: Doing Raytracing...
Rank=1: Doing Raytracing...
Rank=2: Doing Raytracing...
Rank=3: Doing Raytracing...
took 0.18s.
took 0.18s.
took 0.18s.
took 0.18s.
Doing Chemistry...
took  0.1 s.
Number of non-converged points: 102407 of 1000000 ( 10.241 % ), Relative change in ionfrac:  7.64e-04
Rank=0: Doing Raytracing...
Rank=2: Doing Raytracing...
Rank=1: Doing Raytracing...
Rank=3: Doing Raytracing...
took 0.18s.
took 0.18s.
took 0.18s.
took 0.18s.
Doing Chemistry...
took  0.1 s.
Number of non-converged points: 55266 of 1000000 ( 5.527 % ), Relative change in ionfrac:  2.93e-04
Rank=0: Doing Raytracing...
Rank=1: Doing Raytracing...
Rank=2: Doing Raytracing...
Rank=3: Doing Raytracing...
took 0.18s.
took 0.18s.
took 0.18s.
took 0.18s.
Doing Chemistry...
took  0.1 s.
Number of non-converged points: 26529 of 1000000 ( 2.653 % ), Relative change in ionfrac:  1.27e-04
Rank=0: Doing Raytracing...
Rank=1: Doing Raytracing...
Rank=2: Doing Raytracing...
Rank=3: Doing Raytracing...
took 0.18s.
took 0.18s.
took 0.18s.
took 0.18s.
Doing Chemistry...
took  0.1 s.
Number of non-converged points: 12535 of 1000000 ( 1.253 % ), Relative change in ionfrac:  5.96e-05
Rank=0: Doing Raytracing...
Rank=1: Doing Raytracing...
Rank=2: Doing Raytracing...
Rank=3: Doing Raytracing...
took 0.18s.
took 0.18s.
took 0.18s.
took 0.18s.
Doing Chemistry...
took  0.1 s.
Number of non-converged points: 5711 of 1000000 ( 0.571 % ), Relative change in ionfrac:  2.97e-05
Rank=0: Doing Raytracing...
Rank=1: Doing Raytracing...
Rank=2: Doing Raytracing...
Rank=3: Doing Raytracing...
took 0.18s.
took 0.18s.
took 0.18s.
took 0.18s.
Doing Chemistry...
took  0.1 s.
Number of non-converged points: 2199 of 1000000 ( 0.220 % ), Relative change in ionfrac:  1.55e-05
Multiple source convergence reached after 8 ray-tracing iterations.

---- Reading density file:
  /capstor/scratch/cscs/cprior/CDM_100Mpc_2048/grids/nc100/CDM_100Mpc_2048.00043.ovrden.npy
 min, mean and max density : 1.477e-05  5.963e-05  6.787e-04 [1/cm3]
Rank=1: 184313 sources.
Rank=1: Copied source data to device.
Rank=1: Doing Raytracing...
Rank=2: 184313 sources.

---- Reading source file with total of 737253 ionizing source:
CDM_100Mpc_2048.00043.halo.txt
 Total Flux : 5.179527e+56 [1/s]
 Total number of ionizing photons : 8.731459e+70
 Source lifetime : 100.779538 Myr
Rank=2: Copied source data to device.
 min, max stellar (grid) mass : 1.214e+04  1.146e+09 [Msun] and min, mean, max number of ionising sources : 9.077e+48  7.025e+50  8.568e+53 [1/s]
Rank=2: Doing Raytracing...

--- Reionization History ----
 min, mean, max xHII : 2.05147e-04  8.61838e-01  9.99998e-01
 min, mean, max Irate : 3.91908e-21  1.22859e-13  1.20738e-11 [1/s]
 min, mean, max density : 1.47656e-05  5.96311e-05  6.78745e-04 [1/cm3]
took 0.18s.
Mean-free-path for photons at z = 8.715 (Worseck+ 2014): 1.070e+01 cMpc
This corresponds to 10.696 grid cells.
Rank=0: 184313 sources.
Rank=0: Copied source data to device.
Calling evolve3D...
dr [Mpc]: 1.029e-01
dt [years]: 5.342e+06
Running on 184313 source(s), total normalized ionizing flux: 5.18e+08
Mean density (cgs): 5.325e-05, Mean ionized fraction: 8.618e-01
Convergence Criterion (Number of points):  100

Rank=0: Doing Raytracing...
Rank=3: 184314 sources.
Rank=3: Copied source data to device.
Rank=3: Doing Raytracing...
took 0.18s.
took 0.18s.
took 0.18s.
Doing Chemistry...
took  0.1 s.
Number of non-converged points: 202426 of 1000000 ( 20.243 % ), Relative change in ionfrac:  1.29e+00
Rank=0: Doing Raytracing...
Rank=1: Doing Raytracing...
Rank=2: Doing Raytracing...
Rank=3: Doing Raytracing...
took 0.18s.
took 0.18s.
took 0.18s.
took 0.18s.
Doing Chemistry...
took  0.1 s.
Number of non-converged points: 148584 of 1000000 ( 14.858 % ), Relative change in ionfrac:  2.47e-03
Rank=0: Doing Raytracing...
Rank=2: Doing Raytracing...
Rank=1: Doing Raytracing...
Rank=3: Doing Raytracing...
took 0.18s.
took 0.18s.
took 0.18s.
took 0.18s.
Doing Chemistry...
took  0.1 s.
Number of non-converged points: 99565 of 1000000 ( 9.957 % ), Relative change in ionfrac:  7.49e-04
Rank=0: Doing Raytracing...
Rank=1: Doing Raytracing...
Rank=2: Doing Raytracing...
Rank=3: Doing Raytracing...
took 0.18s.
took 0.18s.
took 0.18s.
took 0.18s.
Doing Chemistry...
took  0.1 s.
Number of non-converged points: 55403 of 1000000 ( 5.540 % ), Relative change in ionfrac:  2.88e-04
Rank=0: Doing Raytracing...
Rank=1: Doing Raytracing...
Rank=2: Doing Raytracing...
Rank=3: Doing Raytracing...
took 0.18s.
took 0.18s.
took 0.18s.
took 0.18s.
Doing Chemistry...
took  0.1 s.
Number of non-converged points: 26841 of 1000000 ( 2.684 % ), Relative change in ionfrac:  1.26e-04
Rank=0: Doing Raytracing...
Rank=1: Doing Raytracing...
Rank=2: Doing Raytracing...
Rank=3: Doing Raytracing...
took 0.18s.
took 0.18s.
took 0.18s.
took 0.18s.
Doing Chemistry...
took  0.1 s.
Number of non-converged points: 13037 of 1000000 ( 1.304 % ), Relative change in ionfrac:  5.91e-05
Rank=0: Doing Raytracing...
Rank=1: Doing Raytracing...
Rank=2: Doing Raytracing...
Rank=3: Doing Raytracing...
took 0.18s.
took 0.18s.
took 0.18s.
took 0.18s.
Doing Chemistry...
took  0.1 s.
Number of non-converged points: 6034 of 1000000 ( 0.603 % ), Relative change in ionfrac:  2.95e-05
Rank=0: Doing Raytracing...
Rank=2: Doing Raytracing...
Rank=3: Doing Raytracing...
Rank=1: Doing Raytracing...
took 0.18s.
took 0.18s.
took 0.18s.
took 0.18s.
Doing Chemistry...
took  0.1 s.
Number of non-converged points: 2458 of 1000000 ( 0.246 % ), Relative change in ionfrac:  1.55e-05
Rank=0: Doing Raytracing...
Rank=2: Doing Raytracing...
Rank=1: Doing Raytracing...
Rank=3: Doing Raytracing...
took 0.18s.
took 0.18s.
took 0.18s.
took 0.18s.
Doing Chemistry...
took  0.1 s.
Number of non-converged points: 879 of 1000000 ( 0.088 % ), Relative change in ionfrac:  8.39e-06
Multiple source convergence reached after 9 ray-tracing iterations.
Mean-free-path for photons at z = 8.654 (Worseck+ 2014): 1.073e+01 cMpc
This corresponds to 10.727 grid cells.
Rank=0: 184313 sources.
Rank=1: 184313 sources.
Rank=0: Copied source data to device.
Rank=2: 184313 sources.
Rank=1: Copied source data to device.
Rank=3: 184314 sources.
Rank=2: Copied source data to device.
Rank=3: Copied source data to device.
Calling evolve3D...
dr [Mpc]: 1.036e-01
dt [years]: 5.342e+06
Running on 184313 source(s), total normalized ionizing flux: 5.18e+08
Mean density (cgs): 5.226e-05, Mean ionized fraction: 8.778e-01
Convergence Criterion (Number of points):  100

Rank=0: Doing Raytracing...
Rank=1: Doing Raytracing...
Rank=2: Doing Raytracing...
Rank=3: Doing Raytracing...
took 0.18s.
took 0.18s.
took 0.18s.
took 0.18s.
Doing Chemistry...
took  0.1 s.
Number of non-converged points: 182095 of 1000000 ( 18.210 % ), Relative change in ionfrac:  1.25e+00
Rank=0: Doing Raytracing...
Rank=1: Doing Raytracing...
Rank=2: Doing Raytracing...
Rank=3: Doing Raytracing...
took 0.18s.
took 0.18s.
took 0.18s.
took 0.18s.
Doing Chemistry...
took  0.1 s.
Number of non-converged points: 134205 of 1000000 ( 13.420 % ), Relative change in ionfrac:  2.15e-03
Rank=0: Doing Raytracing...
Rank=1: Doing Raytracing...
Rank=2: Doing Raytracing...
Rank=3: Doing Raytracing...
took 0.18s.
took 0.18s.
took 0.18s.
took 0.18s.
Doing Chemistry...
took  0.1 s.
Number of non-converged points: 88733 of 1000000 ( 8.873 % ), Relative change in ionfrac:  6.41e-04
Rank=0: Doing Raytracing...
Rank=1: Doing Raytracing...
Rank=2: Doing Raytracing...
Rank=3: Doing Raytracing...
took 0.18s.
took 0.18s.
took 0.18s.
took 0.18s.
Doing Chemistry...
took  0.1 s.
Number of non-converged points: 48085 of 1000000 ( 4.809 % ), Relative change in ionfrac:  2.44e-04
Rank=0: Doing Raytracing...
Rank=1: Doing Raytracing...
Rank=2: Doing Raytracing...
Rank=3: Doing Raytracing...
took 0.18s.
took 0.18s.
took 0.18s.
took 0.18s.
Doing Chemistry...
took  0.1 s.
Number of non-converged points: 22930 of 1000000 ( 2.293 % ), Relative change in ionfrac:  1.05e-04
Rank=0: Doing Raytracing...
Rank=2: Doing Raytracing...
Rank=1: Doing Raytracing...
Rank=3: Doing Raytracing...
took 0.18s.
took 0.18s.
took 0.18s.
took 0.18s.
Doing Chemistry...
took  0.1 s.
Number of non-converged points: 10678 of 1000000 ( 1.068 % ), Relative change in ionfrac:  4.88e-05
Rank=0: Doing Raytracing...
Rank=2: Doing Raytracing...
Rank=1: Doing Raytracing...
Rank=3: Doing Raytracing...
took 0.18s.
took 0.18s.
took 0.18s.
took 0.18s.
Doing Chemistry...
took  0.1 s.
Number of non-converged points: 4780 of 1000000 ( 0.478 % ), Relative change in ionfrac:  2.40e-05
Rank=0: Doing Raytracing...
Rank=1: Doing Raytracing...
Rank=2: Doing Raytracing...
Rank=3: Doing Raytracing...
took 0.18s.
took 0.18s.
took 0.18s.
took 0.18s.
Doing Chemistry...
took  0.1 s.
Number of non-converged points: 1811 of 1000000 ( 0.181 % ), Relative change in ionfrac:  1.24e-05
Rank=0: Doing Raytracing...
Rank=2: Doing Raytracing...
Rank=1: Doing Raytracing...
Rank=3: Doing Raytracing...
took 0.18s.
took 0.18s.
took 0.18s.
took 0.18s.
Doing Chemistry...
took  0.1 s.
Number of non-converged points: 532 of 1000000 ( 0.053 % ), Relative change in ionfrac:  6.65e-06
Multiple source convergence reached after 9 ray-tracing iterations.

---- Reading density file:
  /capstor/scratch/cscs/cprior/CDM_100Mpc_2048/grids/nc100/CDM_100Mpc_2048.00044.ovrden.npy
 min, mean and max density : 1.389e-05  5.732e-05  6.762e-04 [1/cm3]
Rank=1: 186868 sources.
Rank=1: Copied source data to device.
Rank=1: Doing Raytracing...
took 0.19s.
Rank=2: 186868 sources.

---- Reading source file with total of 747473 ionizing source:
CDM_100Mpc_2048.00044.halo.txt
 Total Flux : 5.384902e+56 [1/s]
 Total number of ionizing photons : 8.950048e+70
 Source lifetime : 104.150920 Myr
Rank=2: Copied source data to device.
 min, max stellar (grid) mass : 1.214e+04  1.154e+09 [Msun] and min, mean, max number of ionising sources : 8.783e+48  7.204e+50  8.348e+53 [1/s]
Rank=2: Doing Raytracing...

--- Reionization History ----
 min, mean, max xHII : 2.06928e-04  8.92077e-01  9.99998e-01
 min, mean, max Irate : 5.69996e-21  1.31287e-13  1.32949e-11 [1/s]
 min, mean, max density : 1.38932e-05  5.73208e-05  6.76191e-04 [1/cm3]
Mean-free-path for photons at z = 8.595 (Worseck+ 2014): 1.076e+01 cMpc
This corresponds to 10.759 grid cells.
Rank=0: 186868 sources.
Rank=0: Copied source data to device.
Calling evolve3D...
dr [Mpc]: 1.042e-01
dt [years]: 5.267e+06
Running on 186868 source(s), total normalized ionizing flux: 5.38e+08
Mean density (cgs): 5.131e-05, Mean ionized fraction: 8.921e-01
Convergence Criterion (Number of points):  100

Rank=0: Doing Raytracing...
Rank=3: 186869 sources.
Rank=3: Copied source data to device.
Rank=3: Doing Raytracing...
took 0.19s.
took 0.19s.
took 0.18s.
Doing Chemistry...
took  0.1 s.
Number of non-converged points: 164115 of 1000000 ( 16.412 % ), Relative change in ionfrac:  1.22e+00
Rank=0: Doing Raytracing...
Rank=3: Doing Raytracing...
Rank=1: Doing Raytracing...
Rank=2: Doing Raytracing...
took 0.18s.
took 0.19s.
took 0.19s.
took 0.19s.
Doing Chemistry...
took  0.1 s.
Number of non-converged points: 122447 of 1000000 ( 12.245 % ), Relative change in ionfrac:  1.96e-03
Rank=0: Doing Raytracing...
Rank=1: Doing Raytracing...
Rank=2: Doing Raytracing...
Rank=3: Doing Raytracing...
took 0.18s.
took 0.19s.
took 0.19s.
took 0.19s.
Doing Chemistry...
took  0.1 s.
Number of non-converged points: 81996 of 1000000 ( 8.200 % ), Relative change in ionfrac:  5.83e-04
Rank=0: Doing Raytracing...
Rank=1: Doing Raytracing...
Rank=2: Doing Raytracing...
Rank=3: Doing Raytracing...
took 0.18s.
took 0.19s.
took 0.19s.
took 0.19s.
Doing Chemistry...
took  0.1 s.
Number of non-converged points: 44225 of 1000000 ( 4.423 % ), Relative change in ionfrac:  2.20e-04
Rank=0: Doing Raytracing...
Rank=1: Doing Raytracing...
Rank=2: Doing Raytracing...
Rank=3: Doing Raytracing...
took 0.18s.
took 0.19s.
took 0.19s.
took 0.19s.
Doing Chemistry...
took  0.1 s.
Number of non-converged points: 20999 of 1000000 ( 2.100 % ), Relative change in ionfrac:  9.41e-05
Rank=0: Doing Raytracing...
Rank=1: Doing Raytracing...
Rank=2: Doing Raytracing...
Rank=3: Doing Raytracing...
took 0.18s.
took 0.19s.
took 0.19s.
took 0.19s.
Doing Chemistry...
took  0.1 s.
Number of non-converged points: 9799 of 1000000 ( 0.980 % ), Relative change in ionfrac:  4.35e-05
Rank=0: Doing Raytracing...
Rank=1: Doing Raytracing...
Rank=2: Doing Raytracing...
Rank=3: Doing Raytracing...
took 0.18s.
took 0.19s.
took 0.19s.
took 0.19s.
Doing Chemistry...
took  0.1 s.
Number of non-converged points: 4289 of 1000000 ( 0.429 % ), Relative change in ionfrac:  2.13e-05
Rank=0: Doing Raytracing...
Rank=1: Doing Raytracing...
Rank=3: Doing Raytracing...
Rank=2: Doing Raytracing...
took 0.18s.
took 0.19s.
took 0.19s.
took 0.19s.
Doing Chemistry...
took  0.1 s.
Number of non-converged points: 1595 of 1000000 ( 0.160 % ), Relative change in ionfrac:  1.10e-05
Rank=0: Doing Raytracing...
Rank=1: Doing Raytracing...
Rank=2: Doing Raytracing...
Rank=3: Doing Raytracing...
took 0.19s.
took 0.19s.
took 0.19s.
took 0.19s.
Doing Chemistry...
took  0.1 s.
Number of non-converged points: 477 of 1000000 ( 0.048 % ), Relative change in ionfrac:  5.85e-06
Multiple source convergence reached after 9 ray-tracing iterations.
Mean-free-path for photons at z = 8.537 (Worseck+ 2014): 1.079e+01 cMpc
This corresponds to 10.792 grid cells.
Rank=1: 186868 sources.
Rank=0: 186868 sources.
Rank=3: 186869 sources.
Rank=2: 186868 sources.
Rank=1: Copied source data to device.
Rank=3: Copied source data to device.
Rank=2: Copied source data to device.
Rank=0: Copied source data to device.
Rank=1: Doing Raytracing...
Rank=2: Doing Raytracing...
Calling evolve3D...
dr [Mpc]: 1.048e-01
dt [years]: 5.267e+06
Running on 186868 source(s), total normalized ionizing flux: 5.38e+08
Mean density (cgs): 5.038e-05, Mean ionized fraction: 9.052e-01
Convergence Criterion (Number of points):  100

Rank=3: Doing Raytracing...
Rank=0: Doing Raytracing...
took 0.19s.
took 0.19s.
took 0.19s.
took 0.19s.
Doing Chemistry...
took  0.1 s.
Number of non-converged points: 146842 of 1000000 ( 14.684 % ), Relative change in ionfrac:  1.19e+00
Rank=0: Doing Raytracing...
Rank=1: Doing Raytracing...
Rank=2: Doing Raytracing...
Rank=3: Doing Raytracing...
took 0.19s.
took 0.19s.
took 0.19s.
took 0.19s.
Doing Chemistry...
took  0.1 s.
Number of non-converged points: 110137 of 1000000 ( 11.014 % ), Relative change in ionfrac:  1.71e-03
Rank=0: Doing Raytracing...
Rank=1: Doing Raytracing...
Rank=2: Doing Raytracing...
Rank=3: Doing Raytracing...
took 0.19s.
took 0.19s.
took 0.19s.
took 0.19s.
Doing Chemistry...
took  0.1 s.
Number of non-converged points: 73177 of 1000000 ( 7.318 % ), Relative change in ionfrac:  5.02e-04
Rank=0: Doing Raytracing...
Rank=1: Doing Raytracing...
Rank=2: Doing Raytracing...
Rank=3: Doing Raytracing...
took 0.19s.
took 0.19s.
took 0.19s.
took 0.19s.
Doing Chemistry...
took  0.1 s.
Number of non-converged points: 38686 of 1000000 ( 3.869 % ), Relative change in ionfrac:  1.87e-04
Rank=0: Doing Raytracing...
Rank=1: Doing Raytracing...
Rank=2: Doing Raytracing...
Rank=3: Doing Raytracing...
took 0.19s.
took 0.19s.
took 0.19s.
took 0.19s.
Doing Chemistry...
took  0.1 s.
Number of non-converged points: 17887 of 1000000 ( 1.789 % ), Relative change in ionfrac:  7.89e-05
Rank=0: Doing Raytracing...
Rank=1: Doing Raytracing...
Rank=2: Doing Raytracing...
Rank=3: Doing Raytracing...
took 0.19s.
took 0.19s.
took 0.19s.
took 0.19s.
Doing Chemistry...
took  0.1 s.
Number of non-converged points: 8111 of 1000000 ( 0.811 % ), Relative change in ionfrac:  3.61e-05
Rank=0: Doing Raytracing...
Rank=1: Doing Raytracing...
Rank=2: Doing Raytracing...
Rank=3: Doing Raytracing...
took 0.19s.
took 0.19s.
took 0.19s.
took 0.19s.
Doing Chemistry...
took  0.1 s.
Number of non-converged points: 3279 of 1000000 ( 0.328 % ), Relative change in ionfrac:  1.75e-05
Rank=0: Doing Raytracing...
Rank=3: Doing Raytracing...
Rank=1: Doing Raytracing...
Rank=2: Doing Raytracing...
took 0.19s.
took 0.19s.
took 0.19s.
took 0.19s.
Doing Chemistry...
took  0.1 s.
Number of non-converged points: 1088 of 1000000 ( 0.109 % ), Relative change in ionfrac:  8.89e-06
Multiple source convergence reached after 8 ray-tracing iterations.

---- Reading density file:
  /capstor/scratch/cscs/cprior/CDM_100Mpc_2048/grids/nc100/CDM_100Mpc_2048.00045.ovrden.npy
 min, mean and max density : 1.324e-05  5.517e-05  6.752e-04 [1/cm3]
Rank=2: 189293 sources.
Rank=2: Copied source data to device.
Rank=2: Doing Raytracing...
took 0.19s.

---- Reading source file with total of 757175 ionizing source:
CDM_100Mpc_2048.00045.halo.txt
 Total Flux : 5.592004e+56 [1/s]
 Total number of ionizing photons : 9.364592e+70
 Source lifetime : 107.518042 Myr
 min, max stellar (grid) mass : 1.214e+04  1.795e+09 [Msun] and min, mean, max number of ionising sources : 8.508e+48  7.385e+50  1.258e+54 [1/s]

--- Reionization History ----
 min, mean, max xHII : 2.09372e-04  9.16783e-01  9.99998e-01
 min, mean, max Irate : 6.32916e-21  1.38117e-13  1.24557e-11 [1/s]
 min, mean, max density : 1.32375e-05  5.51720e-05  6.75210e-04 [1/cm3]
Rank=1: 189293 sources.
Rank=1: Copied source data to device.
Rank=1: Doing Raytracing...
Mean-free-path for photons at z = 8.480 (Worseck+ 2014): 1.083e+01 cMpc
This corresponds to 10.827 grid cells.
Rank=3: 189296 sources.
Rank=3: Copied source data to device.
Rank=3: Doing Raytracing...
Rank=0: 189293 sources.
Rank=0: Copied source data to device.
Calling evolve3D...
dr [Mpc]: 1.055e-01
dt [years]: 5.307e+06
Running on 189293 source(s), total normalized ionizing flux: 5.59e+08
Mean density (cgs): 4.948e-05, Mean ionized fraction: 9.168e-01
Convergence Criterion (Number of points):  100

Rank=0: Doing Raytracing...
took 0.19s.
took 0.19s.
took 0.19s.
Doing Chemistry...
took  0.1 s.
Number of non-converged points: 131593 of 1000000 ( 13.159 % ), Relative change in ionfrac:  1.16e+00
Rank=0: Doing Raytracing...
Rank=2: Doing Raytracing...
Rank=1: Doing Raytracing...
Rank=3: Doing Raytracing...
took 0.19s.
took 0.19s.
took 0.19s.
took 0.19s.
Doing Chemistry...
took  0.1 s.
Number of non-converged points: 100484 of 1000000 ( 10.048 % ), Relative change in ionfrac:  1.61e-03
Rank=0: Doing Raytracing...
Rank=2: Doing Raytracing...
Rank=3: Doing Raytracing...
Rank=1: Doing Raytracing...
took 0.19s.
took 0.19s.
took 0.19s.
took 0.19s.
Doing Chemistry...
took  0.1 s.
Number of non-converged points: 68786 of 1000000 ( 6.879 % ), Relative change in ionfrac:  4.80e-04
Rank=0: Doing Raytracing...
Rank=1: Doing Raytracing...
Rank=2: Doing Raytracing...
Rank=3: Doing Raytracing...
took 0.19s.
took 0.19s.
took 0.19s.
took 0.19s.
Doing Chemistry...
took  0.1 s.
Number of non-converged points: 37339 of 1000000 ( 3.734 % ), Relative change in ionfrac:  1.80e-04
Rank=0: Doing Raytracing...
Rank=2: Doing Raytracing...
Rank=1: Doing Raytracing...
Rank=3: Doing Raytracing...
took 0.19s.
took 0.19s.
took 0.19s.
took 0.19s.
Doing Chemistry...
took  0.1 s.
Number of non-converged points: 17720 of 1000000 ( 1.772 % ), Relative change in ionfrac:  7.65e-05
Rank=0: Doing Raytracing...
Rank=1: Doing Raytracing...
Rank=2: Doing Raytracing...
Rank=3: Doing Raytracing...
took 0.19s.
took 0.19s.
took 0.19s.
took 0.19s.
Doing Chemistry...
took  0.1 s.
Number of non-converged points: 8199 of 1000000 ( 0.820 % ), Relative change in ionfrac:  3.52e-05
Rank=0: Doing Raytracing...
Rank=1: Doing Raytracing...
Rank=2: Doing Raytracing...
Rank=3: Doing Raytracing...
took 0.19s.
took 0.19s.
took 0.19s.
took 0.19s.
Doing Chemistry...
took  0.1 s.
Number of non-converged points: 3445 of 1000000 ( 0.345 % ), Relative change in ionfrac:  1.71e-05
Rank=0: Doing Raytracing...
Rank=1: Doing Raytracing...
Rank=2: Doing Raytracing...
Rank=3: Doing Raytracing...
took 0.19s.
took 0.19s.
took 0.19s.
took 0.19s.
Doing Chemistry...
took  0.1 s.
Number of non-converged points: 1233 of 1000000 ( 0.123 % ), Relative change in ionfrac:  8.74e-06
Rank=0: Doing Raytracing...
Rank=2: Doing Raytracing...
Rank=3: Doing Raytracing...
Rank=1: Doing Raytracing...
took 0.19s.
took 0.19s.
took 0.19s.
took 0.19s.
Doing Chemistry...
took  0.1 s.
Number of non-converged points: 324 of 1000000 ( 0.032 % ), Relative change in ionfrac:  4.62e-06
Multiple source convergence reached after 9 ray-tracing iterations.
Mean-free-path for photons at z = 8.423 (Worseck+ 2014): 1.086e+01 cMpc
This corresponds to 10.864 grid cells.
Rank=2: 189293 sources.
Rank=1: 189293 sources.
Rank=0: 189293 sources.
Rank=2: Copied source data to device.
Rank=1: Copied source data to device.
Rank=3: 189296 sources.
Rank=0: Copied source data to device.
Rank=3: Copied source data to device.
Rank=2: Doing Raytracing...
Rank=1: Doing Raytracing...
Calling evolve3D...
dr [Mpc]: 1.061e-01
dt [years]: 5.307e+06
Running on 189293 source(s), total normalized ionizing flux: 5.59e+08
Mean density (cgs): 4.860e-05, Mean ionized fraction: 9.277e-01
Convergence Criterion (Number of points):  100

Rank=0: Doing Raytracing...
Rank=3: Doing Raytracing...
took 0.19s.
took 0.19s.
took 0.19s.
took 0.19s.
Doing Chemistry...
took  0.1 s.
Number of non-converged points: 116573 of 1000000 ( 11.657 % ), Relative change in ionfrac:  1.14e+00
Rank=0: Doing Raytracing...
Rank=2: Doing Raytracing...
Rank=3: Doing Raytracing...
Rank=1: Doing Raytracing...
took 0.19s.
took 0.19s.
took 0.19s.
took 0.19s.
Doing Chemistry...
took  0.1 s.
Number of non-converged points: 89513 of 1000000 ( 8.951 % ), Relative change in ionfrac:  1.39e-03
Rank=0: Doing Raytracing...
Rank=2: Doing Raytracing...
Rank=1: Doing Raytracing...
Rank=3: Doing Raytracing...
took 0.19s.
took 0.19s.
took 0.19s.
took 0.19s.
Doing Chemistry...
took  0.1 s.
Number of non-converged points: 60847 of 1000000 ( 6.085 % ), Relative change in ionfrac:  4.12e-04
Rank=0: Doing Raytracing...
Rank=1: Doing Raytracing...
Rank=2: Doing Raytracing...
Rank=3: Doing Raytracing...
took 0.19s.
took 0.19s.
took 0.19s.
took 0.19s.
Doing Chemistry...
took  0.1 s.
Number of non-converged points: 32559 of 1000000 ( 3.256 % ), Relative change in ionfrac:  1.53e-04
Rank=0: Doing Raytracing...
Rank=2: Doing Raytracing...
Rank=1: Doing Raytracing...
Rank=3: Doing Raytracing...
took 0.19s.
took 0.19s.
took 0.19s.
took 0.19s.
Doing Chemistry...
took  0.1 s.
Number of non-converged points: 15087 of 1000000 ( 1.509 % ), Relative change in ionfrac:  6.44e-05
Rank=0: Doing Raytracing...
Rank=2: Doing Raytracing...
Rank=1: Doing Raytracing...
Rank=3: Doing Raytracing...
took 0.19s.
took 0.19s.
took 0.19s.
took 0.19s.
Doing Chemistry...
took  0.1 s.
Number of non-converged points: 6915 of 1000000 ( 0.692 % ), Relative change in ionfrac:  2.93e-05
Rank=0: Doing Raytracing...
Rank=2: Doing Raytracing...
Rank=3: Doing Raytracing...
Rank=1: Doing Raytracing...
took 0.19s.
took 0.19s.
took 0.19s.
took 0.19s.
Doing Chemistry...
took  0.1 s.
Number of non-converged points: 2772 of 1000000 ( 0.277 % ), Relative change in ionfrac:  1.41e-05
Rank=0: Doing Raytracing...
Rank=1: Doing Raytracing...
Rank=2: Doing Raytracing...
Rank=3: Doing Raytracing...
took 0.19s.
took 0.19s.
took 0.19s.
took 0.19s.
Doing Chemistry...
took  0.1 s.
Number of non-converged points: 882 of 1000000 ( 0.088 % ), Relative change in ionfrac:  7.11e-06
Rank=0: Doing Raytracing...
Rank=2: Doing Raytracing...
Rank=3: Doing Raytracing...
Rank=1: Doing Raytracing...
took 0.19s.
took 0.19s.
took 0.19s.
took 0.19s.
Doing Chemistry...
took  0.1 s.
Number of non-converged points: 205 of 1000000 ( 0.021 % ), Relative change in ionfrac:  3.72e-06
Multiple source convergence reached after 9 ray-tracing iterations.

---- Reading density file:
  /capstor/scratch/cscs/cprior/CDM_100Mpc_2048/grids/nc100/CDM_100Mpc_2048.00046.ovrden.npy
 min, mean and max density : 1.266e-05  5.313e-05  6.687e-04 [1/cm3]
Rank=1: 191539 sources.
Rank=1: Copied source data to device.
Rank=1: Doing Raytracing...

---- Reading source file with total of 766156 ionizing source:
CDM_100Mpc_2048.00046.halo.txt
 Total Flux : 5.794589e+56 [1/s]
 Total number of ionizing photons : 9.767813e+70
 Source lifetime : 110.953678 Myr
 min, max stellar (grid) mass : 1.214e+04  1.893e+09 [Msun] and min, mean, max number of ionising sources : 8.244e+48  7.563e+50  1.285e+54 [1/s]

--- Reionization History ----
 min, mean, max xHII : 2.12985e-04  9.37236e-01  9.99998e-01
 min, mean, max Irate : 9.65847e-21  1.45273e-13  1.79138e-11 [1/s]
 min, mean, max density : 1.26602e-05  5.31267e-05  6.68666e-04 [1/cm3]
took 0.19s.
Rank=2: 191539 sources.
Mean-free-path for photons at z = 8.367 (Worseck+ 2014): 1.090e+01 cMpc
This corresponds to 10.903 grid cells.
Rank=2: Copied source data to device.
Rank=2: Doing Raytracing...
Rank=0: 191539 sources.
Rank=0: Copied source data to device.
Calling evolve3D...
dr [Mpc]: 1.067e-01
dt [years]: 5.342e+06
Running on 191539 source(s), total normalized ionizing flux: 5.79e+08
Mean density (cgs): 4.774e-05, Mean ionized fraction: 9.372e-01
Convergence Criterion (Number of points):  100

Rank=0: Doing Raytracing...
Rank=3: 191539 sources.
Rank=3: Copied source data to device.
Rank=3: Doing Raytracing...
took 0.19s.
took 0.19s.
took 0.19s.
Doing Chemistry...
took  0.1 s.
Number of non-converged points: 103151 of 1000000 ( 10.315 % ), Relative change in ionfrac:  1.12e+00
Rank=0: Doing Raytracing...
Rank=2: Doing Raytracing...
Rank=3: Doing Raytracing...
Rank=1: Doing Raytracing...
took 0.19s.
took 0.19s.
took 0.19s.
took 0.19s.
Doing Chemistry...
took  0.1 s.
Number of non-converged points: 80253 of 1000000 ( 8.025 % ), Relative change in ionfrac:  1.27e-03
Rank=0: Doing Raytracing...
Rank=2: Doing Raytracing...
Rank=3: Doing Raytracing...
Rank=1: Doing Raytracing...
took 0.19s.
took 0.19s.
took 0.19s.
took 0.19s.
Doing Chemistry...
took  0.1 s.
Number of non-converged points: 55270 of 1000000 ( 5.527 % ), Relative change in ionfrac:  3.76e-04
Rank=0: Doing Raytracing...
Rank=2: Doing Raytracing...
Rank=3: Doing Raytracing...
Rank=1: Doing Raytracing...
took 0.19s.
took 0.19s.
took 0.19s.
took 0.19s.
Doing Chemistry...
took  0.1 s.
Number of non-converged points: 29932 of 1000000 ( 2.993 % ), Relative change in ionfrac:  1.40e-04
Rank=0: Doing Raytracing...
Rank=1: Doing Raytracing...
Rank=2: Doing Raytracing...
Rank=3: Doing Raytracing...
took 0.19s.
took 0.19s.
took 0.19s.
took 0.19s.
Doing Chemistry...
took  0.1 s.
Number of non-converged points: 13957 of 1000000 ( 1.396 % ), Relative change in ionfrac:  5.84e-05
Rank=0: Doing Raytracing...
Rank=1: Doing Raytracing...
Rank=2: Doing Raytracing...
Rank=3: Doing Raytracing...
took 0.19s.
took 0.19s.
took 0.19s.
took 0.19s.
Doing Chemistry...
took  0.1 s.
Number of non-converged points: 6259 of 1000000 ( 0.626 % ), Relative change in ionfrac:  2.65e-05
Rank=0: Doing Raytracing...
Rank=2: Doing Raytracing...
Rank=1: Doing Raytracing...
Rank=3: Doing Raytracing...
took 0.19s.
took 0.19s.
took 0.19s.
took 0.19s.
Doing Chemistry...
took  0.1 s.
Number of non-converged points: 2553 of 1000000 ( 0.255 % ), Relative change in ionfrac:  1.27e-05
Rank=0: Doing Raytracing...
Rank=2: Doing Raytracing...
Rank=1: Doing Raytracing...
Rank=3: Doing Raytracing...
took 0.19s.
took 0.19s.
took 0.19s.
took 0.19s.
Doing Chemistry...
took  0.1 s.
Number of non-converged points: 819 of 1000000 ( 0.082 % ), Relative change in ionfrac:  6.39e-06
Rank=0: Doing Raytracing...
Rank=1: Doing Raytracing...
Rank=2: Doing Raytracing...
Rank=3: Doing Raytracing...
took 0.19s.
took 0.19s.
took 0.19s.
took 0.19s.
Doing Chemistry...
took  0.1 s.
Number of non-converged points: 178 of 1000000 ( 0.018 % ), Relative change in ionfrac:  3.33e-06
Multiple source convergence reached after 9 ray-tracing iterations.
Mean-free-path for photons at z = 8.312 (Worseck+ 2014): 1.094e+01 cMpc
This corresponds to 10.943 grid cells.
Rank=3: 191539 sources.
Rank=2: 191539 sources.
Rank=1: 191539 sources.
Rank=3: Copied source data to device.
Rank=2: Copied source data to device.
Rank=1: Copied source data to device.
Rank=0: 191539 sources.
Rank=3: Doing Raytracing...
Rank=2: Doing Raytracing...
Rank=0: Copied source data to device.
Rank=1: Doing Raytracing...
Calling evolve3D...
dr [Mpc]: 1.074e-01
dt [years]: 5.342e+06
Running on 191539 source(s), total normalized ionizing flux: 5.79e+08
Mean density (cgs): 4.690e-05, Mean ionized fraction: 9.459e-01
Convergence Criterion (Number of points):  100

Rank=0: Doing Raytracing...
took 0.19s.
took 0.19s.
took 0.19s.
took 0.19s.
Doing Chemistry...
took  0.1 s.
Number of non-converged points: 90203 of 1000000 ( 9.020 % ), Relative change in ionfrac:  1.10e+00
Rank=0: Doing Raytracing...
Rank=1: Doing Raytracing...
Rank=2: Doing Raytracing...
Rank=3: Doing Raytracing...
took 0.19s.
took 0.19s.
took 0.19s.
took 0.19s.
Doing Chemistry...
took  0.1 s.
Number of non-converged points: 70818 of 1000000 ( 7.082 % ), Relative change in ionfrac:  1.08e-03
Rank=0: Doing Raytracing...
Rank=2: Doing Raytracing...
Rank=3: Doing Raytracing...
Rank=1: Doing Raytracing...
took 0.19s.
took 0.19s.
took 0.19s.
took 0.19s.
Doing Chemistry...
took  0.1 s.
Number of non-converged points: 48211 of 1000000 ( 4.821 % ), Relative change in ionfrac:  3.17e-04
Rank=0: Doing Raytracing...
Rank=1: Doing Raytracing...
Rank=2: Doing Raytracing...
Rank=3: Doing Raytracing...
took 0.19s.
took 0.19s.
took 0.19s.
took 0.19s.
Doing Chemistry...
took  0.1 s.
Number of non-converged points: 25393 of 1000000 ( 2.539 % ), Relative change in ionfrac:  1.16e-04
Rank=0: Doing Raytracing...
Rank=2: Doing Raytracing...
Rank=3: Doing Raytracing...
Rank=1: Doing Raytracing...
took 0.19s.
took 0.19s.
took 0.19s.
took 0.19s.
Doing Chemistry...
took  0.1 s.
Number of non-converged points: 11571 of 1000000 ( 1.157 % ), Relative change in ionfrac:  4.80e-05
Rank=0: Doing Raytracing...
Rank=1: Doing Raytracing...
Rank=2: Doing Raytracing...
Rank=3: Doing Raytracing...
took 0.19s.
took 0.19s.
took 0.19s.
took 0.19s.
Doing Chemistry...
took  0.1 s.
Number of non-converged points: 5011 of 1000000 ( 0.501 % ), Relative change in ionfrac:  2.14e-05
Rank=0: Doing Raytracing...
Rank=1: Doing Raytracing...
Rank=2: Doing Raytracing...
Rank=3: Doing Raytracing...
took 0.19s.
took 0.19s.
took 0.19s.
took 0.19s.
Doing Chemistry...
took  0.1 s.
Number of non-converged points: 1829 of 1000000 ( 0.183 % ), Relative change in ionfrac:  1.01e-05
Rank=0: Doing Raytracing...
Rank=1: Doing Raytracing...
Rank=2: Doing Raytracing...
Rank=3: Doing Raytracing...
took 0.19s.
took 0.19s.
took 0.19s.
took 0.19s.
Doing Chemistry...
took  0.1 s.
Number of non-converged points: 491 of 1000000 ( 0.049 % ), Relative change in ionfrac:  5.02e-06
Rank=0: Doing Raytracing...
Rank=1: Doing Raytracing...
Rank=2: Doing Raytracing...
Rank=3: Doing Raytracing...
took 0.19s.
took 0.19s.
took 0.19s.
took 0.19s.
Doing Chemistry...
took  0.1 s.
Number of non-converged points: 114 of 1000000 ( 0.011 % ), Relative change in ionfrac:  2.58e-06
Multiple source convergence reached after 9 ray-tracing iterations.

---- Reading density file:
  /capstor/scratch/cscs/cprior/CDM_100Mpc_2048/grids/nc100/CDM_100Mpc_2048.00047.ovrden.npy
 min, mean and max density : 1.195e-05  5.118e-05  6.635e-04 [1/cm3]
Rank=1: 193711 sources.
Rank=1: Copied source data to device.
Rank=1: Doing Raytracing...
Rank=2: 193711 sources.
Rank=2: Copied source data to device.
Rank=2: Doing Raytracing...

---- Reading source file with total of 774847 ionizing source:
CDM_100Mpc_2048.00047.halo.txt
 Total Flux : 5.993585e+56 [1/s]
 Total number of ionizing photons : 9.983209e+70
 Source lifetime : 114.455305 Myr
 min, max stellar (grid) mass : 1.214e+04  1.973e+09 [Msun] and min, mean, max number of ionising sources : 7.992e+48  7.735e+50  1.299e+54 [1/s]

--- Reionization History ----
 min, mean, max xHII : 2.18568e-04  9.53451e-01  9.99998e-01
 min, mean, max Irate : 1.50296e-20  1.50003e-13  1.78574e-11 [1/s]
 min, mean, max density : 1.19522e-05  5.11807e-05  6.63507e-04 [1/cm3]
took 0.20s.
Mean-free-path for photons at z = 8.258 (Worseck+ 2014): 1.099e+01 cMpc
This corresponds to 10.985 grid cells.
Rank=0: 193711 sources.
Rank=0: Copied source data to device.
Calling evolve3D...
dr [Mpc]: 1.080e-01
dt [years]: 5.278e+06
Running on 193711 source(s), total normalized ionizing flux: 5.99e+08
Mean density (cgs): 4.608e-05, Mean ionized fraction: 9.535e-01
Convergence Criterion (Number of points):  100

Rank=0: Doing Raytracing...
Rank=3: 193714 sources.
Rank=3: Copied source data to device.
Rank=3: Doing Raytracing...
took 0.20s.
took 0.20s.
took 0.20s.
Doing Chemistry...
took  0.1 s.
Number of non-converged points: 79256 of 1000000 ( 7.926 % ), Relative change in ionfrac:  1.09e+00
Rank=0: Doing Raytracing...
Rank=1: Doing Raytracing...
Rank=2: Doing Raytracing...
Rank=3: Doing Raytracing...
took 0.20s.
took 0.20s.
took 0.20s.
took 0.20s.
Doing Chemistry...
took  0.1 s.
Number of non-converged points: 62443 of 1000000 ( 6.244 % ), Relative change in ionfrac:  9.57e-04
Rank=0: Doing Raytracing...
Rank=1: Doing Raytracing...
Rank=2: Doing Raytracing...
Rank=3: Doing Raytracing...
took 0.20s.
took 0.20s.
took 0.20s.
took 0.20s.
Doing Chemistry...
took  0.1 s.
Number of non-converged points: 43076 of 1000000 ( 4.308 % ), Relative change in ionfrac:  2.80e-04
Rank=0: Doing Raytracing...
Rank=1: Doing Raytracing...
Rank=2: Doing Raytracing...
Rank=3: Doing Raytracing...
took 0.20s.
took 0.20s.
took 0.20s.
took 0.20s.
Doing Chemistry...
took  0.1 s.
Number of non-converged points: 22628 of 1000000 ( 2.263 % ), Relative change in ionfrac:  1.02e-04
Rank=0: Doing Raytracing...
Rank=2: Doing Raytracing...
Rank=1: Doing Raytracing...
Rank=3: Doing Raytracing...
took 0.20s.
took 0.20s.
took 0.20s.
took 0.20s.
Doing Chemistry...
took  0.1 s.
Number of non-converged points: 10275 of 1000000 ( 1.027 % ), Relative change in ionfrac:  4.21e-05
Rank=0: Doing Raytracing...
Rank=1: Doing Raytracing...
Rank=2: Doing Raytracing...
Rank=3: Doing Raytracing...
took 0.20s.
took 0.20s.
took 0.20s.
took 0.20s.
Doing Chemistry...
took  0.1 s.
Number of non-converged points: 4346 of 1000000 ( 0.435 % ), Relative change in ionfrac:  1.87e-05
Rank=0: Doing Raytracing...
Rank=1: Doing Raytracing...
Rank=3: Doing Raytracing...
Rank=2: Doing Raytracing...
took 0.20s.
took 0.20s.
took 0.20s.
took 0.20s.
Doing Chemistry...
took  0.1 s.
Number of non-converged points: 1510 of 1000000 ( 0.151 % ), Relative change in ionfrac:  8.79e-06
Rank=0: Doing Raytracing...
Rank=2: Doing Raytracing...
Rank=1: Doing Raytracing...
Rank=3: Doing Raytracing...
took 0.20s.
took 0.20s.
took 0.20s.
took 0.20s.
Doing Chemistry...
took  0.1 s.
Number of non-converged points: 404 of 1000000 ( 0.040 % ), Relative change in ionfrac:  4.32e-06
Rank=0: Doing Raytracing...
Rank=1: Doing Raytracing...
Rank=3: Doing Raytracing...
Rank=2: Doing Raytracing...
took 0.20s.
took 0.20s.
took 0.20s.
took 0.20s.
Doing Chemistry...
took  0.1 s.
Number of non-converged points: 57 of 1000000 ( 0.006 % ), Relative change in ionfrac:  2.20e-06
Multiple source convergence reached after 9 ray-tracing iterations.
Mean-free-path for photons at z = 8.204 (Worseck+ 2014): 1.103e+01 cMpc
This corresponds to 11.029 grid cells.
Rank=0: 193711 sources.
Rank=2: 193711 sources.
Rank=1: 193711 sources.
Rank=0: Copied source data to device.
Rank=2: Copied source data to device.
Rank=1: Copied source data to device.
Rank=3: 193714 sources.
Rank=3: Copied source data to device.
Calling evolve3D...
dr [Mpc]: 1.086e-01
dt [years]: 5.278e+06
Running on 193711 source(s), total normalized ionizing flux: 5.99e+08
Mean density (cgs): 4.530e-05, Mean ionized fraction: 9.601e-01
Convergence Criterion (Number of points):  100

Rank=0: Doing Raytracing...
Rank=2: Doing Raytracing...
Rank=1: Doing Raytracing...
Rank=3: Doing Raytracing...
took 0.21s.
took 0.21s.
took 0.21s.
took 0.21s.
Doing Chemistry...
took  0.1 s.
Number of non-converged points: 68954 of 1000000 ( 6.895 % ), Relative change in ionfrac:  1.07e+00
Rank=0: Doing Raytracing...
Rank=2: Doing Raytracing...
Rank=3: Doing Raytracing...
Rank=1: Doing Raytracing...
took 0.21s.
took 0.21s.
took 0.21s.
took 0.21s.
Doing Chemistry...
took  0.1 s.
Number of non-converged points: 54646 of 1000000 ( 5.465 % ), Relative change in ionfrac:  8.17e-04
Rank=0: Doing Raytracing...
Rank=2: Doing Raytracing...
Rank=1: Doing Raytracing...
Rank=3: Doing Raytracing...
took 0.21s.
took 0.21s.
took 0.21s.
took 0.21s.
Doing Chemistry...
took  0.1 s.
Number of non-converged points: 37359 of 1000000 ( 3.736 % ), Relative change in ionfrac:  2.36e-04
Rank=0: Doing Raytracing...
Rank=2: Doing Raytracing...
Rank=3: Doing Raytracing...
Rank=1: Doing Raytracing...
took 0.21s.
took 0.21s.
took 0.21s.
took 0.21s.
Doing Chemistry...
took  0.1 s.
Number of non-converged points: 19188 of 1000000 ( 1.919 % ), Relative change in ionfrac:  8.52e-05
Rank=0: Doing Raytracing...
Rank=2: Doing Raytracing...
Rank=3: Doing Raytracing...
Rank=1: Doing Raytracing...
took 0.21s.
took 0.21s.
took 0.21s.
took 0.21s.
Doing Chemistry...
took  0.1 s.
Number of non-converged points: 8321 of 1000000 ( 0.832 % ), Relative change in ionfrac:  3.46e-05
Rank=0: Doing Raytracing...
Rank=1: Doing Raytracing...
Rank=2: Doing Raytracing...
Rank=3: Doing Raytracing...
took 0.21s.
took 0.21s.
took 0.21s.
took 0.21s.
Doing Chemistry...
took  0.1 s.
Number of non-converged points: 3443 of 1000000 ( 0.344 % ), Relative change in ionfrac:  1.52e-05
Rank=0: Doing Raytracing...
Rank=1: Doing Raytracing...
Rank=2: Doing Raytracing...
Rank=3: Doing Raytracing...
took 0.21s.
took 0.21s.
took 0.21s.
took 0.21s.
Doing Chemistry...
took  0.1 s.
Number of non-converged points: 1135 of 1000000 ( 0.113 % ), Relative change in ionfrac:  7.05e-06
Rank=0: Doing Raytracing...
Rank=1: Doing Raytracing...
Rank=2: Doing Raytracing...
Rank=3: Doing Raytracing...
took 0.21s.
took 0.21s.
took 0.21s.
took 0.21s.
Doing Chemistry...
took  0.1 s.
Number of non-converged points: 279 of 1000000 ( 0.028 % ), Relative change in ionfrac:  3.43e-06
Multiple source convergence reached after 8 ray-tracing iterations.

---- Reading density file:
  /capstor/scratch/cscs/cprior/CDM_100Mpc_2048/grids/nc100/CDM_100Mpc_2048.00048.ovrden.npy
 min, mean and max density : 1.121e-05  4.936e-05  6.604e-04 [1/cm3]
Rank=2: 195749 sources.
Rank=2: Copied source data to device.
Rank=2: Doing Raytracing...

---- Reading source file with total of 782996 ionizing source:
CDM_100Mpc_2048.00048.halo.txt
 Total Flux : 6.187380e+56 [1/s]
 Total number of ionizing photons : 1.034205e+71
 Source lifetime : 117.957770 Myr
 min, max stellar (grid) mass : 1.214e+04  1.527e+09 [Msun] and min, mean, max number of ionising sources : 7.755e+48  7.902e+50  9.756e+53 [1/s]

--- Reionization History ----
 min, mean, max xHII : 2.25933e-04  9.65899e-01  9.99998e-01
 min, mean, max Irate : 2.15130e-20  1.55056e-13  1.76839e-11 [1/s]
 min, mean, max density : 1.12112e-05  4.93609e-05  6.60435e-04 [1/cm3]
Mean-free-path for photons at z = 8.152 (Worseck+ 2014): 1.107e+01 cMpc
This corresponds to 11.075 grid cells.
Rank=0: 195749 sources.
Rank=0: Copied source data to device.
Calling evolve3D...
dr [Mpc]: 1.093e-01
dt [years]: 5.297e+06
Running on 195749 source(s), total normalized ionizing flux: 6.19e+08
Mean density (cgs): 4.453e-05, Mean ionized fraction: 9.659e-01
Convergence Criterion (Number of points):  100

Rank=0: Doing Raytracing...
Rank=3: 195749 sources.
Rank=3: Copied source data to device.
Rank=3: Doing Raytracing...
Rank=1: 195749 sources.
took 0.22s.
Rank=1: Copied source data to device.
Rank=1: Doing Raytracing...
took 0.23s.
took 0.22s.
took 0.22s.
Doing Chemistry...
took  0.1 s.
Number of non-converged points: 60122 of 1000000 ( 6.012 % ), Relative change in ionfrac:  1.06e+00
Rank=0: Doing Raytracing...
Rank=1: Doing Raytracing...
Rank=2: Doing Raytracing...
Rank=3: Doing Raytracing...
took 0.22s.
took 0.22s.
took 0.22s.
took 0.22s.
Doing Chemistry...
took  0.1 s.
Number of non-converged points: 48263 of 1000000 ( 4.826 % ), Relative change in ionfrac:  7.43e-04
Rank=0: Doing Raytracing...
Rank=2: Doing Raytracing...
Rank=3: Doing Raytracing...
Rank=1: Doing Raytracing...
took 0.22s.
took 0.22s.
took 0.22s.
took 0.22s.
Doing Chemistry...
took  0.1 s.
Number of non-converged points: 33788 of 1000000 ( 3.379 % ), Relative change in ionfrac:  2.16e-04
Rank=0: Doing Raytracing...
Rank=2: Doing Raytracing...
Rank=3: Doing Raytracing...
Rank=1: Doing Raytracing...
took 0.22s.
took 0.22s.
took 0.22s.
took 0.22s.
Doing Chemistry...
took  0.1 s.
Number of non-converged points: 17407 of 1000000 ( 1.741 % ), Relative change in ionfrac:  7.81e-05
Rank=0: Doing Raytracing...
Rank=1: Doing Raytracing...
Rank=2: Doing Raytracing...
Rank=3: Doing Raytracing...
took 0.22s.
took 0.22s.
took 0.22s.
took 0.22s.
Doing Chemistry...
took  0.1 s.
Number of non-converged points: 7808 of 1000000 ( 0.781 % ), Relative change in ionfrac:  3.17e-05
Rank=0: Doing Raytracing...
Rank=1: Doing Raytracing...
Rank=3: Doing Raytracing...
Rank=2: Doing Raytracing...
took 0.22s.
took 0.22s.
took 0.22s.
took 0.22s.
Doing Chemistry...
took  0.1 s.
Number of non-converged points: 3280 of 1000000 ( 0.328 % ), Relative change in ionfrac:  1.40e-05
Rank=0: Doing Raytracing...
Rank=1: Doing Raytracing...
Rank=2: Doing Raytracing...
Rank=3: Doing Raytracing...
took 0.22s.
took 0.22s.
took 0.22s.
took 0.22s.
Doing Chemistry...
took  0.1 s.
Number of non-converged points: 1091 of 1000000 ( 0.109 % ), Relative change in ionfrac:  6.50e-06
Rank=0: Doing Raytracing...
Rank=1: Doing Raytracing...
Rank=2: Doing Raytracing...
Rank=3: Doing Raytracing...
took 0.22s.
took 0.22s.
took 0.22s.
took 0.22s.
Doing Chemistry...
took  0.1 s.
Number of non-converged points: 273 of 1000000 ( 0.027 % ), Relative change in ionfrac:  3.17e-06
Rank=0: Doing Raytracing...
Rank=2: Doing Raytracing...
Rank=3: Doing Raytracing...
Rank=1: Doing Raytracing...
took 0.22s.
took 0.22s.
took 0.22s.
took 0.22s.
Doing Chemistry...
took  0.1 s.
Number of non-converged points: 38 of 1000000 ( 0.004 % ), Relative change in ionfrac:  1.60e-06
Multiple source convergence reached after 9 ray-tracing iterations.
Mean-free-path for photons at z = 8.100 (Worseck+ 2014): 1.112e+01 cMpc
This corresponds to 11.122 grid cells.
Rank=0: 195749 sources.
Rank=2: 195749 sources.
Rank=1: 195749 sources.
Rank=2: Copied source data to device.
Rank=1: Copied source data to device.
Rank=0: Copied source data to device.
Rank=3: 195749 sources.
Rank=3: Copied source data to device.
Rank=2: Doing Raytracing...
Rank=1: Doing Raytracing...
Calling evolve3D...
dr [Mpc]: 1.099e-01
dt [years]: 5.297e+06
Running on 195749 source(s), total normalized ionizing flux: 6.19e+08
Mean density (cgs): 4.377e-05, Mean ionized fraction: 9.711e-01
Convergence Criterion (Number of points):  100

Rank=0: Doing Raytracing...
Rank=3: Doing Raytracing...
took 0.22s.
took 0.22s.
took 0.22s.
took 0.22s.
Doing Chemistry...
took  0.1 s.
Number of non-converged points: 51920 of 1000000 ( 5.192 % ), Relative change in ionfrac:  1.05e+00
Rank=0: Doing Raytracing...
Rank=1: Doing Raytracing...
Rank=2: Doing Raytracing...
Rank=3: Doing Raytracing...
took 0.22s.
took 0.22s.
took 0.22s.
took 0.22s.
Doing Chemistry...
took  0.1 s.
Number of non-converged points: 41831 of 1000000 ( 4.183 % ), Relative change in ionfrac:  6.28e-04
Rank=0: Doing Raytracing...
Rank=2: Doing Raytracing...
Rank=3: Doing Raytracing...
Rank=1: Doing Raytracing...
took 0.22s.
took 0.22s.
took 0.22s.
took 0.22s.
Doing Chemistry...
took  0.1 s.
Number of non-converged points: 29164 of 1000000 ( 2.916 % ), Relative change in ionfrac:  1.81e-04
Rank=0: Doing Raytracing...
Rank=1: Doing Raytracing...
Rank=2: Doing Raytracing...
Rank=3: Doing Raytracing...
took 0.22s.
took 0.22s.
took 0.22s.
took 0.22s.
Doing Chemistry...
took  0.1 s.
Number of non-converged points: 14861 of 1000000 ( 1.486 % ), Relative change in ionfrac:  6.47e-05
Rank=2: Doing Raytracing...
Rank=0: Doing Raytracing...
Rank=1: Doing Raytracing...
Rank=3: Doing Raytracing...
took 0.22s.
took 0.22s.
took 0.22s.
took 0.22s.
Doing Chemistry...
took  0.1 s.
Number of non-converged points: 6386 of 1000000 ( 0.639 % ), Relative change in ionfrac:  2.59e-05
Rank=0: Doing Raytracing...
Rank=1: Doing Raytracing...
Rank=3: Doing Raytracing...
Rank=2: Doing Raytracing...
took 0.22s.
took 0.22s.
took 0.22s.
took 0.22s.
Doing Chemistry...
took  0.1 s.
Number of non-converged points: 2473 of 1000000 ( 0.247 % ), Relative change in ionfrac:  1.12e-05
Rank=0: Doing Raytracing...
Rank=1: Doing Raytracing...
Rank=2: Doing Raytracing...
Rank=3: Doing Raytracing...
took 0.22s.
took 0.22s.
took 0.22s.
took 0.22s.
Doing Chemistry...
took  0.1 s.
Number of non-converged points: 727 of 1000000 ( 0.073 % ), Relative change in ionfrac:  5.13e-06
Rank=0: Doing Raytracing...
Rank=1: Doing Raytracing...
Rank=2: Doing Raytracing...
Rank=3: Doing Raytracing...
took 0.22s.
took 0.22s.
took 0.22s.
took 0.22s.
Doing Chemistry...
took  0.1 s.
Number of non-converged points: 149 of 1000000 ( 0.015 % ), Relative change in ionfrac:  2.45e-06
Multiple source convergence reached after 8 ray-tracing iterations.

---- Reading density file:
  /capstor/scratch/cscs/cprior/CDM_100Mpc_2048/grids/nc100/CDM_100Mpc_2048.00049.ovrden.npy
 min, mean and max density : 1.052e-05  4.763e-05  6.599e-04 [1/cm3]
Rank=2: 197624 sources.
Rank=2: Copied source data to device.
Rank=2: Doing Raytracing...

---- Reading source file with total of 790498 ionizing source:
CDM_100Mpc_2048.00049.halo.txt
 Total Flux : 6.382464e+56 [1/s]
 Total number of ionizing photons : 1.069301e+71
 Source lifetime : 121.514633 Myr
 min, max stellar (grid) mass : 1.214e+04  2.687e+09 [Msun] and min, mean, max number of ionising sources : 7.528e+48  8.074e+50  1.666e+54 [1/s]
Rank=1: 197624 sources.
Rank=1: Copied source data to device.
Rank=1: Doing Raytracing...

--- Reionization History ----
 min, mean, max xHII : 2.37580e-04  9.75546e-01  9.99998e-01
 min, mean, max Irate : 3.02260e-20  1.59803e-13  1.35015e-11 [1/s]
 min, mean, max density : 1.05187e-05  4.76305e-05  6.59874e-04 [1/cm3]
Mean-free-path for photons at z = 8.049 (Worseck+ 2014): 1.117e+01 cMpc
This corresponds to 11.172 grid cells.
Rank=0: 197624 sources.
Rank=0: Copied source data to device.
Calling evolve3D...
dr [Mpc]: 1.105e-01
dt [years]: 5.309e+06
Running on 197624 source(s), total normalized ionizing flux: 6.38e+08
Mean density (cgs): 4.304e-05, Mean ionized fraction: 9.755e-01
Convergence Criterion (Number of points):  100

Rank=0: Doing Raytracing...
took 0.22s.
Rank=3: 197626 sources.
Rank=3: Copied source data to device.
Rank=3: Doing Raytracing...
took 0.22s.
took 0.22s.
took 0.22s.
Doing Chemistry...
took  0.1 s.
Number of non-converged points: 44784 of 1000000 ( 4.478 % ), Relative change in ionfrac:  1.04e+00
Rank=0: Doing Raytracing...
Rank=2: Doing Raytracing...
Rank=3: Doing Raytracing...
Rank=1: Doing Raytracing...
took 0.22s.
took 0.22s.
took 0.22s.
took 0.22s.
Doing Chemistry...
took  0.1 s.
Number of non-converged points: 36515 of 1000000 ( 3.651 % ), Relative change in ionfrac:  5.58e-04
Rank=0: Doing Raytracing...
Rank=2: Doing Raytracing...
Rank=3: Doing Raytracing...
Rank=1: Doing Raytracing...
took 0.22s.
took 0.22s.
took 0.22s.
took 0.22s.
Doing Chemistry...
took  0.1 s.
Number of non-converged points: 25823 of 1000000 ( 2.582 % ), Relative change in ionfrac:  1.61e-04
Rank=0: Doing Raytracing...
Rank=3: Doing Raytracing...
Rank=1: Doing Raytracing...
Rank=2: Doing Raytracing...
took 0.22s.
took 0.22s.
took 0.22s.
took 0.22s.
Doing Chemistry...
took  0.1 s.
Number of non-converged points: 13301 of 1000000 ( 1.330 % ), Relative change in ionfrac:  5.73e-05
Rank=0: Doing Raytracing...
Rank=1: Doing Raytracing...
Rank=3: Doing Raytracing...
Rank=2: Doing Raytracing...
took 0.22s.
took 0.22s.
took 0.22s.
took 0.22s.
Doing Chemistry...
took  0.1 s.
Number of non-converged points: 5751 of 1000000 ( 0.575 % ), Relative change in ionfrac:  2.29e-05
Rank=0: Doing Raytracing...
Rank=1: Doing Raytracing...
Rank=2: Doing Raytracing...
Rank=3: Doing Raytracing...
took 0.22s.
took 0.22s.
took 0.22s.
took 0.22s.
Doing Chemistry...
took  0.1 s.
Number of non-converged points: 2184 of 1000000 ( 0.218 % ), Relative change in ionfrac:  9.87e-06
Rank=0: Doing Raytracing...
Rank=3: Doing Raytracing...
Rank=1: Doing Raytracing...
Rank=2: Doing Raytracing...
took 0.22s.
took 0.22s.
took 0.22s.
took 0.22s.
Doing Chemistry...
took  0.1 s.
Number of non-converged points: 616 of 1000000 ( 0.062 % ), Relative change in ionfrac:  4.50e-06
Rank=0: Doing Raytracing...
Rank=3: Doing Raytracing...
Rank=1: Doing Raytracing...
Rank=2: Doing Raytracing...
took 0.22s.
took 0.22s.
took 0.22s.
took 0.22s.
Doing Chemistry...
took  0.1 s.
Number of non-converged points: 118 of 1000000 ( 0.012 % ), Relative change in ionfrac:  2.14e-06
Rank=0: Doing Raytracing...
Rank=2: Doing Raytracing...
Rank=1: Doing Raytracing...
Rank=3: Doing Raytracing...
took 0.22s.
took 0.22s.
took 0.22s.
took 0.22s.
Doing Chemistry...
took  0.1 s.
Number of non-converged points: 7 of 1000000 ( 0.001 % ), Relative change in ionfrac:  1.05e-06
Multiple source convergence reached after 9 ray-tracing iterations.
Mean-free-path for photons at z = 7.999 (Worseck+ 2014): 1.122e+01 cMpc
This corresponds to 11.224 grid cells.
Rank=2: 197624 sources.
Rank=1: 197624 sources.
Rank=2: Copied source data to device.
Rank=3: 197626 sources.
Rank=1: Copied source data to device.
Rank=3: Copied source data to device.
Rank=0: 197624 sources.
Rank=0: Copied source data to device.
Rank=2: Doing Raytracing...
Rank=1: Doing Raytracing...
Rank=3: Doing Raytracing...
Calling evolve3D...
dr [Mpc]: 1.111e-01
dt [years]: 5.309e+06
Running on 197624 source(s), total normalized ionizing flux: 6.38e+08
Mean density (cgs): 4.232e-05, Mean ionized fraction: 9.795e-01
Convergence Criterion (Number of points):  100

Rank=0: Doing Raytracing...
took 0.22s.
took 0.22s.
took 0.22s.
took 0.22s.
Doing Chemistry...
took  0.1 s.
Number of non-converged points: 38329 of 1000000 ( 3.833 % ), Relative change in ionfrac:  1.04e+00
Rank=0: Doing Raytracing...
Rank=3: Doing Raytracing...
Rank=1: Doing Raytracing...
Rank=2: Doing Raytracing...
took 0.22s.
took 0.22s.
took 0.22s.
took 0.22s.
Doing Chemistry...
took  0.1 s.
Number of non-converged points: 31333 of 1000000 ( 3.133 % ), Relative change in ionfrac:  4.77e-04
Rank=0: Doing Raytracing...
Rank=2: Doing Raytracing...
Rank=3: Doing Raytracing...
Rank=1: Doing Raytracing...
took 0.22s.
took 0.22s.
took 0.22s.
took 0.22s.
Doing Chemistry...
took  0.1 s.
Number of non-converged points: 22287 of 1000000 ( 2.229 % ), Relative change in ionfrac:  1.37e-04
Rank=0: Doing Raytracing...
Rank=1: Doing Raytracing...
Rank=2: Doing Raytracing...
Rank=3: Doing Raytracing...
took 0.22s.
took 0.22s.
took 0.22s.
took 0.22s.
Doing Chemistry...
took  0.1 s.
Number of non-converged points: 11279 of 1000000 ( 1.128 % ), Relative change in ionfrac:  4.84e-05
Rank=0: Doing Raytracing...
Rank=1: Doing Raytracing...
Rank=3: Doing Raytracing...
Rank=2: Doing Raytracing...
took 0.22s.
took 0.22s.
took 0.22s.
took 0.22s.
Doing Chemistry...
took  0.1 s.
Number of non-converged points: 4908 of 1000000 ( 0.491 % ), Relative change in ionfrac:  1.92e-05
Rank=0: Doing Raytracing...
Rank=2: Doing Raytracing...
Rank=3: Doing Raytracing...
Rank=1: Doing Raytracing...
took 0.22s.
took 0.22s.
took 0.22s.
took 0.22s.
Doing Chemistry...
took  0.1 s.
Number of non-converged points: 1765 of 1000000 ( 0.177 % ), Relative change in ionfrac:  8.20e-06
Rank=0: Doing Raytracing...
Rank=2: Doing Raytracing...
Rank=3: Doing Raytracing...
Rank=1: Doing Raytracing...
took 0.22s.
took 0.22s.
took 0.22s.
took 0.22s.
Doing Chemistry...
took  0.1 s.
Number of non-converged points: 500 of 1000000 ( 0.050 % ), Relative change in ionfrac:  3.71e-06
Rank=0: Doing Raytracing...
Rank=1: Doing Raytracing...
Rank=2: Doing Raytracing...
Rank=3: Doing Raytracing...
took 0.22s.
took 0.22s.
took 0.22s.
took 0.22s.
Doing Chemistry...
took  0.1 s.
Number of non-converged points: 71 of 1000000 ( 0.007 % ), Relative change in ionfrac:  1.76e-06
Multiple source convergence reached after 8 ray-tracing iterations.

---- Reading density file:
  /capstor/scratch/cscs/cprior/CDM_100Mpc_2048/grids/nc100/CDM_100Mpc_2048.00050.ovrden.npy
 min, mean and max density : 9.866e-06  4.599e-05  6.581e-04 [1/cm3]
Rank=1: 199438 sources.
Rank=1: Copied source data to device.
Rank=1: Doing Raytracing...

---- Reading source file with total of 797752 ionizing source:
CDM_100Mpc_2048.00050.halo.txt
 Total Flux : 6.570083e+56 [1/s]
 Total number of ionizing photons : 1.101954e+71
 Source lifetime : 125.121903 Myr
 min, max stellar (grid) mass : 1.214e+04  2.797e+09 [Msun] and min, mean, max number of ionising sources : 7.311e+48  8.236e+50  1.684e+54 [1/s]
Rank=2: 199438 sources.
Rank=2: Copied source data to device.
Rank=2: Doing Raytracing...

--- Reionization History ----
 min, mean, max xHII : 2.55696e-04  9.82837e-01  9.99999e-01
 min, mean, max Irate : 4.23805e-20  1.63923e-13  2.12849e-11 [1/s]
 min, mean, max density : 9.86641e-06  4.59858e-05  6.58105e-04 [1/cm3]
Rank=3: 199438 sources.
Rank=3: Copied source data to device.
Rank=3: Doing Raytracing...
Mean-free-path for photons at z = 7.949 (Worseck+ 2014): 1.128e+01 cMpc
This corresponds to 11.279 grid cells.
Rank=0: 199438 sources.
Rank=0: Copied source data to device.
Calling evolve3D...
dr [Mpc]: 1.117e-01
dt [years]: 5.315e+06
Running on 199438 source(s), total normalized ionizing flux: 6.57e+08
Mean density (cgs): 4.162e-05, Mean ionized fraction: 9.828e-01
Convergence Criterion (Number of points):  100

Rank=0: Doing Raytracing...
took 0.23s.
took 0.23s.
took 0.22s.
took 0.22s.
Doing Chemistry...
took  0.1 s.
Number of non-converged points: 32751 of 1000000 ( 3.275 % ), Relative change in ionfrac:  1.03e+00
Rank=0: Doing Raytracing...
Rank=1: Doing Raytracing...
Rank=2: Doing Raytracing...
Rank=3: Doing Raytracing...
took 0.22s.
took 0.22s.
took 0.23s.
took 0.23s.
Doing Chemistry...
took  0.1 s.
Number of non-converged points: 26919 of 1000000 ( 2.692 % ), Relative change in ionfrac:  4.25e-04
Rank=0: Doing Raytracing...
Rank=1: Doing Raytracing...
Rank=3: Doing Raytracing...
Rank=2: Doing Raytracing...
took 0.22s.
took 0.23s.
took 0.23s.
took 0.23s.
Doing Chemistry...
took  0.1 s.
Number of non-converged points: 19587 of 1000000 ( 1.959 % ), Relative change in ionfrac:  1.24e-04
Rank=0: Doing Raytracing...
Rank=3: Doing Raytracing...
Rank=1: Doing Raytracing...
Rank=2: Doing Raytracing...
took 0.22s.
took 0.22s.
took 0.23s.
took 0.23s.
Doing Chemistry...
took  0.1 s.
Number of non-converged points: 10507 of 1000000 ( 1.051 % ), Relative change in ionfrac:  4.42e-05
Rank=0: Doing Raytracing...
Rank=2: Doing Raytracing...
Rank=3: Doing Raytracing...
Rank=1: Doing Raytracing...
took 0.22s.
took 0.22s.
took 0.23s.
took 0.23s.
Doing Chemistry...
took  0.1 s.
Number of non-converged points: 4498 of 1000000 ( 0.450 % ), Relative change in ionfrac:  1.76e-05
Rank=0: Doing Raytracing...
Rank=3: Doing Raytracing...
Rank=1: Doing Raytracing...
Rank=2: Doing Raytracing...
took 0.22s.
took 0.22s.
took 0.23s.
took 0.23s.
Doing Chemistry...
took  0.1 s.
Number of non-converged points: 1691 of 1000000 ( 0.169 % ), Relative change in ionfrac:  7.55e-06
Rank=0: Doing Raytracing...
Rank=1: Doing Raytracing...
Rank=2: Doing Raytracing...
Rank=3: Doing Raytracing...
took 0.22s.
took 0.22s.
took 0.23s.
took 0.23s.
Doing Chemistry...
took  0.1 s.
Number of non-converged points: 444 of 1000000 ( 0.044 % ), Relative change in ionfrac:  3.41e-06
Rank=0: Doing Raytracing...
Rank=1: Doing Raytracing...
Rank=3: Doing Raytracing...
Rank=2: Doing Raytracing...
took 0.22s.
took 0.22s.
took 0.23s.
took 0.23s.
Doing Chemistry...
took  0.1 s.
Number of non-converged points: 75 of 1000000 ( 0.007 % ), Relative change in ionfrac:  1.61e-06
Multiple source convergence reached after 8 ray-tracing iterations.
Mean-free-path for photons at z = 7.900 (Worseck+ 2014): 1.134e+01 cMpc
This corresponds to 11.335 grid cells.
Rank=0: 199438 sources.
Rank=2: 199438 sources.
Rank=1: 199438 sources.
Rank=0: Copied source data to device.
Rank=2: Copied source data to device.
Rank=1: Copied source data to device.
Rank=3: 199438 sources.
Rank=3: Copied source data to device.
Calling evolve3D...
dr [Mpc]: 1.124e-01
dt [years]: 5.315e+06
Running on 199438 source(s), total normalized ionizing flux: 6.57e+08
Mean density (cgs): 4.094e-05, Mean ionized fraction: 9.858e-01
Convergence Criterion (Number of points):  100

Rank=0: Doing Raytracing...
Rank=2: Doing Raytracing...
Rank=1: Doing Raytracing...
Rank=3: Doing Raytracing...
took 0.22s.
took 0.23s.
took 0.22s.
took 0.23s.
Doing Chemistry...
took  0.1 s.
Number of non-converged points: 27554 of 1000000 ( 2.755 % ), Relative change in ionfrac:  1.02e+00
Rank=0: Doing Raytracing...
Rank=2: Doing Raytracing...
Rank=3: Doing Raytracing...
Rank=1: Doing Raytracing...
took 0.22s.
took 0.23s.
took 0.23s.
took 0.23s.
Doing Chemistry...
took  0.1 s.
Number of non-converged points: 22768 of 1000000 ( 2.277 % ), Relative change in ionfrac:  3.51e-04
Rank=0: Doing Raytracing...
Rank=1: Doing Raytracing...
Rank=2: Doing Raytracing...
Rank=3: Doing Raytracing...
took 0.22s.
took 0.23s.
took 0.23s.
took 0.23s.
Doing Chemistry...
took  0.1 s.
Number of non-converged points: 16590 of 1000000 ( 1.659 % ), Relative change in ionfrac:  1.01e-04
Rank=0: Doing Raytracing...
Rank=2: Doing Raytracing...
Rank=3: Doing Raytracing...
Rank=1: Doing Raytracing...
took 0.22s.
took 0.23s.
took 0.23s.
took 0.23s.
Doing Chemistry...
took  0.1 s.
Number of non-converged points: 8550 of 1000000 ( 0.855 % ), Relative change in ionfrac:  3.55e-05
Rank=0: Doing Raytracing...
Rank=1: Doing Raytracing...
Rank=2: Doing Raytracing...
Rank=3: Doing Raytracing...
took 0.22s.
took 0.23s.
took 0.23s.
took 0.23s.
Doing Chemistry...
took  0.1 s.
Number of non-converged points: 3615 of 1000000 ( 0.362 % ), Relative change in ionfrac:  1.40e-05
Rank=0: Doing Raytracing...
Rank=1: Doing Raytracing...
Rank=2: Doing Raytracing...
Rank=3: Doing Raytracing...
took 0.22s.
took 0.23s.
took 0.23s.
took 0.23s.
Doing Chemistry...
took  0.1 s.
Number of non-converged points: 1301 of 1000000 ( 0.130 % ), Relative change in ionfrac:  5.93e-06
Rank=0: Doing Raytracing...
Rank=1: Doing Raytracing...
Rank=2: Doing Raytracing...
Rank=3: Doing Raytracing...
took 0.22s.
took 0.23s.
took 0.23s.
took 0.23s.
Doing Chemistry...
took  0.1 s.
Number of non-converged points: 290 of 1000000 ( 0.029 % ), Relative change in ionfrac:  2.66e-06
Rank=0: Doing Raytracing...
Rank=2: Doing Raytracing...
Rank=3: Doing Raytracing...
Rank=1: Doing Raytracing...
took 0.22s.
took 0.22s.
took 0.23s.
took 0.23s.
Doing Chemistry...
took  0.1 s.
Number of non-converged points: 34 of 1000000 ( 0.003 % ), Relative change in ionfrac:  1.24e-06
Multiple source convergence reached after 8 ray-tracing iterations.

---- Reading density file:
  /capstor/scratch/cscs/cprior/CDM_100Mpc_2048/grids/nc100/CDM_100Mpc_2048.00051.ovrden.npy
 min, mean and max density : 9.381e-06  4.442e-05  6.546e-04 [1/cm3]
Rank=2: 201095 sources.
Rank=2: Copied source data to device.
Rank=2: Doing Raytracing...
Rank=1: 201095 sources.
Rank=1: Copied source data to device.
Rank=1: Doing Raytracing...

---- Reading source file with total of 804383 ionizing source:
CDM_100Mpc_2048.00051.halo.txt
 Total Flux : 6.757392e+56 [1/s]
 Total number of ionizing photons : 1.133168e+71
 Source lifetime : 128.775145 Myr
 min, max stellar (grid) mass : 1.214e+04  2.941e+09 [Msun] and min, mean, max number of ionising sources : 7.103e+48  8.401e+50  1.720e+54 [1/s]

--- Reionization History ----
 min, mean, max xHII : 2.81506e-04  9.88271e-01  9.99999e-01
 min, mean, max Irate : 5.14292e-20  1.67628e-13  2.10827e-11 [1/s]
 min, mean, max density : 9.38116e-06  4.44231e-05  6.54607e-04 [1/cm3]
Mean-free-path for photons at z = 7.851 (Worseck+ 2014): 1.139e+01 cMpc
This corresponds to 11.394 grid cells.
Rank=0: 201095 sources.
Rank=0: Copied source data to device.
Calling evolve3D...
dr [Mpc]: 1.130e-01
dt [years]: 5.314e+06
Running on 201095 source(s), total normalized ionizing flux: 6.76e+08
Mean density (cgs): 4.028e-05, Mean ionized fraction: 9.883e-01
Convergence Criterion (Number of points):  100

Rank=0: Doing Raytracing...
took 0.23s.
Rank=3: 201098 sources.
Rank=3: Copied source data to device.
Rank=3: Doing Raytracing...
took 0.23s.
took 0.23s.
took 0.23s.
Doing Chemistry...
took  0.1 s.
Number of non-converged points: 23218 of 1000000 ( 2.322 % ), Relative change in ionfrac:  1.02e+00
Rank=0: Doing Raytracing...
Rank=1: Doing Raytracing...
Rank=2: Doing Raytracing...
Rank=3: Doing Raytracing...
took 0.23s.
took 0.23s.
took 0.23s.
took 0.23s.
Doing Chemistry...
took  0.1 s.
Number of non-converged points: 19118 of 1000000 ( 1.912 % ), Relative change in ionfrac:  3.05e-04
Rank=0: Doing Raytracing...
Rank=1: Doing Raytracing...
Rank=2: Doing Raytracing...
Rank=3: Doing Raytracing...
took 0.23s.
took 0.23s.
took 0.23s.
took 0.23s.
Doing Chemistry...
took  0.1 s.
Number of non-converged points: 13980 of 1000000 ( 1.398 % ), Relative change in ionfrac:  8.79e-05
Rank=0: Doing Raytracing...
Rank=2: Doing Raytracing...
Rank=3: Doing Raytracing...
Rank=1: Doing Raytracing...
took 0.23s.
took 0.23s.
took 0.23s.
took 0.23s.
Doing Chemistry...
took  0.1 s.
Number of non-converged points: 7482 of 1000000 ( 0.748 % ), Relative change in ionfrac:  3.11e-05
Rank=0: Doing Raytracing...
Rank=1: Doing Raytracing...
Rank=2: Doing Raytracing...
Rank=3: Doing Raytracing...
took 0.23s.
took 0.23s.
took 0.23s.
took 0.23s.
Doing Chemistry...
took  0.1 s.
Number of non-converged points: 3269 of 1000000 ( 0.327 % ), Relative change in ionfrac:  1.23e-05
Rank=0: Doing Raytracing...
Rank=2: Doing Raytracing...
Rank=3: Doing Raytracing...
Rank=1: Doing Raytracing...
took 0.23s.
took 0.23s.
took 0.23s.
took 0.23s.
Doing Chemistry...
took  0.1 s.
Number of non-converged points: 1195 of 1000000 ( 0.120 % ), Relative change in ionfrac:  5.19e-06
Rank=0: Doing Raytracing...
Rank=2: Doing Raytracing...
Rank=3: Doing Raytracing...
Rank=1: Doing Raytracing...
took 0.23s.
took 0.23s.
took 0.23s.
took 0.23s.
Doing Chemistry...
took  0.1 s.
Number of non-converged points: 258 of 1000000 ( 0.026 % ), Relative change in ionfrac:  2.32e-06
Rank=0: Doing Raytracing...
Rank=1: Doing Raytracing...
Rank=2: Doing Raytracing...
Rank=3: Doing Raytracing...
took 0.23s.
took 0.23s.
took 0.23s.
took 0.23s.
Doing Chemistry...
took  0.1 s.
Number of non-converged points: 24 of 1000000 ( 0.002 % ), Relative change in ionfrac:  1.08e-06
Multiple source convergence reached after 8 ray-tracing iterations.
Mean-free-path for photons at z = 7.803 (Worseck+ 2014): 1.146e+01 cMpc
This corresponds to 11.456 grid cells.
Rank=0: 201095 sources.
Rank=1: 201095 sources.
Rank=2: 201095 sources.
Rank=0: Copied source data to device.
Rank=3: 201098 sources.
Rank=2: Copied source data to device.
Rank=1: Copied source data to device.
Rank=3: Copied source data to device.
Calling evolve3D...
dr [Mpc]: 1.136e-01
dt [years]: 5.314e+06
Running on 201095 source(s), total normalized ionizing flux: 6.76e+08
Mean density (cgs): 3.963e-05, Mean ionized fraction: 9.904e-01
Convergence Criterion (Number of points):  100

Rank=2: Doing Raytracing...
Rank=0: Doing Raytracing...
Rank=1: Doing Raytracing...
Rank=3: Doing Raytracing...
took 0.23s.
took 0.23s.
took 0.23s.
took 0.23s.
Doing Chemistry...
took  0.1 s.
Number of non-converged points: 19115 of 1000000 ( 1.911 % ), Relative change in ionfrac:  1.02e+00
Rank=0: Doing Raytracing...
Rank=1: Doing Raytracing...
Rank=2: Doing Raytracing...
Rank=3: Doing Raytracing...
took 0.23s.
took 0.23s.
took 0.23s.
took 0.23s.
Doing Chemistry...
took  0.1 s.
Number of non-converged points: 15801 of 1000000 ( 1.580 % ), Relative change in ionfrac:  2.50e-04
Rank=0: Doing Raytracing...
Rank=3: Doing Raytracing...
Rank=1: Doing Raytracing...
Rank=2: Doing Raytracing...
took 0.23s.
took 0.23s.
took 0.23s.
took 0.23s.
Doing Chemistry...
took  0.1 s.
Number of non-converged points: 11735 of 1000000 ( 1.173 % ), Relative change in ionfrac:  7.19e-05
Rank=0: Doing Raytracing...
Rank=2: Doing Raytracing...
Rank=3: Doing Raytracing...
Rank=1: Doing Raytracing...
took 0.23s.
took 0.23s.
took 0.23s.
took 0.23s.
Doing Chemistry...
took  0.1 s.
Number of non-converged points: 6132 of 1000000 ( 0.613 % ), Relative change in ionfrac:  2.52e-05
Rank=0: Doing Raytracing...
Rank=1: Doing Raytracing...
Rank=2: Doing Raytracing...
Rank=3: Doing Raytracing...
took 0.23s.
took 0.23s.
took 0.23s.
took 0.23s.
Doing Chemistry...
took  0.1 s.
Number of non-converged points: 2544 of 1000000 ( 0.254 % ), Relative change in ionfrac:  9.86e-06
Rank=0: Doing Raytracing...
Rank=1: Doing Raytracing...
Rank=2: Doing Raytracing...
Rank=3: Doing Raytracing...
took 0.23s.
took 0.23s.
took 0.23s.
took 0.23s.
Doing Chemistry...
took  0.1 s.
Number of non-converged points: 921 of 1000000 ( 0.092 % ), Relative change in ionfrac:  4.15e-06
Rank=0: Doing Raytracing...
Rank=1: Doing Raytracing...
Rank=2: Doing Raytracing...
Rank=3: Doing Raytracing...
took 0.23s.
took 0.23s.
took 0.23s.
took 0.23s.
Doing Chemistry...
took  0.1 s.
Number of non-converged points: 204 of 1000000 ( 0.020 % ), Relative change in ionfrac:  1.84e-06
Rank=0: Doing Raytracing...
Rank=1: Doing Raytracing...
Rank=2: Doing Raytracing...
Rank=3: Doing Raytracing...
took 0.23s.
took 0.23s.
took 0.23s.
took 0.23s.
Doing Chemistry...
took  0.1 s.
Number of non-converged points: 15 of 1000000 ( 0.002 % ), Relative change in ionfrac:  8.49e-07
Multiple source convergence reached after 8 ray-tracing iterations.

---- Reading density file:
  /capstor/scratch/cscs/cprior/CDM_100Mpc_2048/grids/nc100/CDM_100Mpc_2048.00052.ovrden.npy
 min, mean and max density : 8.873e-06  4.294e-05  6.488e-04 [1/cm3]
Rank=2: 202689 sources.
Rank=2: Copied source data to device.
Rank=2: Doing Raytracing...
Rank=1: 202689 sources.
Rank=1: Copied source data to device.
Rank=1: Doing Raytracing...

---- Reading source file with total of 810758 ionizing source:
CDM_100Mpc_2048.00052.halo.txt
 Total Flux : 6.936061e+56 [1/s]
 Total number of ionizing photons : 1.161348e+71
 Source lifetime : 132.469472 Myr
 min, max stellar (grid) mass : 1.214e+04  3.002e+09 [Msun] and min, mean, max number of ionising sources : 6.905e+48  8.555e+50  1.707e+54 [1/s]

--- Reionization History ----
 min, mean, max xHII : 3.04930e-04  9.92161e-01  9.99999e-01
 min, mean, max Irate : 6.01668e-20  1.72462e-13  2.10713e-11 [1/s]
 min, mean, max density : 8.87278e-06  4.29389e-05  6.48833e-04 [1/cm3]
took 0.23s.
Mean-free-path for photons at z = 7.756 (Worseck+ 2014): 1.152e+01 cMpc
This corresponds to 11.520 grid cells.
Rank=0: 202689 sources.
took 0.23s.
Rank=0: Copied source data to device.
Calling evolve3D...
dr [Mpc]: 1.142e-01
dt [years]: 5.306e+06
Running on 202689 source(s), total normalized ionizing flux: 6.94e+08
Mean density (cgs): 3.899e-05, Mean ionized fraction: 9.922e-01
Convergence Criterion (Number of points):  100

Rank=0: Doing Raytracing...
Rank=3: 202691 sources.
Rank=3: Copied source data to device.
Rank=3: Doing Raytracing...
took 0.23s.
took 0.23s.
Doing Chemistry...
took  0.1 s.
Number of non-converged points: 15808 of 1000000 ( 1.581 % ), Relative change in ionfrac:  1.01e+00
Rank=0: Doing Raytracing...
Rank=1: Doing Raytracing...
Rank=2: Doing Raytracing...
Rank=3: Doing Raytracing...
took 0.23s.
took 0.23s.
took 0.23s.
took 0.23s.
Doing Chemistry...
took  0.1 s.
Number of non-converged points: 13074 of 1000000 ( 1.307 % ), Relative change in ionfrac:  2.12e-04
Rank=0: Doing Raytracing...
Rank=1: Doing Raytracing...
Rank=2: Doing Raytracing...
Rank=3: Doing Raytracing...
took 0.23s.
took 0.23s.
took 0.23s.
took 0.23s.
Doing Chemistry...
took  0.1 s.
Number of non-converged points: 9728 of 1000000 ( 0.973 % ), Relative change in ionfrac:  6.05e-05
Rank=0: Doing Raytracing...
Rank=1: Doing Raytracing...
Rank=2: Doing Raytracing...
Rank=3: Doing Raytracing...
took 0.23s.
took 0.23s.
took 0.23s.
took 0.23s.
Doing Chemistry...
took  0.1 s.
Number of non-converged points: 5243 of 1000000 ( 0.524 % ), Relative change in ionfrac:  2.11e-05
Rank=0: Doing Raytracing...
Rank=1: Doing Raytracing...
Rank=2: Doing Raytracing...
Rank=3: Doing Raytracing...
took 0.23s.
took 0.23s.
took 0.23s.
took 0.23s.
Doing Chemistry...
took  0.1 s.
Number of non-converged points: 2235 of 1000000 ( 0.224 % ), Relative change in ionfrac:  8.24e-06
Rank=0: Doing Raytracing...
Rank=1: Doing Raytracing...
Rank=2: Doing Raytracing...
Rank=3: Doing Raytracing...
took 0.23s.
took 0.23s.
took 0.23s.
took 0.23s.
Doing Chemistry...
took  0.1 s.
Number of non-converged points: 707 of 1000000 ( 0.071 % ), Relative change in ionfrac:  3.45e-06
Rank=0: Doing Raytracing...
Rank=1: Doing Raytracing...
Rank=2: Doing Raytracing...
Rank=3: Doing Raytracing...
took 0.23s.
took 0.23s.
took 0.23s.
took 0.23s.
Doing Chemistry...
took  0.1 s.
Number of non-converged points: 168 of 1000000 ( 0.017 % ), Relative change in ionfrac:  1.53e-06
Rank=0: Doing Raytracing...
Rank=2: Doing Raytracing...
Rank=1: Doing Raytracing...
Rank=3: Doing Raytracing...
took 0.23s.
took 0.23s.
took 0.23s.
took 0.23s.
Doing Chemistry...
took  0.1 s.
Number of non-converged points: 11 of 1000000 ( 0.001 % ), Relative change in ionfrac:  7.02e-07
Multiple source convergence reached after 8 ray-tracing iterations.
Mean-free-path for photons at z = 7.710 (Worseck+ 2014): 1.159e+01 cMpc
This corresponds to 11.586 grid cells.
Rank=2: 202689 sources.
Rank=1: 202689 sources.
Rank=2: Copied source data to device.
Rank=3: 202691 sources.
Rank=1: Copied source data to device.
Rank=3: Copied source data to device.
Rank=0: 202689 sources.
Rank=0: Copied source data to device.
Rank=2: Doing Raytracing...
Rank=3: Doing Raytracing...
Rank=1: Doing Raytracing...
Calling evolve3D...
dr [Mpc]: 1.148e-01
dt [years]: 5.306e+06
Running on 202689 source(s), total normalized ionizing flux: 6.94e+08
Mean density (cgs): 3.838e-05, Mean ionized fraction: 9.936e-01
Convergence Criterion (Number of points):  100

Rank=0: Doing Raytracing...
took 0.25s.
took 0.25s.
took 0.25s.
took 0.25s.
Doing Chemistry...
took  0.1 s.
Number of non-converged points: 12969 of 1000000 ( 1.297 % ), Relative change in ionfrac:  1.01e+00
Rank=0: Doing Raytracing...
Rank=1: Doing Raytracing...
Rank=2: Doing Raytracing...
Rank=3: Doing Raytracing...
took 0.25s.
took 0.25s.
took 0.25s.
took 0.25s.
Doing Chemistry...
took  0.1 s.
Number of non-converged points: 10715 of 1000000 ( 1.072 % ), Relative change in ionfrac:  1.75e-04
Rank=0: Doing Raytracing...
Rank=1: Doing Raytracing...
Rank=2: Doing Raytracing...
Rank=3: Doing Raytracing...
took 0.25s.
took 0.25s.
took 0.25s.
took 0.25s.
Doing Chemistry...
took  0.1 s.
Number of non-converged points: 8136 of 1000000 ( 0.814 % ), Relative change in ionfrac:  5.01e-05
Rank=0: Doing Raytracing...
Rank=2: Doing Raytracing...
Rank=1: Doing Raytracing...
Rank=3: Doing Raytracing...
took 0.25s.
took 0.25s.
took 0.25s.
took 0.25s.
Doing Chemistry...
took  0.1 s.
Number of non-converged points: 4359 of 1000000 ( 0.436 % ), Relative change in ionfrac:  1.74e-05
Rank=0: Doing Raytracing...
Rank=2: Doing Raytracing...
Rank=3: Doing Raytracing...
Rank=1: Doing Raytracing...
took 0.25s.
took 0.25s.
took 0.25s.
took 0.25s.
Doing Chemistry...
took  0.1 s.
Number of non-converged points: 1867 of 1000000 ( 0.187 % ), Relative change in ionfrac:  6.76e-06
Rank=0: Doing Raytracing...
Rank=1: Doing Raytracing...
Rank=2: Doing Raytracing...
Rank=3: Doing Raytracing...
took 0.25s.
took 0.25s.
took 0.25s.
took 0.25s.
Doing Chemistry...
took  0.1 s.
Number of non-converged points: 563 of 1000000 ( 0.056 % ), Relative change in ionfrac:  2.81e-06
Rank=0: Doing Raytracing...
Rank=1: Doing Raytracing...
Rank=2: Doing Raytracing...
Rank=3: Doing Raytracing...
took 0.25s.
took 0.25s.
took 0.25s.
took 0.25s.
Doing Chemistry...
took  0.1 s.
Number of non-converged points: 120 of 1000000 ( 0.012 % ), Relative change in ionfrac:  1.23e-06
Rank=0: Doing Raytracing...
Rank=1: Doing Raytracing...
Rank=2: Doing Raytracing...
Rank=3: Doing Raytracing...
took 0.25s.
took 0.25s.
took 0.25s.
took 0.25s.
Doing Chemistry...
took  0.1 s.
Number of non-converged points: 11 of 1000000 ( 0.001 % ), Relative change in ionfrac:  5.63e-07
Multiple source convergence reached after 8 ray-tracing iterations.

---- Reading density file:
  /capstor/scratch/cscs/cprior/CDM_100Mpc_2048/grids/nc100/CDM_100Mpc_2048.00053.ovrden.npy
 min, mean and max density : 8.258e-06  4.153e-05  6.447e-04 [1/cm3]
Rank=1: 204250 sources.
Rank=1: Copied source data to device.
Rank=1: Doing Raytracing...
Rank=2: 204250 sources.
Rank=2: Copied source data to device.
Rank=2: Doing Raytracing...
took 0.25s.

---- Reading source file with total of 817001 ionizing source:
CDM_100Mpc_2048.00053.halo.txt
 Total Flux : 7.118235e+56 [1/s]
 Total number of ionizing photons : 1.188330e+71
 Source lifetime : 136.199537 Myr
 min, max stellar (grid) mass : 1.214e+04  3.117e+09 [Msun] and min, mean, max number of ionising sources : 6.716e+48  8.713e+50  1.724e+54 [1/s]

--- Reionization History ----
 min, mean, max xHII : 3.30199e-04  9.94861e-01  9.99999e-01
 min, mean, max Irate : 7.97404e-20  1.76353e-13  2.05017e-11 [1/s]
 min, mean, max density : 8.25771e-06  4.15300e-05  6.44663e-04 [1/cm3]
Rank=3: 204251 sources.
Rank=3: Copied source data to device.
Rank=3: Doing Raytracing...
Mean-free-path for photons at z = 7.664 (Worseck+ 2014): 1.166e+01 cMpc
This corresponds to 11.655 grid cells.
Rank=0: 204250 sources.
Rank=0: Copied source data to device.
Calling evolve3D...
dr [Mpc]: 1.154e-01
dt [years]: 5.290e+06
Running on 204250 source(s), total normalized ionizing flux: 7.12e+08
Mean density (cgs): 3.777e-05, Mean ionized fraction: 9.949e-01
Convergence Criterion (Number of points):  100

Rank=0: Doing Raytracing...
took 0.25s.
took 0.25s.
took 0.25s.
Doing Chemistry...
took  0.1 s.
Number of non-converged points: 10613 of 1000000 ( 1.061 % ), Relative change in ionfrac:  1.01e+00
Rank=0: Doing Raytracing...
Rank=1: Doing Raytracing...
Rank=2: Doing Raytracing...
Rank=3: Doing Raytracing...
took 0.25s.
took 0.25s.
took 0.25s.
took 0.25s.
Doing Chemistry...
took  0.1 s.
Number of non-converged points: 8738 of 1000000 ( 0.874 % ), Relative change in ionfrac:  1.45e-04
Rank=0: Doing Raytracing...
Rank=2: Doing Raytracing...
Rank=1: Doing Raytracing...
Rank=3: Doing Raytracing...
took 0.25s.
took 0.25s.
took 0.25s.
took 0.25s.
Doing Chemistry...
took  0.1 s.
Number of non-converged points: 6627 of 1000000 ( 0.663 % ), Relative change in ionfrac:  4.17e-05
Rank=0: Doing Raytracing...
Rank=2: Doing Raytracing...
Rank=3: Doing Raytracing...
Rank=1: Doing Raytracing...
took 0.25s.
took 0.25s.
took 0.25s.
took 0.25s.
Doing Chemistry...
took  0.1 s.
Number of non-converged points: 3631 of 1000000 ( 0.363 % ), Relative change in ionfrac:  1.45e-05
Rank=0: Doing Raytracing...
Rank=1: Doing Raytracing...
Rank=2: Doing Raytracing...
Rank=3: Doing Raytracing...
took 0.25s.
took 0.25s.
took 0.25s.
took 0.25s.
Doing Chemistry...
took  0.1 s.
Number of non-converged points: 1538 of 1000000 ( 0.154 % ), Relative change in ionfrac:  5.61e-06
Rank=0: Doing Raytracing...
Rank=1: Doing Raytracing...
Rank=2: Doing Raytracing...
Rank=3: Doing Raytracing...
took 0.25s.
took 0.25s.
took 0.25s.
took 0.25s.
Doing Chemistry...
took  0.1 s.
Number of non-converged points: 495 of 1000000 ( 0.050 % ), Relative change in ionfrac:  2.33e-06
Rank=0: Doing Raytracing...
Rank=2: Doing Raytracing...
Rank=1: Doing Raytracing...
Rank=3: Doing Raytracing...
took 0.25s.
took 0.25s.
took 0.25s.
took 0.25s.
Doing Chemistry...
took  0.1 s.
Number of non-converged points: 81 of 1000000 ( 0.008 % ), Relative change in ionfrac:  1.02e-06
Multiple source convergence reached after 7 ray-tracing iterations.
Mean-free-path for photons at z = 7.619 (Worseck+ 2014): 1.173e+01 cMpc
This corresponds to 11.727 grid cells.
Rank=1: 204250 sources.
Rank=3: 204251 sources.
Rank=1: Copied source data to device.
Rank=2: 204250 sources.
Rank=3: Copied source data to device.
Rank=2: Copied source data to device.
Rank=1: Doing Raytracing...
Rank=3: Doing Raytracing...
Rank=0: 204250 sources.
Rank=2: Doing Raytracing...
Rank=0: Copied source data to device.
Calling evolve3D...
dr [Mpc]: 1.160e-01
dt [years]: 5.290e+06
Running on 204250 source(s), total normalized ionizing flux: 7.12e+08
Mean density (cgs): 3.719e-05, Mean ionized fraction: 9.959e-01
Convergence Criterion (Number of points):  100

Rank=0: Doing Raytracing...
took 0.26s.
took 0.26s.
took 0.26s.
took 0.26s.
Doing Chemistry...
took  0.1 s.
Number of non-converged points: 8602 of 1000000 ( 0.860 % ), Relative change in ionfrac:  1.01e+00
Rank=0: Doing Raytracing...
Rank=2: Doing Raytracing...
Rank=1: Doing Raytracing...
Rank=3: Doing Raytracing...
took 0.26s.
took 0.26s.
took 0.26s.
took 0.26s.
Doing Chemistry...
took  0.1 s.
Number of non-converged points: 7056 of 1000000 ( 0.706 % ), Relative change in ionfrac:  1.15e-04
Rank=0: Doing Raytracing...
Rank=1: Doing Raytracing...
Rank=2: Doing Raytracing...
Rank=3: Doing Raytracing...
took 0.26s.
took 0.26s.
took 0.26s.
took 0.26s.
Doing Chemistry...
took  0.1 s.
Number of non-converged points: 5292 of 1000000 ( 0.529 % ), Relative change in ionfrac:  3.30e-05
Rank=0: Doing Raytracing...
Rank=2: Doing Raytracing...
Rank=1: Doing Raytracing...
Rank=3: Doing Raytracing...
took 0.26s.
took 0.26s.
took 0.26s.
took 0.26s.
Doing Chemistry...
took  0.1 s.
Number of non-converged points: 2865 of 1000000 ( 0.286 % ), Relative change in ionfrac:  1.14e-05
Rank=0: Doing Raytracing...
Rank=1: Doing Raytracing...
Rank=3: Doing Raytracing...
Rank=2: Doing Raytracing...
took 0.26s.
took 0.26s.
took 0.26s.
took 0.26s.
Doing Chemistry...
took  0.1 s.
Number of non-converged points: 1219 of 1000000 ( 0.122 % ), Relative change in ionfrac:  4.40e-06
Rank=0: Doing Raytracing...
Rank=3: Doing Raytracing...
Rank=1: Doing Raytracing...
Rank=2: Doing Raytracing...
took 0.26s.
took 0.26s.
took 0.26s.
took 0.26s.
Doing Chemistry...
took  0.1 s.
Number of non-converged points: 393 of 1000000 ( 0.039 % ), Relative change in ionfrac:  1.81e-06
Rank=0: Doing Raytracing...
Rank=2: Doing Raytracing...
Rank=1: Doing Raytracing...
Rank=3: Doing Raytracing...
took 0.26s.
took 0.26s.
took 0.26s.
took 0.26s.
Doing Chemistry...
took  0.1 s.
Number of non-converged points: 63 of 1000000 ( 0.006 % ), Relative change in ionfrac:  7.87e-07
Multiple source convergence reached after 7 ray-tracing iterations.

---- Reading density file:
  /capstor/scratch/cscs/cprior/CDM_100Mpc_2048/grids/nc100/CDM_100Mpc_2048.00054.ovrden.npy
 min, mean and max density : 7.749e-06  4.019e-05  6.426e-04 [1/cm3]
Rank=1: 205695 sources.
Rank=1: Copied source data to device.
Rank=1: Doing Raytracing...
Rank=2: 205695 sources.
Rank=2: Copied source data to device.
Rank=2: Doing Raytracing...
took 0.26s.

---- Reading source file with total of 822781 ionizing source:
CDM_100Mpc_2048.00054.halo.txt
 Total Flux : 7.292626e+56 [1/s]
 Total number of ionizing photons : 1.225090e+71
 Source lifetime : 139.959524 Myr
 min, max stellar (grid) mass : 1.214e+04  3.244e+09 [Msun] and min, mean, max number of ionising sources : 6.536e+48  8.863e+50  1.746e+54 [1/s]

--- Reionization History ----
 min, mean, max xHII : 3.64114e-04  9.96668e-01  9.99999e-01
 min, mean, max Irate : 1.09499e-19  1.79040e-13  2.02942e-11 [1/s]
 min, mean, max density : 7.74857e-06  4.01931e-05  6.42650e-04 [1/cm3]
Mean-free-path for photons at z = 7.574 (Worseck+ 2014): 1.180e+01 cMpc
This corresponds to 11.802 grid cells.
Rank=3: 205696 sources.
Rank=0: 205695 sources.
Rank=3: Copied source data to device.
Rank=0: Copied source data to device.
Rank=3: Doing Raytracing...
Calling evolve3D...
dr [Mpc]: 1.166e-01
dt [years]: 5.323e+06
Running on 205695 source(s), total normalized ionizing flux: 7.29e+08
Mean density (cgs): 3.661e-05, Mean ionized fraction: 9.967e-01
Convergence Criterion (Number of points):  100

Rank=0: Doing Raytracing...
took 0.26s.
took 0.26s.
took 0.26s.
Doing Chemistry...
took  0.1 s.
Number of non-converged points: 6907 of 1000000 ( 0.691 % ), Relative change in ionfrac:  1.01e+00
Rank=0: Doing Raytracing...
Rank=1: Doing Raytracing...
Rank=2: Doing Raytracing...
Rank=3: Doing Raytracing...
took 0.26s.
took 0.26s.
took 0.26s.
took 0.26s.
Doing Chemistry...
took  0.1 s.
Number of non-converged points: 5645 of 1000000 ( 0.565 % ), Relative change in ionfrac:  9.47e-05
Rank=0: Doing Raytracing...
Rank=1: Doing Raytracing...
Rank=2: Doing Raytracing...
Rank=3: Doing Raytracing...
took 0.26s.
took 0.26s.
took 0.26s.
took 0.26s.
Doing Chemistry...
took  0.1 s.
Number of non-converged points: 4310 of 1000000 ( 0.431 % ), Relative change in ionfrac:  2.71e-05
Rank=0: Doing Raytracing...
Rank=1: Doing Raytracing...
Rank=2: Doing Raytracing...
Rank=3: Doing Raytracing...
took 0.26s.
took 0.26s.
took 0.26s.
took 0.26s.
Doing Chemistry...
took  0.1 s.
Number of non-converged points: 2351 of 1000000 ( 0.235 % ), Relative change in ionfrac:  9.43e-06
Rank=1: Doing Raytracing...
Rank=2: Doing Raytracing...
Rank=0: Doing Raytracing...
Rank=3: Doing Raytracing...
took 0.26s.
took 0.26s.
took 0.26s.
took 0.26s.
Doing Chemistry...
took  0.1 s.
Number of non-converged points: 1032 of 1000000 ( 0.103 % ), Relative change in ionfrac:  3.65e-06
Rank=0: Doing Raytracing...
Rank=1: Doing Raytracing...
Rank=2: Doing Raytracing...
Rank=3: Doing Raytracing...
took 0.26s.
took 0.26s.
took 0.26s.
took 0.26s.
Doing Chemistry...
took  0.1 s.
Number of non-converged points: 350 of 1000000 ( 0.035 % ), Relative change in ionfrac:  1.51e-06
Rank=0: Doing Raytracing...
Rank=1: Doing Raytracing...
Rank=2: Doing Raytracing...
Rank=3: Doing Raytracing...
took 0.26s.
took 0.26s.
took 0.26s.
took 0.26s.
Doing Chemistry...
took  0.1 s.
Number of non-converged points: 61 of 1000000 ( 0.006 % ), Relative change in ionfrac:  6.61e-07
Multiple source convergence reached after 7 ray-tracing iterations.
Mean-free-path for photons at z = 7.530 (Worseck+ 2014): 1.188e+01 cMpc
This corresponds to 11.880 grid cells.
Rank=1: 205695 sources.
Rank=2: 205695 sources.
Rank=3: 205696 sources.
Rank=1: Copied source data to device.
Rank=0: 205695 sources.
Rank=2: Copied source data to device.
Rank=3: Copied source data to device.
Rank=0: Copied source data to device.
Rank=1: Doing Raytracing...
Rank=2: Doing Raytracing...
Rank=3: Doing Raytracing...
Calling evolve3D...
dr [Mpc]: 1.172e-01
dt [years]: 5.323e+06
Running on 205695 source(s), total normalized ionizing flux: 7.29e+08
Mean density (cgs): 3.605e-05, Mean ionized fraction: 9.973e-01
Convergence Criterion (Number of points):  100

Rank=0: Doing Raytracing...
took 0.26s.
took 0.26s.
took 0.26s.
took 0.26s.
Doing Chemistry...
took  0.1 s.
Number of non-converged points: 5518 of 1000000 ( 0.552 % ), Relative change in ionfrac:  1.00e+00
Rank=0: Doing Raytracing...
Rank=2: Doing Raytracing...
Rank=1: Doing Raytracing...
Rank=3: Doing Raytracing...
took 0.26s.
took 0.26s.
took 0.26s.
took 0.26s.
Doing Chemistry...
took  0.1 s.
Number of non-converged points: 4458 of 1000000 ( 0.446 % ), Relative change in ionfrac:  7.36e-05
Rank=0: Doing Raytracing...
Rank=1: Doing Raytracing...
Rank=2: Doing Raytracing...
Rank=3: Doing Raytracing...
took 0.26s.
took 0.26s.
took 0.26s.
took 0.26s.
Doing Chemistry...
took  0.1 s.
Number of non-converged points: 3301 of 1000000 ( 0.330 % ), Relative change in ionfrac:  2.08e-05
Rank=1: Doing Raytracing...
Rank=2: Doing Raytracing...
Rank=3: Doing Raytracing...
Rank=0: Doing Raytracing...
took 0.26s.
took 0.26s.
took 0.26s.
took 0.26s.
Doing Chemistry...
took  0.1 s.
Number of non-converged points: 1786 of 1000000 ( 0.179 % ), Relative change in ionfrac:  7.13e-06
Rank=0: Doing Raytracing...
Rank=1: Doing Raytracing...
Rank=2: Doing Raytracing...
Rank=3: Doing Raytracing...
took 0.26s.
took 0.26s.
took 0.26s.
took 0.26s.
Doing Chemistry...
took  0.1 s.
Number of non-converged points: 775 of 1000000 ( 0.077 % ), Relative change in ionfrac:  2.72e-06
Rank=0: Doing Raytracing...
Rank=1: Doing Raytracing...
Rank=2: Doing Raytracing...
Rank=3: Doing Raytracing...
took 0.26s.
took 0.26s.
took 0.26s.
took 0.26s.
Doing Chemistry...
took  0.1 s.
Number of non-converged points: 242 of 1000000 ( 0.024 % ), Relative change in ionfrac:  1.12e-06
Rank=0: Doing Raytracing...
Rank=1: Doing Raytracing...
Rank=2: Doing Raytracing...
Rank=3: Doing Raytracing...
took 0.26s.
took 0.26s.
took 0.26s.
took 0.26s.
Doing Chemistry...
took  0.1 s.
Number of non-converged points: 36 of 1000000 ( 0.004 % ), Relative change in ionfrac:  4.81e-07
Multiple source convergence reached after 7 ray-tracing iterations.

---- Reading density file:
  /capstor/scratch/cscs/cprior/CDM_100Mpc_2048/grids/nc100/CDM_100Mpc_2048.00055.ovrden.npy
 min, mean and max density : 7.352e-06  3.891e-05  6.416e-04 [1/cm3]
Rank=2: 207069 sources.
Rank=2: Copied source data to device.
Rank=2: Doing Raytracing...
took 0.27s.

---- Reading source file with total of 828279 ionizing source:
CDM_100Mpc_2048.00055.halo.txt
 Total Flux : 7.464813e+56 [1/s]
 Total number of ionizing photons : 1.247244e+71
 Source lifetime : 143.784166 Myr
 min, max stellar (grid) mass : 1.214e+04  3.352e+09 [Msun] and min, mean, max number of ionising sources : 6.362e+48  9.012e+50  1.756e+54 [1/s]

--- Reionization History ----
 min, mean, max xHII : 4.12631e-04  9.97839e-01  9.99999e-01
 min, mean, max Irate : 1.55559e-19  1.82830e-13  2.01474e-11 [1/s]
 min, mean, max density : 7.35209e-06  3.89119e-05  6.41620e-04 [1/cm3]
Mean-free-path for photons at z = 7.486 (Worseck+ 2014): 1.196e+01 cMpc
This corresponds to 11.961 grid cells.
Rank=0: 207069 sources.
Rank=0: Copied source data to device.
Calling evolve3D...
dr [Mpc]: 1.178e-01
dt [years]: 5.295e+06
Running on 207069 source(s), total normalized ionizing flux: 7.46e+08
Mean density (cgs): 3.550e-05, Mean ionized fraction: 9.978e-01
Convergence Criterion (Number of points):  100

Rank=0: Doing Raytracing...
Rank=3: 207072 sources.
Rank=1: 207069 sources.
Rank=3: Copied source data to device.
Rank=1: Copied source data to device.
Rank=3: Doing Raytracing...
Rank=1: Doing Raytracing...
took 0.27s.
took 0.26s.
took 0.27s.
Doing Chemistry...
took  0.1 s.
Number of non-converged points: 4399 of 1000000 ( 0.440 % ), Relative change in ionfrac:  1.00e+00
Rank=0: Doing Raytracing...
Rank=1: Doing Raytracing...
Rank=3: Doing Raytracing...
Rank=2: Doing Raytracing...
took 0.26s.
took 0.27s.
took 0.27s.
took 0.27s.
Doing Chemistry...
took  0.1 s.
Number of non-converged points: 3540 of 1000000 ( 0.354 % ), Relative change in ionfrac:  5.68e-05
Rank=0: Doing Raytracing...
Rank=2: Doing Raytracing...
Rank=3: Doing Raytracing...
Rank=1: Doing Raytracing...
took 0.26s.
took 0.27s.
took 0.27s.
took 0.27s.
Doing Chemistry...
took  0.1 s.
Number of non-converged points: 2658 of 1000000 ( 0.266 % ), Relative change in ionfrac:  1.60e-05
Rank=0: Doing Raytracing...
Rank=1: Doing Raytracing...
Rank=2: Doing Raytracing...
Rank=3: Doing Raytracing...
took 0.26s.
took 0.27s.
took 0.27s.
took 0.27s.
Doing Chemistry...
took  0.1 s.
Number of non-converged points: 1368 of 1000000 ( 0.137 % ), Relative change in ionfrac:  5.48e-06
Rank=0: Doing Raytracing...
Rank=2: Doing Raytracing...
Rank=3: Doing Raytracing...
Rank=1: Doing Raytracing...
took 0.26s.
took 0.27s.
took 0.27s.
took 0.27s.
Doing Chemistry...
took  0.1 s.
Number of non-converged points: 567 of 1000000 ( 0.057 % ), Relative change in ionfrac:  2.08e-06
Rank=0: Doing Raytracing...
Rank=1: Doing Raytracing...
Rank=2: Doing Raytracing...
Rank=3: Doing Raytracing...
took 0.27s.
took 0.27s.
took 0.27s.
took 0.27s.
Doing Chemistry...
took  0.1 s.
Number of non-converged points: 192 of 1000000 ( 0.019 % ), Relative change in ionfrac:  8.49e-07
Rank=0: Doing Raytracing...
Rank=1: Doing Raytracing...
Rank=2: Doing Raytracing...
Rank=3: Doing Raytracing...
took 0.27s.
took 0.27s.
took 0.27s.
took 0.27s.
Doing Chemistry...
took  0.1 s.
Number of non-converged points: 40 of 1000000 ( 0.004 % ), Relative change in ionfrac:  3.66e-07
Multiple source convergence reached after 7 ray-tracing iterations.
Mean-free-path for photons at z = 7.443 (Worseck+ 2014): 1.204e+01 cMpc
This corresponds to 12.045 grid cells.
Rank=0: 207069 sources.
Rank=0: Copied source data to device.
Rank=2: 207069 sources.
Rank=3: 207072 sources.
Rank=1: 207069 sources.
Rank=2: Copied source data to device.
Rank=3: Copied source data to device.
Rank=1: Copied source data to device.
Calling evolve3D...
dr [Mpc]: 1.184e-01
dt [years]: 5.295e+06
Running on 207069 source(s), total normalized ionizing flux: 7.46e+08
Mean density (cgs): 3.496e-05, Mean ionized fraction: 9.982e-01
Convergence Criterion (Number of points):  100

Rank=0: Doing Raytracing...
Rank=2: Doing Raytracing...
Rank=3: Doing Raytracing...
Rank=1: Doing Raytracing...
took 0.27s.
took 0.27s.
took 0.27s.
took 0.27s.
Doing Chemistry...
took  0.1 s.
Number of non-converged points: 3538 of 1000000 ( 0.354 % ), Relative change in ionfrac:  1.00e+00
Rank=0: Doing Raytracing...
Rank=2: Doing Raytracing...
Rank=1: Doing Raytracing...
Rank=3: Doing Raytracing...
took 0.27s.
took 0.27s.
took 0.27s.
took 0.27s.
Doing Chemistry...
took  0.1 s.
Number of non-converged points: 2836 of 1000000 ( 0.284 % ), Relative change in ionfrac:  4.37e-05
Rank=0: Doing Raytracing...
Rank=1: Doing Raytracing...
Rank=3: Doing Raytracing...
Rank=2: Doing Raytracing...
took 0.27s.
took 0.27s.
took 0.27s.
took 0.27s.
Doing Chemistry...
took  0.1 s.
Number of non-converged points: 2080 of 1000000 ( 0.208 % ), Relative change in ionfrac:  1.19e-05
Rank=0: Doing Raytracing...
Rank=1: Doing Raytracing...
Rank=2: Doing Raytracing...
Rank=3: Doing Raytracing...
took 0.27s.
took 0.27s.
took 0.27s.
took 0.27s.
Doing Chemistry...
took  0.1 s.
Number of non-converged points: 992 of 1000000 ( 0.099 % ), Relative change in ionfrac:  3.95e-06
Rank=0: Doing Raytracing...
Rank=2: Doing Raytracing...
Rank=1: Doing Raytracing...
Rank=3: Doing Raytracing...
took 0.27s.
took 0.27s.
took 0.27s.
took 0.27s.
Doing Chemistry...
took  0.1 s.
Number of non-converged points: 387 of 1000000 ( 0.039 % ), Relative change in ionfrac:  1.46e-06
Rank=0: Doing Raytracing...
Rank=1: Doing Raytracing...
Rank=2: Doing Raytracing...
Rank=3: Doing Raytracing...
took 0.27s.
took 0.27s.
took 0.27s.
took 0.27s.
Doing Chemistry...
took  0.1 s.
Number of non-converged points: 105 of 1000000 ( 0.011 % ), Relative change in ionfrac:  5.77e-07
Rank=0: Doing Raytracing...
Rank=2: Doing Raytracing...
Rank=3: Doing Raytracing...
Rank=1: Doing Raytracing...
took 0.27s.
took 0.27s.
took 0.27s.
took 0.27s.
Doing Chemistry...
took  0.1 s.
Number of non-converged points: 12 of 1000000 ( 0.001 % ), Relative change in ionfrac:  2.41e-07
Multiple source convergence reached after 7 ray-tracing iterations.

---- Reading density file:
  /capstor/scratch/cscs/cprior/CDM_100Mpc_2048/grids/nc100/CDM_100Mpc_2048.00056.ovrden.npy
 min, mean and max density : 6.938e-06  3.770e-05  6.375e-04 [1/cm3]
Rank=2: 208314 sources.
Rank=2: Copied source data to device.
Rank=2: Doing Raytracing...
took 0.29s.

---- Reading source file with total of 833258 ionizing source:
CDM_100Mpc_2048.00056.halo.txt
 Total Flux : 7.632058e+56 [1/s]
 Total number of ionizing photons : 1.280628e+71
 Source lifetime : 147.628757 Myr
 min, max stellar (grid) mass : 1.214e+04  3.414e+09 [Msun] and min, mean, max number of ionising sources : 6.196e+48  9.159e+50  1.742e+54 [1/s]

--- Reionization History ----
 min, mean, max xHII : 4.81854e-04  9.98554e-01  9.99999e-01
 min, mean, max Irate : 2.24335e-19  1.85183e-13  1.98614e-11 [1/s]
 min, mean, max density : 6.93829e-06  3.76973e-05  6.37472e-04 [1/cm3]
Rank=1: 208314 sources.
Rank=1: Copied source data to device.
Rank=1: Doing Raytracing...
Mean-free-path for photons at z = 7.401 (Worseck+ 2014): 1.213e+01 cMpc
This corresponds to 12.132 grid cells.
Rank=0: 208314 sources.
Rank=0: Copied source data to device.
Calling evolve3D...
dr [Mpc]: 1.190e-01
dt [years]: 5.317e+06
Running on 208314 source(s), total normalized ionizing flux: 7.63e+08
Mean density (cgs): 3.444e-05, Mean ionized fraction: 9.986e-01
Convergence Criterion (Number of points):  100

Rank=0: Doing Raytracing...
Rank=3: 208316 sources.
Rank=3: Copied source data to device.
Rank=3: Doing Raytracing...
took 0.29s.
took 0.29s.
took 0.28s.
Doing Chemistry...
took  0.1 s.
Number of non-converged points: 2852 of 1000000 ( 0.285 % ), Relative change in ionfrac:  1.00e+00
Rank=0: Doing Raytracing...
Rank=1: Doing Raytracing...
Rank=2: Doing Raytracing...
Rank=3: Doing Raytracing...
took 0.28s.
took 0.29s.
took 0.29s.
took 0.29s.
Doing Chemistry...
took  0.1 s.
Number of non-converged points: 2318 of 1000000 ( 0.232 % ), Relative change in ionfrac:  3.65e-05
Rank=0: Doing Raytracing...
Rank=2: Doing Raytracing...
Rank=1: Doing Raytracing...
Rank=3: Doing Raytracing...
took 0.28s.
took 0.29s.
took 0.29s.
took 0.29s.
Doing Chemistry...
took  0.1 s.
Number of non-converged points: 1694 of 1000000 ( 0.169 % ), Relative change in ionfrac:  9.99e-06
Rank=0: Doing Raytracing...
Rank=1: Doing Raytracing...
Rank=2: Doing Raytracing...
Rank=3: Doing Raytracing...
took 0.28s.
took 0.29s.
took 0.29s.
took 0.29s.
Doing Chemistry...
took  0.1 s.
Number of non-converged points: 825 of 1000000 ( 0.083 % ), Relative change in ionfrac:  3.30e-06
Rank=0: Doing Raytracing...
Rank=2: Doing Raytracing...
Rank=3: Doing Raytracing...
Rank=1: Doing Raytracing...
took 0.28s.
took 0.29s.
took 0.29s.
took 0.29s.
Doing Chemistry...
took  0.1 s.
Number of non-converged points: 324 of 1000000 ( 0.032 % ), Relative change in ionfrac:  1.22e-06
Rank=0: Doing Raytracing...
Rank=1: Doing Raytracing...
Rank=2: Doing Raytracing...
Rank=3: Doing Raytracing...
took 0.29s.
took 0.29s.
took 0.29s.
took 0.29s.
Doing Chemistry...
took  0.1 s.
Number of non-converged points: 88 of 1000000 ( 0.009 % ), Relative change in ionfrac:  4.83e-07
Multiple source convergence reached after 6 ray-tracing iterations.
Mean-free-path for photons at z = 7.359 (Worseck+ 2014): 1.222e+01 cMpc
This corresponds to 12.223 grid cells.
Rank=1: 208314 sources.
Rank=2: 208314 sources.
Rank=1: Copied source data to device.
Rank=3: 208316 sources.
Rank=2: Copied source data to device.
Rank=3: Copied source data to device.
Rank=1: Doing Raytracing...
Rank=2: Doing Raytracing...
Rank=0: 208314 sources.
Rank=3: Doing Raytracing...
Rank=0: Copied source data to device.
Calling evolve3D...
dr [Mpc]: 1.196e-01
dt [years]: 5.317e+06
Running on 208314 source(s), total normalized ionizing flux: 7.63e+08
Mean density (cgs): 3.392e-05, Mean ionized fraction: 9.988e-01
Convergence Criterion (Number of points):  100

Rank=0: Doing Raytracing...
took 0.29s.
took 0.29s.
took 0.29s.
took 0.29s.
Doing Chemistry...
took  0.1 s.
Number of non-converged points: 2331 of 1000000 ( 0.233 % ), Relative change in ionfrac:  1.00e+00
Rank=0: Doing Raytracing...
Rank=2: Doing Raytracing...
Rank=1: Doing Raytracing...
Rank=3: Doing Raytracing...
took 0.29s.
took 0.29s.
took 0.29s.
took 0.29s.
Doing Chemistry...
took  0.1 s.
Number of non-converged points: 1886 of 1000000 ( 0.189 % ), Relative change in ionfrac:  2.83e-05
Rank=0: Doing Raytracing...
Rank=2: Doing Raytracing...
Rank=3: Doing Raytracing...
Rank=1: Doing Raytracing...
took 0.29s.
took 0.29s.
took 0.29s.
took 0.29s.
Doing Chemistry...
took  0.1 s.
Number of non-converged points: 1373 of 1000000 ( 0.137 % ), Relative change in ionfrac:  7.63e-06
Rank=0: Doing Raytracing...
Rank=1: Doing Raytracing...
Rank=2: Doing Raytracing...
Rank=3: Doing Raytracing...
took 0.29s.
took 0.29s.
took 0.29s.
took 0.29s.
Doing Chemistry...
took  0.1 s.
Number of non-converged points: 615 of 1000000 ( 0.061 % ), Relative change in ionfrac:  2.48e-06
Rank=0: Doing Raytracing...
Rank=2: Doing Raytracing...
Rank=3: Doing Raytracing...
Rank=1: Doing Raytracing...
took 0.29s.
took 0.29s.
took 0.29s.
took 0.29s.
Doing Chemistry...
took  0.1 s.
Number of non-converged points: 222 of 1000000 ( 0.022 % ), Relative change in ionfrac:  8.92e-07
Rank=0: Doing Raytracing...
Rank=1: Doing Raytracing...
Rank=2: Doing Raytracing...
Rank=3: Doing Raytracing...
took 0.29s.
took 0.29s.
took 0.29s.
took 0.29s.
Doing Chemistry...
took  0.1 s.
Number of non-converged points: 47 of 1000000 ( 0.005 % ), Relative change in ionfrac:  3.45e-07
Multiple source convergence reached after 6 ray-tracing iterations.

---- Reading density file:
  /capstor/scratch/cscs/cprior/CDM_100Mpc_2048/grids/nc100/CDM_100Mpc_2048.00057.ovrden.npy
 min, mean and max density : 6.482e-06  3.653e-05  6.345e-04 [1/cm3]
Rank=1: 209549 sources.
Rank=1: Copied source data to device.
Rank=1: Doing Raytracing...
Rank=2: 209549 sources.
Rank=2: Copied source data to device.
Rank=2: Doing Raytracing...
took 0.30s.
Rank=3: 209551 sources.
Rank=3: Copied source data to device.
Rank=3: Doing Raytracing...

---- Reading source file with total of 838198 ionizing source:
CDM_100Mpc_2048.00057.halo.txt
 Total Flux : 7.799134e+56 [1/s]
 Total number of ionizing photons : 1.313191e+71
 Source lifetime : 151.530280 Myr
 min, max stellar (grid) mass : 1.214e+04  3.558e+09 [Msun] and min, mean, max number of ionising sources : 6.037e+48  9.305e+50  1.769e+54 [1/s]

--- Reionization History ----
 min, mean, max xHII : 5.87810e-04  9.99016e-01  9.99999e-01
 min, mean, max Irate : 3.48891e-19  1.89535e-13  1.93681e-11 [1/s]
 min, mean, max density : 6.48174e-06  3.65339e-05  6.34542e-04 [1/cm3]
Mean-free-path for photons at z = 7.317 (Worseck+ 2014): 1.232e+01 cMpc
This corresponds to 12.317 grid cells.
Rank=0: 209549 sources.
Rank=0: Copied source data to device.
Calling evolve3D...
dr [Mpc]: 1.202e-01
dt [years]: 5.336e+06
Running on 209549 source(s), total normalized ionizing flux: 7.80e+08
Mean density (cgs): 3.342e-05, Mean ionized fraction: 9.990e-01
Convergence Criterion (Number of points):  100

Rank=0: Doing Raytracing...
took 0.30s.
took 0.29s.
took 0.30s.
Doing Chemistry...
took  0.1 s.
Number of non-converged points: 1913 of 1000000 ( 0.191 % ), Relative change in ionfrac:  1.00e+00
Rank=0: Doing Raytracing...
Rank=2: Doing Raytracing...
Rank=3: Doing Raytracing...
Rank=1: Doing Raytracing...
took 0.29s.
took 0.30s.
took 0.30s.
took 0.30s.
Doing Chemistry...
took  0.1 s.
Number of non-converged points: 1548 of 1000000 ( 0.155 % ), Relative change in ionfrac:  2.39e-05
Rank=0: Doing Raytracing...
Rank=1: Doing Raytracing...
Rank=3: Doing Raytracing...
Rank=2: Doing Raytracing...
took 0.29s.
took 0.30s.
took 0.30s.
took 0.30s.
Doing Chemistry...
took  0.1 s.
Number of non-converged points: 1127 of 1000000 ( 0.113 % ), Relative change in ionfrac:  6.32e-06
Rank=0: Doing Raytracing...
Rank=3: Doing Raytracing...
Rank=1: Doing Raytracing...
Rank=2: Doing Raytracing...
took 0.29s.
took 0.30s.
took 0.30s.
took 0.30s.
Doing Chemistry...
took  0.1 s.
Number of non-converged points: 493 of 1000000 ( 0.049 % ), Relative change in ionfrac:  2.01e-06
Rank=0: Doing Raytracing...
Rank=1: Doing Raytracing...
Rank=3: Doing Raytracing...
Rank=2: Doing Raytracing...
took 0.29s.
took 0.30s.
took 0.30s.
took 0.30s.
Doing Chemistry...
took  0.1 s.
Number of non-converged points: 154 of 1000000 ( 0.015 % ), Relative change in ionfrac:  7.06e-07
Rank=0: Doing Raytracing...
Rank=1: Doing Raytracing...
Rank=2: Doing Raytracing...
Rank=3: Doing Raytracing...
took 0.30s.
took 0.30s.
took 0.30s.
took 0.30s.
Doing Chemistry...
took  0.1 s.
Number of non-converged points: 42 of 1000000 ( 0.004 % ), Relative change in ionfrac:  2.68e-07
Multiple source convergence reached after 6 ray-tracing iterations.
Mean-free-path for photons at z = 7.276 (Worseck+ 2014): 1.242e+01 cMpc
This corresponds to 12.416 grid cells.
Rank=0: 209549 sources.
Rank=2: 209549 sources.
Rank=1: 209549 sources.
Rank=3: 209551 sources.
Rank=2: Copied source data to device.
Rank=0: Copied source data to device.
Rank=1: Copied source data to device.
Rank=3: Copied source data to device.
Calling evolve3D...
dr [Mpc]: 1.208e-01
dt [years]: 5.336e+06
Running on 209549 source(s), total normalized ionizing flux: 7.80e+08
Mean density (cgs): 3.293e-05, Mean ionized fraction: 9.992e-01
Convergence Criterion (Number of points):  100

Rank=2: Doing Raytracing...
Rank=0: Doing Raytracing...
Rank=1: Doing Raytracing...
Rank=3: Doing Raytracing...
took 0.30s.
took 0.30s.
took 0.30s.
took 0.30s.
Doing Chemistry...
took  0.1 s.
Number of non-converged points: 1564 of 1000000 ( 0.156 % ), Relative change in ionfrac:  1.00e+00
Rank=0: Doing Raytracing...
Rank=1: Doing Raytracing...
Rank=3: Doing Raytracing...
Rank=2: Doing Raytracing...
took 0.30s.
took 0.30s.
took 0.30s.
took 0.30s.
Doing Chemistry...
took  0.1 s.
Number of non-converged points: 1305 of 1000000 ( 0.131 % ), Relative change in ionfrac:  2.00e-05
Rank=0: Doing Raytracing...
Rank=1: Doing Raytracing...
Rank=3: Doing Raytracing...
Rank=2: Doing Raytracing...
took 0.30s.
took 0.30s.
took 0.30s.
took 0.30s.
Doing Chemistry...
took  0.1 s.
Number of non-converged points: 975 of 1000000 ( 0.097 % ), Relative change in ionfrac:  5.34e-06
Rank=0: Doing Raytracing...
Rank=3: Doing Raytracing...
Rank=1: Doing Raytracing...
Rank=2: Doing Raytracing...
took 0.30s.
took 0.30s.
took 0.30s.
took 0.30s.
Doing Chemistry...
took  0.1 s.
Number of non-converged points: 442 of 1000000 ( 0.044 % ), Relative change in ionfrac:  1.69e-06
Rank=0: Doing Raytracing...
Rank=1: Doing Raytracing...
Rank=2: Doing Raytracing...
Rank=3: Doing Raytracing...
took 0.30s.
took 0.30s.
took 0.30s.
took 0.30s.
Doing Chemistry...
took  0.1 s.
Number of non-converged points: 111 of 1000000 ( 0.011 % ), Relative change in ionfrac:  5.89e-07
Rank=0: Doing Raytracing...
Rank=1: Doing Raytracing...
Rank=2: Doing Raytracing...
Rank=3: Doing Raytracing...
took 0.30s.
took 0.30s.
took 0.30s.
took 0.30s.
Doing Chemistry...
took  0.1 s.
Number of non-converged points: 18 of 1000000 ( 0.002 % ), Relative change in ionfrac:  2.20e-07
Multiple source convergence reached after 6 ray-tracing iterations.

---- Reading density file:
  /capstor/scratch/cscs/cprior/CDM_100Mpc_2048/grids/nc100/CDM_100Mpc_2048.00058.ovrden.npy
 min, mean and max density : 6.144e-06  3.542e-05  6.314e-04 [1/cm3]
Rank=1: 210681 sources.
Rank=1: Copied source data to device.
Rank=1: Doing Raytracing...
Rank=2: 210681 sources.
Rank=2: Copied source data to device.
Rank=2: Doing Raytracing...

---- Reading source file with total of 842726 ionizing source:
CDM_100Mpc_2048.00058.halo.txt
 Total Flux : 7.964830e+56 [1/s]
 Total number of ionizing photons : 1.328770e+71
 Source lifetime : 155.485907 Myr
 min, max stellar (grid) mass : 1.214e+04  3.610e+09 [Msun] and min, mean, max number of ionising sources : 5.883e+48  9.451e+50  1.749e+54 [1/s]

--- Reionization History ----
 min, mean, max xHII : 7.68241e-04  9.99333e-01  9.99999e-01
 min, mean, max Irate : 5.74711e-19  1.93632e-13  1.92919e-11 [1/s]
 min, mean, max density : 6.14387e-06  3.54197e-05  6.31437e-04 [1/cm3]
Mean-free-path for photons at z = 7.236 (Worseck+ 2014): 1.252e+01 cMpc
This corresponds to 12.517 grid cells.
Rank=0: 210681 sources.
Rank=0: Copied source data to device.
Calling evolve3D...
dr [Mpc]: 1.214e-01
dt [years]: 5.287e+06
Running on 210681 source(s), total normalized ionizing flux: 7.96e+08
Mean density (cgs): 3.245e-05, Mean ionized fraction: 9.993e-01
Convergence Criterion (Number of points):  100

Rank=0: Doing Raytracing...
took 0.30s.
Rank=3: 210683 sources.
Rank=3: Copied source data to device.
Rank=3: Doing Raytracing...
took 0.30s.
took 0.30s.
took 0.30s.
Doing Chemistry...
took  0.1 s.
Number of non-converged points: 1336 of 1000000 ( 0.134 % ), Relative change in ionfrac:  1.00e+00
Rank=0: Doing Raytracing...
Rank=1: Doing Raytracing...
Rank=3: Doing Raytracing...
Rank=2: Doing Raytracing...
took 0.30s.
took 0.30s.
took 0.30s.
took 0.30s.
Doing Chemistry...
took  0.1 s.
Number of non-converged points: 1096 of 1000000 ( 0.110 % ), Relative change in ionfrac:  1.74e-05
Rank=0: Doing Raytracing...
Rank=1: Doing Raytracing...
Rank=2: Doing Raytracing...
Rank=3: Doing Raytracing...
took 0.30s.
took 0.30s.
took 0.30s.
took 0.30s.
Doing Chemistry...
took  0.1 s.
Number of non-converged points: 828 of 1000000 ( 0.083 % ), Relative change in ionfrac:  4.65e-06
Rank=0: Doing Raytracing...
Rank=1: Doing Raytracing...
Rank=2: Doing Raytracing...
Rank=3: Doing Raytracing...
took 0.30s.
took 0.30s.
took 0.30s.
took 0.30s.
Doing Chemistry...
took  0.1 s.
Number of non-converged points: 366 of 1000000 ( 0.037 % ), Relative change in ionfrac:  1.47e-06
Rank=0: Doing Raytracing...
Rank=1: Doing Raytracing...
Rank=2: Doing Raytracing...
Rank=3: Doing Raytracing...
took 0.30s.
took 0.30s.
took 0.30s.
took 0.30s.
Doing Chemistry...
took  0.1 s.
Number of non-converged points: 115 of 1000000 ( 0.011 % ), Relative change in ionfrac:  5.16e-07
Rank=0: Doing Raytracing...
Rank=1: Doing Raytracing...
Rank=2: Doing Raytracing...
Rank=3: Doing Raytracing...
took 0.30s.
took 0.30s.
took 0.30s.
took 0.30s.
Doing Chemistry...
took  0.1 s.
Number of non-converged points: 16 of 1000000 ( 0.002 % ), Relative change in ionfrac:  1.94e-07
Multiple source convergence reached after 6 ray-tracing iterations.
Mean-free-path for photons at z = 7.196 (Worseck+ 2014): 1.262e+01 cMpc
This corresponds to 12.622 grid cells.
Rank=3: 210683 sources.
Rank=2: 210681 sources.
Rank=1: 210681 sources.
Rank=3: Copied source data to device.
Rank=2: Copied source data to device.
Rank=1: Copied source data to device.
Rank=3: Doing Raytracing...
Rank=2: Doing Raytracing...
Rank=1: Doing Raytracing...
Rank=0: 210681 sources.
Rank=0: Copied source data to device.
Calling evolve3D...
dr [Mpc]: 1.220e-01
dt [years]: 5.287e+06
Running on 210681 source(s), total normalized ionizing flux: 7.96e+08
Mean density (cgs): 3.198e-05, Mean ionized fraction: 9.995e-01
Convergence Criterion (Number of points):  100

Rank=0: Doing Raytracing...
took 0.30s.
took 0.30s.
took 0.30s.
took 0.30s.
Doing Chemistry...
took  0.1 s.
Number of non-converged points: 1098 of 1000000 ( 0.110 % ), Relative change in ionfrac:  1.00e+00
Rank=0: Doing Raytracing...
Rank=1: Doing Raytracing...
Rank=2: Doing Raytracing...
Rank=3: Doing Raytracing...
took 0.30s.
took 0.30s.
took 0.30s.
took 0.30s.
Doing Chemistry...
took  0.1 s.
Number of non-converged points: 915 of 1000000 ( 0.091 % ), Relative change in ionfrac:  1.46e-05
Rank=0: Doing Raytracing...
Rank=1: Doing Raytracing...
Rank=2: Doing Raytracing...
Rank=3: Doing Raytracing...
took 0.30s.
took 0.30s.
took 0.30s.
took 0.30s.
Doing Chemistry...
took  0.1 s.
Number of non-converged points: 665 of 1000000 ( 0.067 % ), Relative change in ionfrac:  3.85e-06
Rank=0: Doing Raytracing...
Rank=1: Doing Raytracing...
Rank=2: Doing Raytracing...
Rank=3: Doing Raytracing...
took 0.30s.
took 0.30s.
took 0.30s.
took 0.30s.
Doing Chemistry...
took  0.1 s.
Number of non-converged points: 301 of 1000000 ( 0.030 % ), Relative change in ionfrac:  1.20e-06
Rank=0: Doing Raytracing...
Rank=1: Doing Raytracing...
Rank=2: Doing Raytracing...
Rank=3: Doing Raytracing...
took 0.30s.
took 0.30s.
took 0.30s.
took 0.30s.
Doing Chemistry...
took  0.1 s.
Number of non-converged points: 90 of 1000000 ( 0.009 % ), Relative change in ionfrac:  4.09e-07
Multiple source convergence reached after 5 ray-tracing iterations.

---- Reading density file:
  /capstor/scratch/cscs/cprior/CDM_100Mpc_2048/grids/nc100/CDM_100Mpc_2048.00059.ovrden.npy
 min, mean and max density : 5.869e-06  3.437e-05  6.270e-04 [1/cm3]
Rank=1: 211750 sources.
Rank=1: Copied source data to device.
Rank=1: Doing Raytracing...
took 0.32s.

---- Reading source file with total of 847003 ionizing source:
CDM_100Mpc_2048.00059.halo.txt
 Total Flux : 8.117579e+56 [1/s]
 Total number of ionizing photons : 1.355826e+71
 Source lifetime : 159.445100 Myr
 min, max stellar (grid) mass : 1.214e+04  3.751e+09 [Msun] and min, mean, max number of ionising sources : 5.737e+48  9.584e+50  1.773e+54 [1/s]
Rank=2: 211750 sources.
Rank=2: Copied source data to device.
Rank=2: Doing Raytracing...

--- Reionization History ----
 min, mean, max xHII : 1.06850e-03  9.99559e-01  9.99999e-01
 min, mean, max Irate : 9.35573e-19  1.96229e-13  1.87526e-11 [1/s]
 min, mean, max density : 5.86895e-06  3.43653e-05  6.26973e-04 [1/cm3]
Mean-free-path for photons at z = 7.157 (Worseck+ 2014): 1.273e+01 cMpc
This corresponds to 12.731 grid cells.
Rank=0: 211750 sources.
Rank=0: Copied source data to device.
Calling evolve3D...
dr [Mpc]: 1.226e-01
dt [years]: 5.293e+06
Running on 211750 source(s), total normalized ionizing flux: 8.12e+08
Mean density (cgs): 3.152e-05, Mean ionized fraction: 9.996e-01
Convergence Criterion (Number of points):  100

Rank=0: Doing Raytracing...
Rank=3: 211753 sources.
Rank=3: Copied source data to device.
Rank=3: Doing Raytracing...
took 0.32s.
took 0.32s.
took 0.32s.
Doing Chemistry...
took  0.1 s.
Number of non-converged points: 900 of 1000000 ( 0.090 % ), Relative change in ionfrac:  1.00e+00
Rank=0: Doing Raytracing...
Rank=2: Doing Raytracing...
Rank=3: Doing Raytracing...
Rank=1: Doing Raytracing...
took 0.32s.
took 0.32s.
took 0.32s.
took 0.32s.
Doing Chemistry...
took  0.1 s.
Number of non-converged points: 751 of 1000000 ( 0.075 % ), Relative change in ionfrac:  1.25e-05
Rank=0: Doing Raytracing...
Rank=1: Doing Raytracing...
Rank=3: Doing Raytracing...
Rank=2: Doing Raytracing...
took 0.32s.
took 0.32s.
took 0.32s.
took 0.32s.
Doing Chemistry...
took  0.1 s.
Number of non-converged points: 566 of 1000000 ( 0.057 % ), Relative change in ionfrac:  3.43e-06
Rank=0: Doing Raytracing...
Rank=1: Doing Raytracing...
Rank=3: Doing Raytracing...
Rank=2: Doing Raytracing...
took 0.32s.
took 0.32s.
took 0.32s.
took 0.32s.
Doing Chemistry...
took  0.1 s.
Number of non-converged points: 295 of 1000000 ( 0.030 % ), Relative change in ionfrac:  1.12e-06
Rank=0: Doing Raytracing...
Rank=1: Doing Raytracing...
Rank=3: Doing Raytracing...
Rank=2: Doing Raytracing...
took 0.32s.
took 0.32s.
took 0.32s.
took 0.32s.
Doing Chemistry...
took  0.1 s.
Number of non-converged points: 103 of 1000000 ( 0.010 % ), Relative change in ionfrac:  4.04e-07
Rank=0: Doing Raytracing...
Rank=1: Doing Raytracing...
Rank=3: Doing Raytracing...
Rank=2: Doing Raytracing...
took 0.32s.
took 0.32s.
took 0.32s.
took 0.32s.
Doing Chemistry...
took  0.1 s.
Number of non-converged points: 19 of 1000000 ( 0.002 % ), Relative change in ionfrac:  1.54e-07
Multiple source convergence reached after 6 ray-tracing iterations.
Mean-free-path for photons at z = 7.118 (Worseck+ 2014): 1.284e+01 cMpc
This corresponds to 12.843 grid cells.
Rank=1: 211750 sources.
Rank=2: 211750 sources.
Rank=1: Copied source data to device.
Rank=2: Copied source data to device.
Rank=3: 211753 sources.
Rank=0: 211750 sources.
Rank=3: Copied source data to device.
Rank=0: Copied source data to device.
Rank=1: Doing Raytracing...
Rank=2: Doing Raytracing...
Rank=3: Doing Raytracing...
Calling evolve3D...
dr [Mpc]: 1.232e-01
dt [years]: 5.293e+06
Running on 211750 source(s), total normalized ionizing flux: 8.12e+08
Mean density (cgs): 3.107e-05, Mean ionized fraction: 9.996e-01
Convergence Criterion (Number of points):  100

Rank=0: Doing Raytracing...
took 0.33s.
took 0.33s.
took 0.33s.
took 0.33s.
Doing Chemistry...
took  0.1 s.
Number of non-converged points: 728 of 1000000 ( 0.073 % ), Relative change in ionfrac:  1.00e+00
Rank=0: Doing Raytracing...
Rank=3: Doing Raytracing...
Rank=1: Doing Raytracing...
Rank=2: Doing Raytracing...
took 0.33s.
took 0.33s.
took 0.33s.
took 0.33s.
Doing Chemistry...
took  0.1 s.
Number of non-converged points: 605 of 1000000 ( 0.060 % ), Relative change in ionfrac:  9.69e-06
Rank=0: Doing Raytracing...
Rank=1: Doing Raytracing...
Rank=2: Doing Raytracing...
Rank=3: Doing Raytracing...
took 0.33s.
took 0.33s.
took 0.33s.
took 0.33s.
Doing Chemistry...
took  0.1 s.
Number of non-converged points: 454 of 1000000 ( 0.045 % ), Relative change in ionfrac:  2.63e-06
Rank=0: Doing Raytracing...
Rank=1: Doing Raytracing...
Rank=2: Doing Raytracing...
Rank=3: Doing Raytracing...
took 0.33s.
took 0.33s.
took 0.33s.
took 0.33s.
Doing Chemistry...
took  0.1 s.
Number of non-converged points: 216 of 1000000 ( 0.022 % ), Relative change in ionfrac:  8.31e-07
Rank=0: Doing Raytracing...
Rank=1: Doing Raytracing...
Rank=2: Doing Raytracing...
Rank=3: Doing Raytracing...
took 0.33s.
took 0.33s.
took 0.33s.
took 0.33s.
Doing Chemistry...
took  0.1 s.
Number of non-converged points: 61 of 1000000 ( 0.006 % ), Relative change in ionfrac:  2.84e-07
Multiple source convergence reached after 5 ray-tracing iterations.

---- Reading density file:
  /capstor/scratch/cscs/cprior/CDM_100Mpc_2048/grids/nc100/CDM_100Mpc_2048.00060.ovrden.npy
 min, mean and max density : 5.572e-06  3.336e-05  6.230e-04 [1/cm3]
Rank=1: 212756 sources.
Rank=1: Copied source data to device.
Rank=1: Doing Raytracing...
Rank=2: 212756 sources.
Rank=2: Copied source data to device.
Rank=2: Doing Raytracing...

---- Reading source file with total of 851025 ionizing source:
CDM_100Mpc_2048.00060.halo.txt
 Total Flux : 8.272383e+56 [1/s]
 Total number of ionizing photons : 1.381995e+71
 Source lifetime : 163.448469 Myr
 min, max stellar (grid) mass : 1.214e+04  2.236e+09 [Msun] and min, mean, max number of ionising sources : 5.596e+48  9.720e+50  1.031e+54 [1/s]
took 0.34s.

--- Reionization History ----
 min, mean, max xHII : 1.54541e-03  9.99717e-01  9.99999e-01
 min, mean, max Irate : 1.61463e-18  1.99804e-13  1.86308e-11 [1/s]
 min, mean, max density : 5.57233e-06  3.33560e-05  6.23036e-04 [1/cm3]
Mean-free-path for photons at z = 7.079 (Worseck+ 2014): 1.296e+01 cMpc
This corresponds to 12.960 grid cells.
Rank=0: 212756 sources.
Rank=0: Copied source data to device.
Calling evolve3D...
dr [Mpc]: 1.238e-01
dt [years]: 5.294e+06
Running on 212756 source(s), total normalized ionizing flux: 8.27e+08
Mean density (cgs): 3.063e-05, Mean ionized fraction: 9.997e-01
Convergence Criterion (Number of points):  100

Rank=0: Doing Raytracing...
Rank=3: 212757 sources.
Rank=3: Copied source data to device.
Rank=3: Doing Raytracing...
took 0.34s.
took 0.34s.
took 0.33s.
Doing Chemistry...
took  0.1 s.
Number of non-converged points: 584 of 1000000 ( 0.058 % ), Relative change in ionfrac:  1.00e+00
Rank=0: Doing Raytracing...
Rank=1: Doing Raytracing...
Rank=2: Doing Raytracing...
Rank=3: Doing Raytracing...
took 0.33s.
took 0.34s.
took 0.34s.
took 0.34s.
Doing Chemistry...
took  0.1 s.
Number of non-converged points: 470 of 1000000 ( 0.047 % ), Relative change in ionfrac:  7.77e-06
Rank=0: Doing Raytracing...
Rank=2: Doing Raytracing...
Rank=3: Doing Raytracing...
Rank=1: Doing Raytracing...
took 0.33s.
took 0.33s.
took 0.33s.
took 0.34s.
Doing Chemistry...
took  0.1 s.
Number of non-converged points: 360 of 1000000 ( 0.036 % ), Relative change in ionfrac:  2.04e-06
Rank=0: Doing Raytracing...
Rank=2: Doing Raytracing...
Rank=3: Doing Raytracing...
Rank=1: Doing Raytracing...
took 0.34s.
took 0.34s.
took 0.34s.
took 0.34s.
Doing Chemistry...
took  0.1 s.
Number of non-converged points: 167 of 1000000 ( 0.017 % ), Relative change in ionfrac:  6.39e-07
Rank=0: Doing Raytracing...
Rank=2: Doing Raytracing...
Rank=1: Doing Raytracing...
Rank=3: Doing Raytracing...
took 0.34s.
took 0.34s.
took 0.34s.
took 0.34s.
Doing Chemistry...
took  0.1 s.
Number of non-converged points: 47 of 1000000 ( 0.005 % ), Relative change in ionfrac:  2.20e-07
Multiple source convergence reached after 5 ray-tracing iterations.
Mean-free-path for photons at z = 7.041 (Worseck+ 2014): 1.308e+01 cMpc
This corresponds to 13.081 grid cells.
Rank=1: 212756 sources.
Rank=2: 212756 sources.
Rank=0: 212756 sources.
Rank=3: 212757 sources.
Rank=1: Copied source data to device.
Rank=0: Copied source data to device.
Rank=2: Copied source data to device.
Rank=3: Copied source data to device.
Rank=1: Doing Raytracing...
Rank=2: Doing Raytracing...
Calling evolve3D...
dr [Mpc]: 1.243e-01
dt [years]: 5.294e+06
Running on 212756 source(s), total normalized ionizing flux: 8.27e+08
Mean density (cgs): 3.020e-05, Mean ionized fraction: 9.998e-01
Convergence Criterion (Number of points):  100

Rank=3: Doing Raytracing...
Rank=0: Doing Raytracing...
took 0.34s.
took 0.34s.
took 0.34s.
took 0.34s.
Doing Chemistry...
took  0.1 s.
Number of non-converged points: 456 of 1000000 ( 0.046 % ), Relative change in ionfrac:  1.00e+00
Rank=0: Doing Raytracing...
Rank=1: Doing Raytracing...
Rank=2: Doing Raytracing...
Rank=3: Doing Raytracing...
took 0.34s.
took 0.34s.
took 0.34s.
took 0.34s.
Doing Chemistry...
took  0.1 s.
Number of non-converged points: 376 of 1000000 ( 0.038 % ), Relative change in ionfrac:  6.26e-06
Rank=0: Doing Raytracing...
Rank=1: Doing Raytracing...
Rank=3: Doing Raytracing...
Rank=2: Doing Raytracing...
took 0.34s.
took 0.34s.
took 0.34s.
took 0.34s.
Doing Chemistry...
took  0.1 s.
Number of non-converged points: 273 of 1000000 ( 0.027 % ), Relative change in ionfrac:  1.63e-06
Rank=0: Doing Raytracing...
Rank=1: Doing Raytracing...
Rank=2: Doing Raytracing...
Rank=3: Doing Raytracing...
took 0.34s.
took 0.34s.
took 0.34s.
took 0.34s.
Doing Chemistry...
took  0.1 s.
Number of non-converged points: 130 of 1000000 ( 0.013 % ), Relative change in ionfrac:  5.06e-07
Rank=0: Doing Raytracing...
Rank=1: Doing Raytracing...
Rank=2: Doing Raytracing...
Rank=3: Doing Raytracing...
took 0.34s.
took 0.34s.
took 0.34s.
took 0.34s.
Doing Chemistry...
took  0.1 s.
Number of non-converged points: 40 of 1000000 ( 0.004 % ), Relative change in ionfrac:  1.74e-07
Multiple source convergence reached after 5 ray-tracing iterations.

---- Reading density file:
  /capstor/scratch/cscs/cprior/CDM_100Mpc_2048/grids/nc100/CDM_100Mpc_2048.00061.ovrden.npy
 min, mean and max density : 5.351e-06  3.239e-05  6.181e-04 [1/cm3]
Rank=1: 213735 sources.
Rank=1: Copied source data to device.
Rank=1: Doing Raytracing...
Rank=2: 213735 sources.
Rank=2: Copied source data to device.
Rank=2: Doing Raytracing...

---- Reading source file with total of 854941 ionizing source:
CDM_100Mpc_2048.00061.halo.txt
 Total Flux : 8.423608e+56 [1/s]
 Total number of ionizing photons : 1.424224e+71
 Source lifetime : 167.492157 Myr
 min, max stellar (grid) mass : 1.214e+04  2.223e+09 [Msun] and min, mean, max number of ionising sources : 5.461e+48  9.853e+50  9.999e+53 [1/s]

--- Reionization History ----
 min, mean, max xHII : 2.45372e-03  9.99818e-01  9.99999e-01
 min, mean, max Irate : 3.17587e-18  2.04486e-13  1.09488e-11 [1/s]
 min, mean, max density : 5.35067e-06  3.23904e-05  6.18129e-04 [1/cm3]
Mean-free-path for photons at z = 7.004 (Worseck+ 2014): 1.321e+01 cMpc
This corresponds to 13.208 grid cells.
Rank=0: 213735 sources.
Rank=0: Copied source data to device.
Calling evolve3D...
dr [Mpc]: 1.249e-01
dt [years]: 5.358e+06
Running on 213735 source(s), total normalized ionizing flux: 8.42e+08
Mean density (cgs): 2.978e-05, Mean ionized fraction: 9.998e-01
Convergence Criterion (Number of points):  100

Rank=0: Doing Raytracing...
took 0.35s.
Rank=3: 213736 sources.
Rank=3: Copied source data to device.
Rank=3: Doing Raytracing...
took 0.35s.
took 0.35s.
took 0.34s.
Doing Chemistry...
took  0.1 s.
Number of non-converged points: 358 of 1000000 ( 0.036 % ), Relative change in ionfrac:  1.00e+00
Rank=0: Doing Raytracing...
Rank=1: Doing Raytracing...
Rank=2: Doing Raytracing...
Rank=3: Doing Raytracing...
took 0.34s.
took 0.35s.
took 0.35s.
took 0.35s.
Doing Chemistry...
took  0.1 s.
Number of non-converged points: 302 of 1000000 ( 0.030 % ), Relative change in ionfrac:  5.18e-06
Rank=0: Doing Raytracing...
Rank=1: Doing Raytracing...
Rank=2: Doing Raytracing...
Rank=3: Doing Raytracing...
took 0.35s.
took 0.35s.
took 0.35s.
took 0.35s.
Doing Chemistry...
took  0.1 s.
Number of non-converged points: 235 of 1000000 ( 0.024 % ), Relative change in ionfrac:  1.43e-06
Rank=0: Doing Raytracing...
Rank=1: Doing Raytracing...
Rank=2: Doing Raytracing...
Rank=3: Doing Raytracing...
took 0.35s.
took 0.35s.
took 0.35s.
took 0.35s.
Doing Chemistry...
took  0.1 s.
Number of non-converged points: 125 of 1000000 ( 0.013 % ), Relative change in ionfrac:  4.73e-07
Rank=0: Doing Raytracing...
Rank=1: Doing Raytracing...
Rank=2: Doing Raytracing...
Rank=3: Doing Raytracing...
took 0.35s.
took 0.35s.
took 0.35s.
took 0.35s.
Doing Chemistry...
took  0.1 s.
Number of non-converged points: 43 of 1000000 ( 0.004 % ), Relative change in ionfrac:  1.70e-07
Multiple source convergence reached after 5 ray-tracing iterations.
Mean-free-path for photons at z = 6.966 (Worseck+ 2014): 1.334e+01 cMpc
This corresponds to 13.339 grid cells.
Rank=1: 213735 sources.
Rank=2: 213735 sources.
Rank=0: 213735 sources.
Rank=1: Copied source data to device.
Rank=2: Copied source data to device.
Rank=3: 213736 sources.
Rank=0: Copied source data to device.
Rank=3: Copied source data to device.
Rank=1: Doing Raytracing...
Rank=2: Doing Raytracing...
Rank=3: Doing Raytracing...
Calling evolve3D...
dr [Mpc]: 1.255e-01
dt [years]: 5.358e+06
Running on 213735 source(s), total normalized ionizing flux: 8.42e+08
Mean density (cgs): 2.936e-05, Mean ionized fraction: 9.999e-01
Convergence Criterion (Number of points):  100

Rank=0: Doing Raytracing...
took 0.36s.
took 0.36s.
took 0.36s.
took 0.36s.
Doing Chemistry...
took  0.1 s.
Number of non-converged points: 282 of 1000000 ( 0.028 % ), Relative change in ionfrac:  1.00e+00
Rank=0: Doing Raytracing...
Rank=1: Doing Raytracing...
Rank=2: Doing Raytracing...
Rank=3: Doing Raytracing...
took 0.36s.
took 0.36s.
took 0.36s.
took 0.36s.
Doing Chemistry...
took  0.1 s.
Number of non-converged points: 233 of 1000000 ( 0.023 % ), Relative change in ionfrac:  3.75e-06
Rank=0: Doing Raytracing...
Rank=1: Doing Raytracing...
Rank=3: Doing Raytracing...
Rank=2: Doing Raytracing...
took 0.36s.
took 0.36s.
took 0.36s.
took 0.36s.
Doing Chemistry...
took  0.1 s.
Number of non-converged points: 171 of 1000000 ( 0.017 % ), Relative change in ionfrac:  9.78e-07
Rank=0: Doing Raytracing...
Rank=1: Doing Raytracing...
Rank=2: Doing Raytracing...
Rank=3: Doing Raytracing...
took 0.36s.
took 0.36s.
took 0.36s.
took 0.36s.
Doing Chemistry...
took  0.1 s.
Number of non-converged points: 76 of 1000000 ( 0.008 % ), Relative change in ionfrac:  3.04e-07
Multiple source convergence reached after 4 ray-tracing iterations.

---- Reading density file:
  /capstor/scratch/cscs/cprior/CDM_100Mpc_2048/grids/nc100/CDM_100Mpc_2048.00062.ovrden.npy
 min, mean and max density : 5.119e-06  3.146e-05  6.124e-04 [1/cm3]
Rank=1: 214703 sources.
Rank=1: Copied source data to device.
Rank=1: Doing Raytracing...
Rank=2: 214703 sources.
Rank=2: Copied source data to device.
Rank=2: Doing Raytracing...
Rank=3: 214705 sources.
Rank=3: Copied source data to device.
Rank=3: Doing Raytracing...

---- Reading source file with total of 858814 ionizing source:
CDM_100Mpc_2048.00062.halo.txt
 Total Flux : 8.573218e+56 [1/s]
 Total number of ionizing photons : 1.429091e+71
 Source lifetime : 171.624516 Myr
 min, max stellar (grid) mass : 1.214e+04  2.701e+09 [Msun] and min, mean, max number of ionising sources : 5.330e+48  9.983e+50  1.186e+54 [1/s]

--- Reionization History ----
 min, mean, max xHII : 4.34014e-03  9.99882e-01  9.99999e-01
 min, mean, max Irate : 6.52457e-18  2.07436e-13  1.04828e-11 [1/s]
 min, mean, max density : 5.11927e-06  3.14551e-05  6.12353e-04 [1/cm3]
Mean-free-path for photons at z = 6.929 (Worseck+ 2014): 1.347e+01 cMpc
This corresponds to 13.474 grid cells.
Rank=0: 214703 sources.
Rank=0: Copied source data to device.
Calling evolve3D...
dr [Mpc]: 1.261e-01
dt [years]: 5.282e+06
Running on 214703 source(s), total normalized ionizing flux: 8.57e+08
Mean density (cgs): 2.896e-05, Mean ionized fraction: 9.999e-01
Convergence Criterion (Number of points):  100

Rank=0: Doing Raytracing...
took 0.38s.
took 0.38s.
took 0.37s.
took 0.38s.
Doing Chemistry...
took  0.1 s.
Number of non-converged points: 204 of 1000000 ( 0.020 % ), Relative change in ionfrac:  1.00e+00
Rank=0: Doing Raytracing...
Rank=1: Doing Raytracing...
Rank=2: Doing Raytracing...
Rank=3: Doing Raytracing...
took 0.37s.
took 0.38s.
took 0.38s.
took 0.38s.
Doing Chemistry...
took  0.1 s.
Number of non-converged points: 172 of 1000000 ( 0.017 % ), Relative change in ionfrac:  2.77e-06
Rank=0: Doing Raytracing...
Rank=1: Doing Raytracing...
Rank=2: Doing Raytracing...
Rank=3: Doing Raytracing...
took 0.38s.
took 0.38s.
took 0.38s.
took 0.38s.
Doing Chemistry...
took  0.1 s.
Number of non-converged points: 136 of 1000000 ( 0.014 % ), Relative change in ionfrac:  7.12e-07
Rank=1: Doing Raytracing...
Rank=2: Doing Raytracing...
Rank=3: Doing Raytracing...
Rank=0: Doing Raytracing...
took 0.38s.
took 0.38s.
took 0.38s.
took 0.38s.
Doing Chemistry...
took  0.1 s.
Number of non-converged points: 61 of 1000000 ( 0.006 % ), Relative change in ionfrac:  2.20e-07
Multiple source convergence reached after 4 ray-tracing iterations.
Mean-free-path for photons at z = 6.893 (Worseck+ 2014): 1.361e+01 cMpc
This corresponds to 13.613 grid cells.
Rank=1: 214703 sources.
Rank=3: 214705 sources.
Rank=0: 214703 sources.
Rank=1: Copied source data to device.
Rank=3: Copied source data to device.
Rank=0: Copied source data to device.
Rank=2: 214703 sources.
Rank=2: Copied source data to device.
Rank=1: Doing Raytracing...
Rank=3: Doing Raytracing...
Calling evolve3D...
dr [Mpc]: 1.267e-01
dt [years]: 5.282e+06
Running on 214703 source(s), total normalized ionizing flux: 8.57e+08
Mean density (cgs): 2.856e-05, Mean ionized fraction: 9.999e-01
Convergence Criterion (Number of points):  100

Rank=0: Doing Raytracing...
Rank=2: Doing Raytracing...
took 0.39s.
took 0.39s.
took 0.39s.
took 0.39s.
Doing Chemistry...
took  0.1 s.
Number of non-converged points: 157 of 1000000 ( 0.016 % ), Relative change in ionfrac:  1.00e+00
Rank=0: Doing Raytracing...
Rank=2: Doing Raytracing...
Rank=1: Doing Raytracing...
Rank=3: Doing Raytracing...
took 0.39s.
took 0.39s.
took 0.39s.
took 0.39s.
Doing Chemistry...
took  0.1 s.
Number of non-converged points: 127 of 1000000 ( 0.013 % ), Relative change in ionfrac:  2.22e-06
Rank=0: Doing Raytracing...
Rank=1: Doing Raytracing...
Rank=2: Doing Raytracing...
Rank=3: Doing Raytracing...
took 0.39s.
took 0.39s.
took 0.39s.
took 0.39s.
Doing Chemistry...
took  0.1 s.
Number of non-converged points: 101 of 1000000 ( 0.010 % ), Relative change in ionfrac:  5.63e-07
Rank=0: Doing Raytracing...
Rank=1: Doing Raytracing...
Rank=2: Doing Raytracing...
Rank=3: Doing Raytracing...
took 0.39s.
took 0.39s.
took 0.39s.
took 0.39s.
Doing Chemistry...
took  0.1 s.
Number of non-converged points: 46 of 1000000 ( 0.005 % ), Relative change in ionfrac:  1.71e-07
Multiple source convergence reached after 4 ray-tracing iterations.

---- Reading density file:
  /capstor/scratch/cscs/cprior/CDM_100Mpc_2048/grids/nc100/CDM_100Mpc_2048.00063.ovrden.npy
 min, mean and max density : 5.000e-06  3.057e-05  6.075e-04 [1/cm3]
Rank=1: 215558 sources.
Rank=1: Copied source data to device.
Rank=1: Doing Raytracing...
Rank=2: 215558 sources.
Rank=2: Copied source data to device.
Rank=2: Doing Raytracing...

---- Reading source file with total of 862233 ionizing source:
CDM_100Mpc_2048.00063.halo.txt
 Total Flux : 8.710233e+56 [1/s]
 Total number of ionizing photons : 1.467356e+71
 Source lifetime : 175.737758 Myr
 min, max stellar (grid) mass : 1.214e+04  2.885e+09 [Msun] and min, mean, max number of ionising sources : 5.205e+48  1.010e+51  1.237e+54 [1/s]

--- Reionization History ----
 min, mean, max xHII : 9.46548e-03  9.99920e-01  9.99999e-01
 min, mean, max Irate : 2.02871e-17  2.12895e-13  1.21442e-11 [1/s]
 min, mean, max density : 5.00000e-06  3.05720e-05  6.07477e-04 [1/cm3]
Mean-free-path for photons at z = 6.857 (Worseck+ 2014): 1.376e+01 cMpc
This corresponds to 13.758 grid cells.
Rank=0: 215558 sources.
Rank=0: Copied source data to device.
Calling evolve3D...
dr [Mpc]: 1.273e-01
dt [years]: 5.338e+06
Running on 215558 source(s), total normalized ionizing flux: 8.71e+08
Mean density (cgs): 2.817e-05, Mean ionized fraction: 9.999e-01
Convergence Criterion (Number of points):  100

Rank=0: Doing Raytracing...
Rank=3: 215559 sources.
Rank=3: Copied source data to device.
Rank=3: Doing Raytracing...
took 0.40s.
took 0.40s.
took 0.40s.
took 0.40s.
Doing Chemistry...
took  0.1 s.
Number of non-converged points: 119 of 1000000 ( 0.012 % ), Relative change in ionfrac:  1.00e+00
Rank=0: Doing Raytracing...
Rank=1: Doing Raytracing...
Rank=3: Doing Raytracing...
Rank=2: Doing Raytracing...
took 0.40s.
took 0.40s.
took 0.40s.
took 0.40s.
Doing Chemistry...
took  0.1 s.
Number of non-converged points: 100 of 1000000 ( 0.010 % ), Relative change in ionfrac:  1.86e-06
Rank=0: Doing Raytracing...
Rank=2: Doing Raytracing...
Rank=1: Doing Raytracing...
Rank=3: Doing Raytracing...
took 0.40s.
took 0.40s.
took 0.40s.
took 0.40s.
Doing Chemistry...
took  0.1 s.
Number of non-converged points: 87 of 1000000 ( 0.009 % ), Relative change in ionfrac:  5.14e-07
Multiple source convergence reached after 3 ray-tracing iterations.
Mean-free-path for photons at z = 6.821 (Worseck+ 2014): 1.391e+01 cMpc
This corresponds to 13.908 grid cells.
Rank=1: 215558 sources.
Rank=3: 215559 sources.
Rank=1: Copied source data to device.
Rank=0: 215558 sources.
Rank=3: Copied source data to device.
Rank=0: Copied source data to device.
Rank=2: 215558 sources.
Rank=1: Doing Raytracing...
Rank=2: Copied source data to device.
Rank=3: Doing Raytracing...
Calling evolve3D...
dr [Mpc]: 1.278e-01
dt [years]: 5.338e+06
Running on 215558 source(s), total normalized ionizing flux: 8.71e+08
Mean density (cgs): 2.779e-05, Mean ionized fraction: 9.999e-01
Convergence Criterion (Number of points):  100

Rank=0: Doing Raytracing...
Rank=2: Doing Raytracing...
took 0.42s.
took 0.42s.
took 0.42s.
took 0.42s.
Doing Chemistry...
took  0.1 s.
Number of non-converged points: 93 of 1000000 ( 0.009 % ), Relative change in ionfrac:  1.00e+00
Multiple source convergence reached after 1 ray-tracing iterations.

---- Reading density file:
  /capstor/scratch/cscs/cprior/CDM_100Mpc_2048/grids/nc100/CDM_100Mpc_2048.00064.ovrden.npy
 min, mean and max density : 5.000e-06  2.972e-05  6.024e-04 [1/cm3]
Rank=1: 216483 sources.
Rank=1: Copied source data to device.
Rank=1: Doing Raytracing...
Rank=2: 216483 sources.
Rank=2: Copied source data to device.
Rank=2: Doing Raytracing...

---- Reading source file with total of 865932 ionizing source:
CDM_100Mpc_2048.00064.halo.txt
 Total Flux : 8.855290e+56 [1/s]
 Total number of ionizing photons : 1.486916e+71
 Source lifetime : 179.933967 Myr
 min, max stellar (grid) mass : 1.214e+04  3.018e+09 [Msun] and min, mean, max number of ionising sources : 5.084e+48  1.023e+51  1.264e+54 [1/s]

--- Reionization History ----
 min, mean, max xHII : 4.37136e-02  9.99942e-01  9.99999e-01
 min, mean, max Irate : 1.48720e-16  2.15739e-13  1.24145e-11 [1/s]
 min, mean, max density : 5.00000e-06  2.97168e-05  6.02446e-04 [1/cm3]
Mean-free-path for photons at z = 6.786 (Worseck+ 2014): 1.406e+01 cMpc
This corresponds to 14.064 grid cells.
Rank=0: 216483 sources.
Rank=0: Copied source data to device.
Calling evolve3D...
dr [Mpc]: 1.284e-01
dt [years]: 5.321e+06
Running on 216483 source(s), total normalized ionizing flux: 8.86e+08
Mean density (cgs): 2.742e-05, Mean ionized fraction: 9.999e-01
Convergence Criterion (Number of points):  100

Rank=0: Doing Raytracing...
Rank=3: 216483 sources.
Rank=3: Copied source data to device.
Rank=3: Doing Raytracing...
took 0.43s.
took 0.43s.
took 0.43s.
took 0.43s.
Doing Chemistry...
took  0.1 s.
Number of non-converged points: 77 of 1000000 ( 0.008 % ), Relative change in ionfrac:  1.00e+00
Multiple source convergence reached after 1 ray-tracing iterations.
Mean-free-path for photons at z = 6.751 (Worseck+ 2014): 1.422e+01 cMpc
This corresponds to 14.224 grid cells.
Rank=0: 216483 sources.
Rank=3: 216483 sources.
Rank=2: 216483 sources.
Rank=0: Copied source data to device.
Rank=3: Copied source data to device.
Rank=1: 216483 sources.
Rank=2: Copied source data to device.
Rank=1: Copied source data to device.
Calling evolve3D...
dr [Mpc]: 1.290e-01
dt [years]: 5.321e+06
Running on 216483 source(s), total normalized ionizing flux: 8.86e+08
Mean density (cgs): 2.705e-05, Mean ionized fraction: 1.000e+00
Convergence Criterion (Number of points):  100

Rank=3: Doing Raytracing...
Rank=0: Doing Raytracing...
Rank=2: Doing Raytracing...
Rank=1: Doing Raytracing...
took 0.44s.
took 0.44s.
took 0.44s.
took 0.44s.
Doing Chemistry...
took  0.1 s.
Number of non-converged points: 56 of 1000000 ( 0.006 % ), Relative change in ionfrac:  1.00e+00
Multiple source convergence reached after 1 ray-tracing iterations.

---- Reading density file:
  /capstor/scratch/cscs/cprior/CDM_100Mpc_2048/grids/nc100/CDM_100Mpc_2048.00065.ovrden.npy
 min, mean and max density : 5.000e-06  2.890e-05  5.962e-04 [1/cm3]
Rank=1: 217314 sources.
Rank=1: Copied source data to device.
Rank=1: Doing Raytracing...
Rank=2: 217314 sources.
Rank=2: Copied source data to device.
Rank=2: Doing Raytracing...

---- Reading source file with total of 869257 ionizing source:
CDM_100Mpc_2048.00065.halo.txt
 Total Flux : 8.995775e+56 [1/s]
 Total number of ionizing photons : 1.503847e+71
 Source lifetime : 184.155545 Myr
 min, max stellar (grid) mass : 1.214e+04  3.126e+09 [Msun] and min, mean, max number of ionising sources : 4.967e+48  1.035e+51  1.279e+54 [1/s]

--- Reionization History ----
 min, mean, max xHII : 1.46741e-01  9.99956e-01  9.99999e-01
 min, mean, max Irate : 3.98447e-16  2.21436e-13  1.24194e-11 [1/s]
 min, mean, max density : 5.00000e-06  2.88996e-05  5.96217e-04 [1/cm3]
Mean-free-path for photons at z = 6.717 (Worseck+ 2014): 1.439e+01 cMpc
This corresponds to 14.390 grid cells.
Rank=0: 217314 sources.
Rank=0: Copied source data to device.
Calling evolve3D...
dr [Mpc]: 1.296e-01
dt [years]: 5.297e+06
Running on 217314 source(s), total normalized ionizing flux: 9.00e+08
Mean density (cgs): 2.669e-05, Mean ionized fraction: 1.000e+00
Convergence Criterion (Number of points):  100

Rank=0: Doing Raytracing...
Rank=3: 217315 sources.
Rank=3: Copied source data to device.
Rank=3: Doing Raytracing...
took 0.45s.
took 0.45s.
took 0.45s.
took 0.45s.
Doing Chemistry...
took  0.1 s.
Number of non-converged points: 44 of 1000000 ( 0.004 % ), Relative change in ionfrac:  1.00e+00
Multiple source convergence reached after 1 ray-tracing iterations.
Mean-free-path for photons at z = 6.683 (Worseck+ 2014): 1.456e+01 cMpc
This corresponds to 14.561 grid cells.
Rank=0: 217314 sources.
Rank=1: 217314 sources.
Rank=2: 217314 sources.
Rank=3: 217315 sources.
Rank=1: Copied source data to device.
Rank=2: Copied source data to device.
Rank=0: Copied source data to device.
Rank=3: Copied source data to device.
Rank=1: Doing Raytracing...
Calling evolve3D...
dr [Mpc]: 1.301e-01
dt [years]: 5.297e+06
Running on 217314 source(s), total normalized ionizing flux: 9.00e+08
Mean density (cgs): 2.634e-05, Mean ionized fraction: 1.000e+00
Convergence Criterion (Number of points):  100

Rank=2: Doing Raytracing...
Rank=0: Doing Raytracing...
Rank=3: Doing Raytracing...
took 0.48s.
took 0.48s.
took 0.48s.
took 0.48s.
Doing Chemistry...
took  0.1 s.
Number of non-converged points: 31 of 1000000 ( 0.003 % ), Relative change in ionfrac:  1.00e+00
Multiple source convergence reached after 1 ray-tracing iterations.

---- Reading density file:
  /capstor/scratch/cscs/cprior/CDM_100Mpc_2048/grids/nc100/CDM_100Mpc_2048.00066.ovrden.npy
 min, mean and max density : 5.000e-06  2.812e-05  5.898e-04 [1/cm3]
Rank=1: 218048 sources.
Rank=1: Copied source data to device.
Rank=1: Doing Raytracing...
Rank=2: 218048 sources.
Rank=2: Copied source data to device.
Rank=2: Doing Raytracing...

---- Reading source file with total of 872195 ionizing source:
CDM_100Mpc_2048.00066.halo.txt
 Total Flux : 9.133243e+56 [1/s]
 Total number of ionizing photons : 1.518276e+71
 Source lifetime : 188.397089 Myr
 min, max stellar (grid) mass : 1.214e+04  3.231e+09 [Msun] and min, mean, max number of ionising sources : 4.855e+48  1.047e+51  1.292e+54 [1/s]

--- Reionization History ----
 min, mean, max xHII : 3.59680e-01  9.99964e-01  9.99999e-01
 min, mean, max Irate : 1.08316e-15  2.27065e-13  1.23526e-11 [1/s]
 min, mean, max density : 5.00000e-06  2.81189e-05  5.89778e-04 [1/cm3]
Mean-free-path for photons at z = 6.650 (Worseck+ 2014): 1.474e+01 cMpc
This corresponds to 14.737 grid cells.
Rank=0: 218048 sources.
Rank=0: Copied source data to device.
Calling evolve3D...
dr [Mpc]: 1.307e-01
dt [years]: 5.268e+06
Running on 218048 source(s), total normalized ionizing flux: 9.13e+08
Mean density (cgs): 2.600e-05, Mean ionized fraction: 1.000e+00
Convergence Criterion (Number of points):  100

Rank=0: Doing Raytracing...
Rank=3: 218051 sources.
Rank=3: Copied source data to device.
Rank=3: Doing Raytracing...
took 0.49s.
took 0.49s.
took 0.49s.
took 0.48s.
Doing Chemistry...
took  0.1 s.
Number of non-converged points: 24 of 1000000 ( 0.002 % ), Relative change in ionfrac:  1.00e+00
Multiple source convergence reached after 1 ray-tracing iterations.
Mean-free-path for photons at z = 6.617 (Worseck+ 2014): 1.492e+01 cMpc
This corresponds to 14.918 grid cells.
Rank=1: 218048 sources.
Rank=1: Copied source data to device.
Rank=3: 218051 sources.
Rank=2: 218048 sources.
Rank=3: Copied source data to device.
Rank=2: Copied source data to device.
Rank=0: 218048 sources.
Rank=0: Copied source data to device.
Rank=1: Doing Raytracing...
Rank=3: Doing Raytracing...
Rank=2: Doing Raytracing...
Calling evolve3D...
dr [Mpc]: 1.313e-01
dt [years]: 5.268e+06
Running on 218048 source(s), total normalized ionizing flux: 9.13e+08
Mean density (cgs): 2.567e-05, Mean ionized fraction: 1.000e+00
Convergence Criterion (Number of points):  100

Rank=0: Doing Raytracing...
took 0.49s.
took 0.50s.
took 0.50s.
took 0.50s.
Doing Chemistry...
took  0.1 s.
Number of non-converged points: 11 of 1000000 ( 0.001 % ), Relative change in ionfrac:  1.00e+00
Multiple source convergence reached after 1 ray-tracing iterations.

---- Reading density file:
  /capstor/scratch/cscs/cprior/CDM_100Mpc_2048/grids/nc100/CDM_100Mpc_2048.00067.ovrden.npy
 min, mean and max density : 5.000e-06  2.737e-05  5.847e-04 [1/cm3]
Rank=2: 218782 sources.
Rank=2: Copied source data to device.
Rank=2: Doing Raytracing...
Rank=1: 218782 sources.
Rank=1: Copied source data to device.
Rank=1: Doing Raytracing...
Rank=3: 218782 sources.
Rank=3: Copied source data to device.
Rank=3: Doing Raytracing...

---- Reading source file with total of 875128 ionizing source:
CDM_100Mpc_2048.00067.halo.txt
 Total Flux : 9.271535e+56 [1/s]
 Total number of ionizing photons : 1.553470e+71
 Source lifetime : 192.652864 Myr
 min, max stellar (grid) mass : 1.214e+04  3.254e+09 [Msun] and min, mean, max number of ionising sources : 4.748e+48  1.059e+51  1.273e+54 [1/s]

--- Reionization History ----
 min, mean, max xHII : 7.37343e-01  9.99967e-01  9.99999e-01
 min, mean, max Irate : 3.44810e-15  2.31910e-13  1.23257e-11 [1/s]
 min, mean, max density : 5.00000e-06  2.73736e-05  5.84671e-04 [1/cm3]
Mean-free-path for photons at z = 6.584 (Worseck+ 2014): 1.511e+01 cMpc
This corresponds to 15.106 grid cells.
Rank=0: 218782 sources.
Rank=0: Copied source data to device.
Calling evolve3D...
dr [Mpc]: 1.318e-01
dt [years]: 5.309e+06
Running on 218782 source(s), total normalized ionizing flux: 9.27e+08
Mean density (cgs): 2.534e-05, Mean ionized fraction: 1.000e+00
Convergence Criterion (Number of points):  100

Rank=0: Doing Raytracing...
took 0.53s.
took 0.53s.
took 0.52s.
took 0.53s.
Doing Chemistry...
took  0.1 s.
Number of non-converged points: 3 of 1000000 ( 0.000 % ), Relative change in ionfrac:  1.00e+00
Multiple source convergence reached after 1 ray-tracing iterations.
Mean-free-path for photons at z = 6.551 (Worseck+ 2014): 1.530e+01 cMpc
This corresponds to 15.301 grid cells.
Rank=3: 218782 sources.
Rank=1: 218782 sources.
Rank=0: 218782 sources.
Rank=2: 218782 sources.
Rank=3: Copied source data to device.
Rank=1: Copied source data to device.
Rank=0: Copied source data to device.
Rank=2: Copied source data to device.
Rank=3: Doing Raytracing...
Rank=1: Doing Raytracing...
Calling evolve3D...
dr [Mpc]: 1.324e-01
dt [years]: 5.309e+06
Running on 218782 source(s), total normalized ionizing flux: 9.27e+08
Mean density (cgs): 2.501e-05, Mean ionized fraction: 1.000e+00
Convergence Criterion (Number of points):  100

Rank=0: Doing Raytracing...
Rank=2: Doing Raytracing...
took 0.54s.
took 0.54s.
took 0.54s.
took 0.54s.
Doing Chemistry...
took  0.1 s.
Number of non-converged points: 1 of 1000000 ( 0.000 % ), Relative change in ionfrac:  1.00e+00
Multiple source convergence reached after 1 ray-tracing iterations.

---- Reading density file:
  /capstor/scratch/cscs/cprior/CDM_100Mpc_2048/grids/nc100/CDM_100Mpc_2048.00068.ovrden.npy
 min, mean and max density : 5.000e-06  2.665e-05  5.803e-04 [1/cm3]
Rank=2: 219467 sources.
Rank=2: Copied source data to device.
Rank=2: Doing Raytracing...

---- Reading source file with total of 877871 ionizing source:
CDM_100Mpc_2048.00068.halo.txt
 Total Flux : 9.402321e+56 [1/s]
 Total number of ionizing photons : 1.587326e+71
 Source lifetime : 196.980489 Myr
 min, max stellar (grid) mass : 1.214e+04  3.603e+09 [Msun] and min, mean, max number of ionising sources : 4.644e+48  1.071e+51  1.378e+54 [1/s]

--- Reionization History ----
 min, mean, max xHII : 9.94839e-01  9.99970e-01  9.99999e-01
 min, mean, max Irate : 1.72055e-14  2.38072e-13  1.23377e-11 [1/s]
 min, mean, max density : 5.00000e-06  2.66519e-05  5.80286e-04 [1/cm3]
Mean-free-path for photons at z = 6.519 (Worseck+ 2014): 1.550e+01 cMpc
This corresponds to 15.503 grid cells.
Rank=0: 219467 sources.
Rank=0: Copied source data to device.
Calling evolve3D...
dr [Mpc]: 1.330e-01
dt [years]: 5.350e+06
Running on 219467 source(s), total normalized ionizing flux: 9.40e+08
Mean density (cgs): 2.469e-05, Mean ionized fraction: 1.000e+00
Convergence Criterion (Number of points):  100

Rank=0: Doing Raytracing...
Rank=1: 219467 sources.
Rank=1: Copied source data to device.
Rank=1: Doing Raytracing...
Rank=3: 219470 sources.
Rank=3: Copied source data to device.
took 0.55s.
Rank=3: Doing Raytracing...
took 0.55s.
took 0.55s.
took 0.54s.
Doing Chemistry...
took  0.1 s.
Number of non-converged points: 1 of 1000000 ( 0.000 % ), Relative change in ionfrac:  1.00e+00
Multiple source convergence reached after 1 ray-tracing iterations.
Mean-free-path for photons at z = 6.487 (Worseck+ 2014): 1.571e+01 cMpc
This corresponds to 15.713 grid cells.
Rank=1: 219467 sources.
Rank=1: Copied source data to device.
Rank=3: 219470 sources.
Rank=2: 219467 sources.
Rank=3: Copied source data to device.
Rank=2: Copied source data to device.
Rank=0: 219467 sources.
Rank=1: Doing Raytracing...
Rank=3: Doing Raytracing...
Rank=2: Doing Raytracing...
Rank=0: Copied source data to device.
Calling evolve3D...
dr [Mpc]: 1.336e-01
dt [years]: 5.350e+06
Running on 219467 source(s), total normalized ionizing flux: 9.40e+08
Mean density (cgs): 2.438e-05, Mean ionized fraction: 1.000e+00
Convergence Criterion (Number of points):  100

Rank=0: Doing Raytracing...
took 0.59s.
took 0.59s.
took 0.59s.
took 0.59s.
Doing Chemistry...
took  0.1 s.
Number of non-converged points: 0 of 1000000 ( 0.000 % ), Relative change in ionfrac:  1.00e+00
Multiple source convergence reached after 1 ray-tracing iterations.

---- Reading density file:
  /capstor/scratch/cscs/cprior/CDM_100Mpc_2048/grids/nc100/CDM_100Mpc_2048.00069.ovrden.npy
 min, mean and max density : 5.000e-06  2.595e-05  5.749e-04 [1/cm3]
Rank=1: 220189 sources.
Rank=1: Copied source data to device.
Rank=1: Doing Raytracing...
Rank=2: 220189 sources.
Rank=2: Copied source data to device.
Rank=2: Doing Raytracing...

---- Reading source file with total of 880758 ionizing source:
CDM_100Mpc_2048.00069.halo.txt
 Total Flux : 9.522842e+56 [1/s]
 Total number of ionizing photons : 1.594866e+71
 Source lifetime : 201.379474 Myr
 min, max stellar (grid) mass : 1.214e+04  3.625e+09 [Msun] and min, mean, max number of ionising sources : 4.542e+48  1.081e+51  1.356e+54 [1/s]

--- Reionization History ----
 min, mean, max xHII : 9.99790e-01  9.99971e-01  9.99999e-01
 min, mean, max Irate : 4.68331e-14  2.43239e-13  1.30238e-11 [1/s]
 min, mean, max density : 5.00000e-06  2.59532e-05  5.74944e-04 [1/cm3]
Mean-free-path for photons at z = 6.455 (Worseck+ 2014): 1.593e+01 cMpc
This corresponds to 15.928 grid cells.
Rank=0: 220189 sources.
Rank=0: Copied source data to device.
Calling evolve3D...
dr [Mpc]: 1.341e-01
dt [years]: 5.307e+06
Running on 220189 source(s), total normalized ionizing flux: 9.52e+08
Mean density (cgs): 2.407e-05, Mean ionized fraction: 1.000e+00
Convergence Criterion (Number of points):  100

Rank=0: Doing Raytracing...
Rank=3: 220191 sources.
Rank=3: Copied source data to device.
Rank=3: Doing Raytracing...
took 0.60s.
took 0.60s.
took 0.60s.
took 0.60s.
Doing Chemistry...
took  0.1 s.
Number of non-converged points: 0 of 1000000 ( 0.000 % ), Relative change in ionfrac:  1.00e+00
Multiple source convergence reached after 1 ray-tracing iterations.
Mean-free-path for photons at z = 6.424 (Worseck+ 2014): 1.615e+01 cMpc
This corresponds to 16.150 grid cells.
Rank=1: 220189 sources.
Rank=3: 220191 sources.
Rank=1: Copied source data to device.
Rank=3: Copied source data to device.
Rank=2: 220189 sources.
Rank=0: 220189 sources.
Rank=2: Copied source data to device.
Rank=0: Copied source data to device.
Rank=1: Doing Raytracing...
Rank=3: Doing Raytracing...
Rank=2: Doing Raytracing...
Calling evolve3D...
dr [Mpc]: 1.347e-01
dt [years]: 5.307e+06
Running on 220189 source(s), total normalized ionizing flux: 9.52e+08
Mean density (cgs): 2.377e-05, Mean ionized fraction: 1.000e+00
Convergence Criterion (Number of points):  100

Rank=0: Doing Raytracing...
took 0.62s.
took 0.62s.
took 0.62s.
took 0.62s.
Doing Chemistry...
took  0.1 s.
Number of non-converged points: 0 of 1000000 ( 0.000 % ), Relative change in ionfrac:  1.00e+00
Multiple source convergence reached after 1 ray-tracing iterations.

---- Reading density file:
  /capstor/scratch/cscs/cprior/CDM_100Mpc_2048/grids/nc100/CDM_100Mpc_2048.00070.ovrden.npy
 min, mean and max density : 5.000e-06  2.529e-05  5.719e-04 [1/cm3]
Rank=1: 220819 sources.
Rank=1: Copied source data to device.
Rank=1: Doing Raytracing...
Rank=2: 220819 sources.
Rank=2: Copied source data to device.
Rank=2: Doing Raytracing...

---- Reading source file with total of 883279 ionizing source:
CDM_100Mpc_2048.00070.halo.txt
 Total Flux : 9.655519e+56 [1/s]
 Total number of ionizing photons : 1.601979e+71
 Source lifetime : 205.781478 Myr
 min, max stellar (grid) mass : 1.214e+04  5.925e+09 [Msun] and min, mean, max number of ionising sources : 4.445e+48  1.093e+51  2.169e+54 [1/s]

--- Reionization History ----
 min, mean, max xHII : 9.99798e-01  9.99973e-01  9.99999e-01
 min, mean, max Irate : 5.03670e-14  2.48603e-13  1.26812e-11 [1/s]
 min, mean, max density : 5.00000e-06  2.52868e-05  5.71877e-04 [1/cm3]
Rank=3: 220822 sources.
Rank=3: Copied source data to device.
Rank=3: Doing Raytracing...
Mean-free-path for photons at z = 6.393 (Worseck+ 2014): 1.638e+01 cMpc
This corresponds to 16.377 grid cells.
Rank=0: 220819 sources.
Rank=0: Copied source data to device.
Calling evolve3D...
dr [Mpc]: 1.352e-01
dt [years]: 5.257e+06
Running on 220819 source(s), total normalized ionizing flux: 9.66e+08
Mean density (cgs): 2.347e-05, Mean ionized fraction: 1.000e+00
Convergence Criterion (Number of points):  100

Rank=0: Doing Raytracing...
took 0.66s.
took 0.66s.
took 0.65s.
took 0.66s.
Doing Chemistry...
took  0.1 s.
Number of non-converged points: 0 of 1000000 ( 0.000 % ), Relative change in ionfrac:  1.00e+00
Multiple source convergence reached after 1 ray-tracing iterations.
Mean-free-path for photons at z = 6.363 (Worseck+ 2014): 1.661e+01 cMpc
This corresponds to 16.611 grid cells.
Rank=3: 220822 sources.
Rank=1: 220819 sources.
Rank=0: 220819 sources.
Rank=3: Copied source data to device.
Rank=1: Copied source data to device.
Rank=0: Copied source data to device.
Rank=2: 220819 sources.
Rank=2: Copied source data to device.
Rank=3: Doing Raytracing...
Rank=1: Doing Raytracing...
Calling evolve3D...
dr [Mpc]: 1.358e-01
dt [years]: 5.257e+06
Running on 220819 source(s), total normalized ionizing flux: 9.66e+08
Mean density (cgs): 2.319e-05, Mean ionized fraction: 1.000e+00
Convergence Criterion (Number of points):  100

Rank=0: Doing Raytracing...
Rank=2: Doing Raytracing...
took 0.67s.
took 0.67s.
took 0.67s.
took 0.68s.
Doing Chemistry...
took  0.1 s.
Number of non-converged points: 0 of 1000000 ( 0.000 % ), Relative change in ionfrac:  1.00e+00
Multiple source convergence reached after 1 ray-tracing iterations.

---- Reading density file:
  /capstor/scratch/cscs/cprior/CDM_100Mpc_2048/grids/nc100/CDM_100Mpc_2048.00071.ovrden.npy
 min, mean and max density : 5.000e-06  2.465e-05  5.699e-04 [1/cm3]
Rank=1: 221431 sources.
Rank=1: Copied source data to device.
Rank=1: Doing Raytracing...
Rank=2: 221431 sources.
Rank=2: Copied source data to device.
Rank=2: Doing Raytracing...

---- Reading source file with total of 885726 ionizing source:
CDM_100Mpc_2048.00071.halo.txt
 Total Flux : 9.774882e+56 [1/s]
 Total number of ionizing photons : 1.656593e+71
 Source lifetime : 210.179567 Myr
 min, max stellar (grid) mass : 1.214e+04  4.004e+09 [Msun] and min, mean, max number of ionising sources : 4.352e+48  1.104e+51  1.435e+54 [1/s]

--- Reionization History ----
 min, mean, max xHII : 9.99805e-01  9.99974e-01  9.99999e-01
 min, mean, max Irate : 5.55936e-14  2.55698e-13  1.88297e-11 [1/s]
 min, mean, max density : 5.00000e-06  2.46516e-05  5.69947e-04 [1/cm3]
Mean-free-path for photons at z = 6.333 (Worseck+ 2014): 1.685e+01 cMpc
This corresponds to 16.854 grid cells.
Rank=0: 221431 sources.
Rank=0: Copied source data to device.
Calling evolve3D...
dr [Mpc]: 1.364e-01
dt [years]: 5.370e+06
Running on 221431 source(s), total normalized ionizing flux: 9.77e+08
Mean density (cgs): 2.290e-05, Mean ionized fraction: 1.000e+00
Convergence Criterion (Number of points):  100

Rank=0: Doing Raytracing...
Rank=3: 221433 sources.
Rank=3: Copied source data to device.
Rank=3: Doing Raytracing...
took 0.72s.
took 0.72s.
took 0.72s.
took 0.71s.
Doing Chemistry...
took  0.1 s.
Number of non-converged points: 0 of 1000000 ( 0.000 % ), Relative change in ionfrac:  1.00e+00
Multiple source convergence reached after 1 ray-tracing iterations.
Mean-free-path for photons at z = 6.303 (Worseck+ 2014): 1.711e+01 cMpc
This corresponds to 17.108 grid cells.
Rank=1: 221431 sources.
Rank=3: 221433 sources.
Rank=1: Copied source data to device.
Rank=3: Copied source data to device.
Rank=0: 221431 sources.
Rank=0: Copied source data to device.
Rank=2: 221431 sources.
Rank=2: Copied source data to device.
Rank=1: Doing Raytracing...
Rank=3: Doing Raytracing...
Calling evolve3D...
dr [Mpc]: 1.369e-01
dt [years]: 5.370e+06
Running on 221431 source(s), total normalized ionizing flux: 9.77e+08
Mean density (cgs): 2.262e-05, Mean ionized fraction: 1.000e+00
Convergence Criterion (Number of points):  100

Rank=0: Doing Raytracing...
Rank=2: Doing Raytracing...
took 0.73s.
took 0.73s.
took 0.74s.
took 0.74s.
Doing Chemistry...
took  0.1 s.
Number of non-converged points: 0 of 1000000 ( 0.000 % ), Relative change in ionfrac:  1.00e+00
Multiple source convergence reached after 1 ray-tracing iterations.

---- Reading density file:
  /capstor/scratch/cscs/cprior/CDM_100Mpc_2048/grids/nc100/CDM_100Mpc_2048.00072.ovrden.npy
 min, mean and max density : 5.000e-06  2.403e-05  5.691e-04 [1/cm3]
Rank=1: 222060 sources.
Rank=1: Copied source data to device.
Rank=1: Doing Raytracing...
Rank=2: 222060 sources.
Rank=2: Copied source data to device.
Rank=2: Doing Raytracing...

---- Reading source file with total of 888242 ionizing source:
CDM_100Mpc_2048.00072.halo.txt
 Total Flux : 9.894031e+56 [1/s]
 Total number of ionizing photons : 1.658991e+71
 Source lifetime : 214.710120 Myr
 min, max stellar (grid) mass : 1.214e+04  6.311e+09 [Msun] and min, mean, max number of ionising sources : 4.260e+48  1.114e+51  2.215e+54 [1/s]

--- Reionization History ----
 min, mean, max xHII : 9.99811e-01  9.99976e-01  9.99999e-01
 min, mean, max Irate : 6.02957e-14  2.61888e-13  1.29765e-11 [1/s]
 min, mean, max density : 5.00000e-06  2.40271e-05  5.69094e-04 [1/cm3]
Mean-free-path for photons at z = 6.273 (Worseck+ 2014): 1.737e+01 cMpc
This corresponds to 17.368 grid cells.
Rank=0: 222060 sources.
Rank=0: Copied source data to device.
Calling evolve3D...
dr [Mpc]: 1.375e-01
dt [years]: 5.313e+06
Running on 222060 source(s), total normalized ionizing flux: 9.89e+08
Mean density (cgs): 2.234e-05, Mean ionized fraction: 1.000e+00
Convergence Criterion (Number of points):  100

Rank=0: Doing Raytracing...
Rank=3: 222062 sources.
Rank=3: Copied source data to device.
Rank=3: Doing Raytracing...
took 0.77s.
took 0.77s.
took 0.77s.
took 0.77s.
Doing Chemistry...
took  0.1 s.
Number of non-converged points: 0 of 1000000 ( 0.000 % ), Relative change in ionfrac:  1.00e+00
Multiple source convergence reached after 1 ray-tracing iterations.
Mean-free-path for photons at z = 6.244 (Worseck+ 2014): 1.764e+01 cMpc
This corresponds to 17.635 grid cells.
Rank=1: 222060 sources.
Rank=3: 222062 sources.
Rank=2: 222060 sources.
Rank=1: Copied source data to device.
Rank=3: Copied source data to device.
Rank=0: 222060 sources.
Rank=2: Copied source data to device.
Rank=0: Copied source data to device.
Rank=1: Doing Raytracing...
Rank=3: Doing Raytracing...
Rank=2: Doing Raytracing...
Calling evolve3D...
dr [Mpc]: 1.380e-01
dt [years]: 5.313e+06
Running on 222060 source(s), total normalized ionizing flux: 9.89e+08
Mean density (cgs): 2.208e-05, Mean ionized fraction: 1.000e+00
Convergence Criterion (Number of points):  100

Rank=0: Doing Raytracing...
took 0.82s.
took 0.82s.
took 0.82s.
took 0.82s.
Doing Chemistry...
took  0.1 s.
Number of non-converged points: 0 of 1000000 ( 0.000 % ), Relative change in ionfrac:  1.00e+00
Multiple source convergence reached after 1 ray-tracing iterations.

---- Reading density file:
  /capstor/scratch/cscs/cprior/CDM_100Mpc_2048/grids/nc100/CDM_100Mpc_2048.00073.ovrden.npy
 min, mean and max density : 5.000e-06  2.343e-05  5.622e-04 [1/cm3]
Rank=1: 222625 sources.
Rank=1: Copied source data to device.
Rank=1: Doing Raytracing...
Rank=2: 222625 sources.
Rank=2: Copied source data to device.
Rank=2: Doing Raytracing...

---- Reading source file with total of 890501 ionizing source:
CDM_100Mpc_2048.00073.halo.txt
 Total Flux : 1.001490e+57 [1/s]
 Total number of ionizing photons : 1.658881e+71
 Source lifetime : 219.230282 Myr
 min, max stellar (grid) mass : 1.214e+04  6.509e+09 [Msun] and min, mean, max number of ionising sources : 4.172e+48  1.125e+51  2.237e+54 [1/s]

--- Reionization History ----
 min, mean, max xHII : 9.99817e-01  9.99977e-01  9.99999e-01
 min, mean, max Irate : 6.54874e-14  2.69553e-13  1.86437e-11 [1/s]
 min, mean, max density : 5.00000e-06  2.34323e-05  5.62199e-04 [1/cm3]
Mean-free-path for photons at z = 6.215 (Worseck+ 2014): 1.791e+01 cMpc
This corresponds to 17.909 grid cells.
Rank=0: 222625 sources.
Rank=0: Copied source data to device.
Calling evolve3D...
dr [Mpc]: 1.386e-01
dt [years]: 5.249e+06
Running on 222625 source(s), total normalized ionizing flux: 1.00e+09
Mean density (cgs): 2.181e-05, Mean ionized fraction: 1.000e+00
Convergence Criterion (Number of points):  100

Rank=0: Doing Raytracing...
Rank=3: 222626 sources.
Rank=3: Copied source data to device.
Rank=3: Doing Raytracing...
took 0.84s.
took 0.84s.
took 0.84s.
took 0.84s.
Doing Chemistry...
took  0.1 s.
Number of non-converged points: 0 of 1000000 ( 0.000 % ), Relative change in ionfrac:  1.00e+00
Multiple source convergence reached after 1 ray-tracing iterations.
Mean-free-path for photons at z = 6.186 (Worseck+ 2014): 1.819e+01 cMpc
This corresponds to 18.189 grid cells.
Rank=3: 222626 sources.
Rank=1: 222625 sources.
Rank=3: Copied source data to device.
Rank=2: 222625 sources.
Rank=0: 222625 sources.
Rank=1: Copied source data to device.
Rank=0: Copied source data to device.
Rank=2: Copied source data to device.
Rank=3: Doing Raytracing...
Rank=1: Doing Raytracing...
Calling evolve3D...
dr [Mpc]: 1.391e-01
dt [years]: 5.249e+06
Running on 222625 source(s), total normalized ionizing flux: 1.00e+09
Mean density (cgs): 2.156e-05, Mean ionized fraction: 1.000e+00
Convergence Criterion (Number of points):  100

Rank=0: Doing Raytracing...
Rank=2: Doing Raytracing...
took 0.88s.
took 0.88s.
took 0.88s.
took 0.88s.
Doing Chemistry...
took  0.1 s.
Number of non-converged points: 0 of 1000000 ( 0.000 % ), Relative change in ionfrac:  1.00e+00
Multiple source convergence reached after 1 ray-tracing iterations.

---- Reading density file:
  /capstor/scratch/cscs/cprior/CDM_100Mpc_2048/grids/nc100/CDM_100Mpc_2048.00074.ovrden.npy
 min, mean and max density : 5.000e-06  2.287e-05  5.547e-04 [1/cm3]
Rank=1: 223211 sources.
Rank=1: Copied source data to device.
Rank=1: Doing Raytracing...
Rank=2: 223211 sources.
Rank=2: Copied source data to device.
Rank=2: Doing Raytracing...

---- Reading source file with total of 892844 ionizing source:
CDM_100Mpc_2048.00074.halo.txt
 Total Flux : 1.012860e+57 [1/s]
 Total number of ionizing photons : 1.712307e+71
 Source lifetime : 223.732236 Myr
 min, max stellar (grid) mass : 1.214e+04  6.787e+09 [Msun] and min, mean, max number of ionising sources : 4.089e+48  1.134e+51  2.286e+54 [1/s]

--- Reionization History ----
 min, mean, max xHII : 9.99822e-01  9.99978e-01  9.99999e-01
 min, mean, max Irate : 7.15029e-14  2.77347e-13  1.85719e-11 [1/s]
 min, mean, max density : 5.00000e-06  2.28661e-05  5.54748e-04 [1/cm3]
Mean-free-path for photons at z = 6.158 (Worseck+ 2014): 1.848e+01 cMpc
This corresponds to 18.480 grid cells.
Rank=0: 223211 sources.
Rank=0: Copied source data to device.
Calling evolve3D...
dr [Mpc]: 1.397e-01
dt [years]: 5.357e+06
Running on 223211 source(s), total normalized ionizing flux: 1.01e+09
Mean density (cgs): 2.130e-05, Mean ionized fraction: 1.000e+00
Convergence Criterion (Number of points):  100

Rank=0: Doing Raytracing...
Rank=3: 223211 sources.
Rank=3: Copied source data to device.
Rank=3: Doing Raytracing...
took 0.92s.
took 0.93s.
took 0.92s.
took 0.92s.
Doing Chemistry...
took  0.1 s.
Number of non-converged points: 0 of 1000000 ( 0.000 % ), Relative change in ionfrac:  1.00e+00
Multiple source convergence reached after 1 ray-tracing iterations.
Mean-free-path for photons at z = 6.129 (Worseck+ 2014): 1.878e+01 cMpc
This corresponds to 18.783 grid cells.
Rank=1: 223211 sources.
Rank=3: 223211 sources.
Rank=1: Copied source data to device.
Rank=0: 223211 sources.
Rank=2: 223211 sources.
Rank=3: Copied source data to device.
Rank=0: Copied source data to device.
Rank=2: Copied source data to device.
Rank=1: Doing Raytracing...
Rank=3: Doing Raytracing...
Calling evolve3D...
dr [Mpc]: 1.402e-01
dt [years]: 5.357e+06
Running on 223211 source(s), total normalized ionizing flux: 1.01e+09
Mean density (cgs): 2.105e-05, Mean ionized fraction: 1.000e+00
Convergence Criterion (Number of points):  100

Rank=0: Doing Raytracing...
Rank=2: Doing Raytracing...
took 0.97s.
took 0.97s.
took 0.97s.
took 0.97s.
Doing Chemistry...
took  0.1 s.
Number of non-converged points: 0 of 1000000 ( 0.000 % ), Relative change in ionfrac:  1.00e+00
Multiple source convergence reached after 1 ray-tracing iterations.

---- Reading density file:
  /capstor/scratch/cscs/cprior/CDM_100Mpc_2048/grids/nc100/CDM_100Mpc_2048.00075.ovrden.npy
 min, mean and max density : 5.000e-06  2.231e-05  5.577e-04 [1/cm3]
Rank=1: 223765 sources.
Rank=1: Copied source data to device.
Rank=1: Doing Raytracing...
Rank=2: 223765 sources.
Rank=2: Copied source data to device.
Rank=2: Doing Raytracing...

---- Reading source file with total of 895063 ionizing source:
CDM_100Mpc_2048.00075.halo.txt
 Total Flux : 1.023557e+57 [1/s]
 Total number of ionizing photons : 1.706897e+71
 Source lifetime : 228.364409 Myr
 min, max stellar (grid) mass : 1.214e+04  7.136e+09 [Msun] and min, mean, max number of ionising sources : 4.006e+48  1.144e+51  2.354e+54 [1/s]

--- Reionization History ----
 min, mean, max xHII : 9.99826e-01  9.99979e-01  9.99999e-01
 min, mean, max Irate : 7.86801e-14  2.84623e-13  1.86659e-11 [1/s]
 min, mean, max density : 5.00000e-06  2.23091e-05  5.57680e-04 [1/cm3]
Mean-free-path for photons at z = 6.101 (Worseck+ 2014): 1.909e+01 cMpc
This corresponds to 19.094 grid cells.
Rank=0: 223765 sources.
Rank=0: Copied source data to device.
Calling evolve3D...
dr [Mpc]: 1.408e-01
dt [years]: 5.284e+06
Running on 223765 source(s), total normalized ionizing flux: 1.02e+09
Mean density (cgs): 2.080e-05, Mean ionized fraction: 1.000e+00
Convergence Criterion (Number of points):  100

Rank=0: Doing Raytracing...
Rank=3: 223768 sources.
Rank=3: Copied source data to device.
Rank=3: Doing Raytracing...
took 1.02s.
took 1.02s.
took 1.02s.
took 1.02s.
Doing Chemistry...
took  0.1 s.
Number of non-converged points: 0 of 1000000 ( 0.000 % ), Relative change in ionfrac:  1.00e+00
Multiple source convergence reached after 1 ray-tracing iterations.
Mean-free-path for photons at z = 6.074 (Worseck+ 2014): 1.941e+01 cMpc
This corresponds to 19.411 grid cells.
Rank=0: 223765 sources.
Rank=3: 223768 sources.
Rank=2: 223765 sources.
Rank=0: Copied source data to device.
Rank=3: Copied source data to device.
Rank=2: Copied source data to device.
Rank=1: 223765 sources.
Rank=1: Copied source data to device.
Calling evolve3D...
dr [Mpc]: 1.413e-01
dt [years]: 5.284e+06
Running on 223765 source(s), total normalized ionizing flux: 1.02e+09
Mean density (cgs): 2.056e-05, Mean ionized fraction: 1.000e+00
Convergence Criterion (Number of points):  100

Rank=0: Doing Raytracing...
Rank=3: Doing Raytracing...
Rank=2: Doing Raytracing...
Rank=1: Doing Raytracing...
took 1.06s.
took 1.06s.
took 1.06s.
took 1.06s.
Doing Chemistry...
took  0.1 s.
Number of non-converged points: 0 of 1000000 ( 0.000 % ), Relative change in ionfrac:  1.00e+00
Multiple source convergence reached after 1 ray-tracing iterations.

---- Reading density file:
  /capstor/scratch/cscs/cprior/CDM_100Mpc_2048/grids/nc100/CDM_100Mpc_2048.00076.ovrden.npy
 min, mean and max density : 5.000e-06  2.178e-05  5.612e-04 [1/cm3]
Rank=1: 224257 sources.
Rank=1: Copied source data to device.
Rank=1: Doing Raytracing...
Rank=2: 224257 sources.
Rank=2: Copied source data to device.
Rank=2: Doing Raytracing...

---- Reading source file with total of 897029 ionizing source:
CDM_100Mpc_2048.00076.halo.txt
 Total Flux : 1.034700e+57 [1/s]
 Total number of ionizing photons : 1.729769e+71
 Source lifetime : 232.970535 Myr
 min, max stellar (grid) mass : 1.214e+04  7.237e+09 [Msun] and min, mean, max number of ionising sources : 3.926e+48  1.153e+51  2.340e+54 [1/s]

--- Reionization History ----
 min, mean, max xHII : 9.99831e-01  9.99981e-01  9.99999e-01
 min, mean, max Irate : 8.59258e-14  2.93291e-13  1.86590e-11 [1/s]
 min, mean, max density : 5.00000e-06  2.17794e-05  5.61191e-04 [1/cm3]
Mean-free-path for photons at z = 6.047 (Worseck+ 2014): 1.974e+01 cMpc
This corresponds to 19.738 grid cells.
Rank=0: 224257 sources.
Rank=0: Copied source data to device.
Calling evolve3D...
dr [Mpc]: 1.419e-01
dt [years]: 5.297e+06
Running on 224257 source(s), total normalized ionizing flux: 1.03e+09
Mean density (cgs): 2.032e-05, Mean ionized fraction: 1.000e+00
Convergence Criterion (Number of points):  100

Rank=0: Doing Raytracing...
Rank=3: 224258 sources.
Rank=3: Copied source data to device.
Rank=3: Doing Raytracing...
took 1.14s.
took 1.14s.
took 1.14s.
took 1.14s.
Doing Chemistry...
took  0.1 s.
Number of non-converged points: 0 of 1000000 ( 0.000 % ), Relative change in ionfrac:  1.00e+00
Multiple source convergence reached after 1 ray-tracing iterations.
Mean-free-path for photons at z = 6.020 (Worseck+ 2014): 2.008e+01 cMpc
This corresponds to 20.075 grid cells.
Rank=2: 224257 sources.
Rank=3: 224258 sources.
Rank=1: 224257 sources.
Rank=2: Copied source data to device.
Rank=3: Copied source data to device.
Rank=0: 224257 sources.
Rank=1: Copied source data to device.
Rank=0: Copied source data to device.
Rank=3: Doing Raytracing...
Rank=1: Doing Raytracing...
Rank=2: Doing Raytracing...
Calling evolve3D...
dr [Mpc]: 1.424e-01
dt [years]: 5.297e+06
Running on 224257 source(s), total normalized ionizing flux: 1.03e+09
Mean density (cgs): 2.009e-05, Mean ionized fraction: 1.000e+00
Convergence Criterion (Number of points):  100

Rank=0: Doing Raytracing...
took 1.17s.
took 1.17s.
took 1.17s.
took 1.18s.
Doing Chemistry...
took  0.1 s.
Number of non-converged points: 0 of 1000000 ( 0.000 % ), Relative change in ionfrac:  1.00e+00
Multiple source convergence reached after 1 ray-tracing iterations.

---- Reading density file:
  /capstor/scratch/cscs/cprior/CDM_100Mpc_2048/grids/nc100/CDM_100Mpc_2048.00077.ovrden.npy
 min, mean and max density : 5.000e-06  2.127e-05  5.627e-04 [1/cm3]
Rank=1: 224742 sources.
Rank=1: Copied source data to device.
Rank=1: Doing Raytracing...

---- Reading source file with total of 898969 ionizing source:
CDM_100Mpc_2048.00077.halo.txt
 Total Flux : 1.045126e+57 [1/s]
 Total number of ionizing photons : 1.750667e+71
 Source lifetime : 237.624686 Myr
 min, max stellar (grid) mass : 1.214e+04  9.871e+09 [Msun] and min, mean, max number of ionising sources : 3.849e+48  1.163e+51  3.130e+54 [1/s]

--- Reionization History ----
 min, mean, max xHII : 9.99838e-01  9.99982e-01  9.99999e-01
 min, mean, max Irate : 9.33524e-14  3.02067e-13  1.85696e-11 [1/s]
 min, mean, max density : 5.00000e-06  2.12670e-05  5.62721e-04 [1/cm3]
Rank=2: 224742 sources.
Rank=2: Copied source data to device.
Rank=2: Doing Raytracing...
Mean-free-path for photons at z = 5.993 (Worseck+ 2014): 2.042e+01 cMpc
This corresponds to 20.423 grid cells.
Rank=0: 224742 sources.
Rank=0: Copied source data to device.
Calling evolve3D...
dr [Mpc]: 1.430e-01
dt [years]: 5.308e+06
Running on 224742 source(s), total normalized ionizing flux: 1.05e+09
Mean density (cgs): 1.986e-05, Mean ionized fraction: 1.000e+00
Convergence Criterion (Number of points):  100

Rank=0: Doing Raytracing...
Rank=3: 224743 sources.
Rank=3: Copied source data to device.
Rank=3: Doing Raytracing...
took 1.25s.
took 1.25s.
took 1.25s.
took 1.25s.
Doing Chemistry...
took  0.1 s.
Number of non-converged points: 0 of 1000000 ( 0.000 % ), Relative change in ionfrac:  1.00e+00
Multiple source convergence reached after 1 ray-tracing iterations.
Mean-free-path for photons at z = 5.966 (Worseck+ 2014): 2.078e+01 cMpc
This corresponds to 20.780 grid cells.
Rank=1: 224742 sources.
Rank=3: 224743 sources.
Rank=1: Copied source data to device.
Rank=2: 224742 sources.
Rank=0: 224742 sources.
Rank=3: Copied source data to device.
Rank=2: Copied source data to device.
Rank=0: Copied source data to device.
Rank=1: Doing Raytracing...
Rank=3: Doing Raytracing...
Rank=2: Doing Raytracing...
Calling evolve3D...
dr [Mpc]: 1.435e-01
dt [years]: 5.308e+06
Running on 224742 source(s), total normalized ionizing flux: 1.05e+09
Mean density (cgs): 1.964e-05, Mean ionized fraction: 1.000e+00
Convergence Criterion (Number of points):  100

Rank=0: Doing Raytracing...
took 1.28s.
took 1.28s.
took 1.28s.
took 1.29s.
Doing Chemistry...
took  0.1 s.
Number of non-converged points: 0 of 1000000 ( 0.000 % ), Relative change in ionfrac:  1.00e+00
Multiple source convergence reached after 1 ray-tracing iterations.

---- Reading density file:
  /capstor/scratch/cscs/cprior/CDM_100Mpc_2048/grids/nc100/CDM_100Mpc_2048.00078.ovrden.npy
 min, mean and max density : 5.000e-06  2.077e-05  5.713e-04 [1/cm3]
Rank=1: 225165 sources.
Rank=1: Copied source data to device.
Rank=1: Doing Raytracing...
Rank=2: 225165 sources.
Rank=2: Copied source data to device.
Rank=2: Doing Raytracing...

---- Reading source file with total of 900663 ionizing source:
CDM_100Mpc_2048.00078.halo.txt
 Total Flux : 1.054601e+57 [1/s]
 Total number of ionizing photons : 1.769133e+71
 Source lifetime : 242.324652 Myr
 min, max stellar (grid) mass : 1.214e+04  7.499e+09 [Msun] and min, mean, max number of ionising sources : 3.775e+48  1.171e+51  2.332e+54 [1/s]

--- Reionization History ----
 min, mean, max xHII : 9.99844e-01  9.99983e-01  1.00000e+00
 min, mean, max Irate : 1.01969e-13  3.11096e-13  2.39407e-11 [1/s]
 min, mean, max density : 5.00000e-06  2.07715e-05  5.71295e-04 [1/cm3]
Mean-free-path for photons at z = 5.940 (Worseck+ 2014): 2.115e+01 cMpc
This corresponds to 21.149 grid cells.
Rank=0: 225165 sources.
Rank=0: Copied source data to device.
Calling evolve3D...
dr [Mpc]: 1.441e-01
dt [years]: 5.316e+06
Running on 225165 source(s), total normalized ionizing flux: 1.05e+09
Mean density (cgs): 1.941e-05, Mean ionized fraction: 1.000e+00
Convergence Criterion (Number of points):  100

Rank=0: Doing Raytracing...
Rank=3: 225168 sources.
Rank=3: Copied source data to device.
Rank=3: Doing Raytracing...
took 1.37s.
took 1.37s.
took 1.37s.
took 1.37s.
Doing Chemistry...
took  0.1 s.
Number of non-converged points: 0 of 1000000 ( 0.000 % ), Relative change in ionfrac:  1.00e+00
Multiple source convergence reached after 1 ray-tracing iterations.
Mean-free-path for photons at z = 5.914 (Worseck+ 2014): 2.153e+01 cMpc
This corresponds to 21.528 grid cells.
Rank=0: 225165 sources.
Rank=1: 225165 sources.
Rank=0: Copied source data to device.
Rank=3: 225168 sources.
Rank=1: Copied source data to device.
Rank=2: 225165 sources.
Rank=3: Copied source data to device.
Rank=2: Copied source data to device.
Calling evolve3D...
dr [Mpc]: 1.446e-01
dt [years]: 5.316e+06
Running on 225165 source(s), total normalized ionizing flux: 1.05e+09
Mean density (cgs): 1.920e-05, Mean ionized fraction: 1.000e+00
Convergence Criterion (Number of points):  100

Rank=0: Doing Raytracing...
Rank=1: Doing Raytracing...
Rank=3: Doing Raytracing...
Rank=2: Doing Raytracing...
took 1.46s.
took 1.46s.
took 1.46s.
took 1.46s.
Doing Chemistry...
took  0.1 s.
Number of non-converged points: 0 of 1000000 ( 0.000 % ), Relative change in ionfrac:  1.00e+00
Multiple source convergence reached after 1 ray-tracing iterations.

---- Reading density file:
  /capstor/scratch/cscs/cprior/CDM_100Mpc_2048/grids/nc100/CDM_100Mpc_2048.00079.ovrden.npy
 min, mean and max density : 5.000e-06  2.029e-05  5.807e-04 [1/cm3]
Rank=2: 225604 sources.
Rank=2: Copied source data to device.
Rank=2: Doing Raytracing...

---- Reading source file with total of 902417 ionizing source:
CDM_100Mpc_2048.00079.halo.txt
 Total Flux : 1.064781e+57 [1/s]
 Total number of ionizing photons : 1.787877e+71
 Source lifetime : 247.068055 Myr
 min, max stellar (grid) mass : 1.214e+04  1.066e+10 [Msun] and min, mean, max number of ionising sources : 3.702e+48  1.180e+51  3.252e+54 [1/s]

--- Reionization History ----
 min, mean, max xHII : 9.99850e-01  9.99984e-01  1.00000e+00
 min, mean, max Irate : 1.11021e-13  3.20827e-13  1.80270e-11 [1/s]
 min, mean, max density : 5.00000e-06  2.02925e-05  5.80737e-04 [1/cm3]
Mean-free-path for photons at z = 5.888 (Worseck+ 2014): 2.192e+01 cMpc
This corresponds to 21.919 grid cells.
Rank=0: 225604 sources.
Rank=0: Copied source data to device.
Calling evolve3D...
dr [Mpc]: 1.452e-01
dt [years]: 5.321e+06
Running on 225604 source(s), total normalized ionizing flux: 1.06e+09
Mean density (cgs): 1.898e-05, Mean ionized fraction: 1.000e+00
Convergence Criterion (Number of points):  100

Rank=0: Doing Raytracing...
Rank=1: 225604 sources.
Rank=1: Copied source data to device.
Rank=1: Doing Raytracing...
Rank=3: 225605 sources.
Rank=3: Copied source data to device.
Rank=3: Doing Raytracing...
took 1.50s.
took 1.50s.
took 1.50s.
took 1.50s.
Doing Chemistry...
took  0.1 s.
Number of non-converged points: 0 of 1000000 ( 0.000 % ), Relative change in ionfrac:  1.00e+00
Multiple source convergence reached after 1 ray-tracing iterations.
Mean-free-path for photons at z = 5.862 (Worseck+ 2014): 2.232e+01 cMpc
This corresponds to 22.320 grid cells.
Rank=3: 225605 sources.
Rank=1: 225604 sources.
Rank=0: 225604 sources.
Rank=3: Copied source data to device.
Rank=2: 225604 sources.
Rank=1: Copied source data to device.
Rank=0: Copied source data to device.
Rank=2: Copied source data to device.
Rank=3: Doing Raytracing...
Rank=1: Doing Raytracing...
Calling evolve3D...
dr [Mpc]: 1.457e-01
dt [years]: 5.321e+06
Running on 225604 source(s), total normalized ionizing flux: 1.06e+09
Mean density (cgs): 1.877e-05, Mean ionized fraction: 1.000e+00
Convergence Criterion (Number of points):  100

Rank=0: Doing Raytracing...
Rank=2: Doing Raytracing...
took 1.60s.
took 1.61s.
took 1.61s.
took 1.61s.
Doing Chemistry...
took  0.1 s.
Number of non-converged points: 0 of 1000000 ( 0.000 % ), Relative change in ionfrac:  1.00e+00
Multiple source convergence reached after 1 ray-tracing iterations.

---- Reading density file:
  /capstor/scratch/cscs/cprior/CDM_100Mpc_2048/grids/nc100/CDM_100Mpc_2048.00080.ovrden.npy
 min, mean and max density : 5.000e-06  1.983e-05  5.848e-04 [1/cm3]
Rank=1: 226015 sources.
Rank=1: Copied source data to device.
Rank=1: Doing Raytracing...
Rank=2: 226015 sources.
Rank=2: Copied source data to device.
Rank=2: Doing Raytracing...

---- Reading source file with total of 904060 ionizing source:
CDM_100Mpc_2048.00080.halo.txt
 Total Flux : 1.074581e+57 [1/s]
 Total number of ionizing photons : 1.805021e+71
 Source lifetime : 251.852349 Myr
 min, max stellar (grid) mass : 1.214e+04  1.136e+10 [Msun] and min, mean, max number of ionising sources : 3.632e+48  1.189e+51  3.397e+54 [1/s]

--- Reionization History ----
 min, mean, max xHII : 9.99856e-01  9.99985e-01  1.00000e+00
 min, mean, max Irate : 1.20687e-13  3.31128e-13  2.41437e-11 [1/s]
 min, mean, max density : 5.00000e-06  1.98294e-05  5.84794e-04 [1/cm3]
Mean-free-path for photons at z = 5.837 (Worseck+ 2014): 2.273e+01 cMpc
This corresponds to 22.733 grid cells.
Rank=0: 226015 sources.
Rank=0: Copied source data to device.
Calling evolve3D...
dr [Mpc]: 1.463e-01
dt [years]: 5.323e+06
Running on 226015 source(s), total normalized ionizing flux: 1.07e+09
Mean density (cgs): 1.856e-05, Mean ionized fraction: 1.000e+00
Convergence Criterion (Number of points):  100

Rank=0: Doing Raytracing...
Rank=3: 226015 sources.
Rank=3: Copied source data to device.
Rank=3: Doing Raytracing...
took 1.70s.
took 1.70s.
took 1.70s.
took 1.70s.
Doing Chemistry...
took  0.1 s.
Number of non-converged points: 0 of 1000000 ( 0.000 % ), Relative change in ionfrac:  1.00e+00
Multiple source convergence reached after 1 ray-tracing iterations.
Mean-free-path for photons at z = 5.812 (Worseck+ 2014): 2.316e+01 cMpc
This corresponds to 23.158 grid cells.
Rank=3: 226015 sources.
Rank=1: 226015 sources.
Rank=3: Copied source data to device.
Rank=1: Copied source data to device.
Rank=0: 226015 sources.
Rank=3: Doing Raytracing...
Rank=0: Copied source data to device.
Rank=2: 226015 sources.
Rank=1: Doing Raytracing...
Rank=2: Copied source data to device.
Calling evolve3D...
dr [Mpc]: 1.468e-01
dt [years]: 5.323e+06
Running on 226015 source(s), total normalized ionizing flux: 1.07e+09
Mean density (cgs): 1.836e-05, Mean ionized fraction: 1.000e+00
Convergence Criterion (Number of points):  100

Rank=0: Doing Raytracing...
Rank=2: Doing Raytracing...
took 1.79s.
took 1.79s.
took 1.79s.
took 1.80s.
Doing Chemistry...
took  0.1 s.
Number of non-converged points: 0 of 1000000 ( 0.000 % ), Relative change in ionfrac:  1.00e+00
Multiple source convergence reached after 1 ray-tracing iterations.

---- Reading density file:
  /capstor/scratch/cscs/cprior/CDM_100Mpc_2048/grids/nc100/CDM_100Mpc_2048.00081.ovrden.npy
 min, mean and max density : 5.000e-06  1.938e-05  5.859e-04 [1/cm3]
Rank=1: 226396 sources.
Rank=1: Copied source data to device.
Rank=1: Doing Raytracing...

---- Reading source file with total of 905586 ionizing source:
CDM_100Mpc_2048.00081.halo.txt
 Total Flux : 1.084277e+57 [1/s]
 Total number of ionizing photons : 1.820960e+71
 Source lifetime : 256.674816 Myr
 min, max stellar (grid) mass : 1.214e+04  1.279e+10 [Msun] and min, mean, max number of ionising sources : 3.564e+48  1.197e+51  3.753e+54 [1/s]

--- Reionization History ----
 min, mean, max xHII : 9.99862e-01  9.99985e-01  1.00000e+00
 min, mean, max Irate : 1.26928e-13  3.41591e-13  2.49997e-11 [1/s]
 min, mean, max density : 5.00000e-06  1.93818e-05  5.85871e-04 [1/cm3]
Mean-free-path for photons at z = 5.787 (Worseck+ 2014): 2.360e+01 cMpc
This corresponds to 23.595 grid cells.
Rank=0: 226396 sources.
Rank=0: Copied source data to device.
Calling evolve3D...
dr [Mpc]: 1.473e-01
dt [years]: 5.322e+06
Running on 226396 source(s), total normalized ionizing flux: 1.08e+09
Mean density (cgs): 1.816e-05, Mean ionized fraction: 1.000e+00
Convergence Criterion (Number of points):  100

Rank=0: Doing Raytracing...
Rank=2: 226396 sources.
Rank=2: Copied source data to device.
Rank=2: Doing Raytracing...
Rank=3: 226398 sources.
Rank=3: Copied source data to device.
Rank=3: Doing Raytracing...
took 1.86s.
took 1.87s.
took 1.87s.
took 1.86s.
Doing Chemistry...
took  0.1 s.
Number of non-converged points: 0 of 1000000 ( 0.000 % ), Relative change in ionfrac:  1.00e+00
Multiple source convergence reached after 1 ray-tracing iterations.
Mean-free-path for photons at z = 5.762 (Worseck+ 2014): 2.404e+01 cMpc
This corresponds to 24.044 grid cells.
Rank=1: 226396 sources.
Rank=3: 226398 sources.
Rank=2: 226396 sources.
Rank=1: Copied source data to device.
Rank=3: Copied source data to device.
Rank=0: 226396 sources.
Rank=2: Copied source data to device.
Rank=0: Copied source data to device.
Rank=1: Doing Raytracing...
Rank=3: Doing Raytracing...
Rank=2: Doing Raytracing...
Calling evolve3D...
dr [Mpc]: 1.479e-01
dt [years]: 5.322e+06
Running on 226396 source(s), total normalized ionizing flux: 1.08e+09
Mean density (cgs): 1.796e-05, Mean ionized fraction: 1.000e+00
Convergence Criterion (Number of points):  100

Rank=0: Doing Raytracing...
took 1.98s.
took 1.99s.
took 1.99s.
took 1.99s.
Doing Chemistry...
took  0.1 s.
Number of non-converged points: 0 of 1000000 ( 0.000 % ), Relative change in ionfrac:  1.00e+00
Multiple source convergence reached after 1 ray-tracing iterations.

---- Reading density file:
  /capstor/scratch/cscs/cprior/CDM_100Mpc_2048/grids/nc100/CDM_100Mpc_2048.00082.ovrden.npy
 min, mean and max density : 5.000e-06  1.895e-05  5.871e-04 [1/cm3]
Rank=1: 226785 sources.
Rank=1: Copied source data to device.
Rank=1: Doing Raytracing...
Rank=2: 226785 sources.
Rank=2: Copied source data to device.
Rank=2: Doing Raytracing...

---- Reading source file with total of 907140 ionizing source:
CDM_100Mpc_2048.00082.halo.txt
 Total Flux : 1.093008e+57 [1/s]
 Total number of ionizing photons : 1.834189e+71
 Source lifetime : 261.532564 Myr
 min, max stellar (grid) mass : 1.214e+04  1.372e+10 [Msun] and min, mean, max number of ionising sources : 3.498e+48  1.205e+51  3.951e+54 [1/s]

--- Reionization History ----
 min, mean, max xHII : 9.99867e-01  9.99986e-01  1.00000e+00
 min, mean, max Irate : 1.33596e-13  3.52518e-13  2.70544e-11 [1/s]
 min, mean, max density : 5.00000e-06  1.89493e-05  5.87098e-04 [1/cm3]
Mean-free-path for photons at z = 5.737 (Worseck+ 2014): 2.451e+01 cMpc
This corresponds to 24.505 grid cells.
Rank=0: 226785 sources.
Rank=0: Copied source data to device.
Calling evolve3D...
dr [Mpc]: 1.484e-01
dt [years]: 5.318e+06
Running on 226785 source(s), total normalized ionizing flux: 1.09e+09
Mean density (cgs): 1.776e-05, Mean ionized fraction: 1.000e+00
Convergence Criterion (Number of points):  100

Rank=0: Doing Raytracing...
Rank=3: 226785 sources.
Rank=3: Copied source data to device.
Rank=3: Doing Raytracing...
took 2.11s.
took 2.11s.
took 2.11s.
took 2.11s.
Doing Chemistry...
took  0.1 s.
Number of non-converged points: 0 of 1000000 ( 0.000 % ), Relative change in ionfrac:  1.00e+00
Multiple source convergence reached after 1 ray-tracing iterations.
Mean-free-path for photons at z = 5.713 (Worseck+ 2014): 2.498e+01 cMpc
This corresponds to 24.979 grid cells.
Rank=2: 226785 sources.
Rank=3: 226785 sources.
Rank=1: 226785 sources.
Rank=2: Copied source data to device.
Rank=0: 226785 sources.
Rank=3: Copied source data to device.
Rank=1: Copied source data to device.
Rank=0: Copied source data to device.
Rank=2: Doing Raytracing...
Rank=3: Doing Raytracing...
Rank=1: Doing Raytracing...
Calling evolve3D...
dr [Mpc]: 1.489e-01
dt [years]: 5.318e+06
Running on 226785 source(s), total normalized ionizing flux: 1.09e+09
Mean density (cgs): 1.757e-05, Mean ionized fraction: 1.000e+00
Convergence Criterion (Number of points):  100

Rank=0: Doing Raytracing...
took 2.25s.
took 2.25s.
took 2.25s.
took 2.25s.
Doing Chemistry...
took  0.1 s.
Number of non-converged points: 0 of 1000000 ( 0.000 % ), Relative change in ionfrac:  1.00e+00
Multiple source convergence reached after 1 ray-tracing iterations.

---- Reading density file:
  /capstor/scratch/cscs/cprior/CDM_100Mpc_2048/grids/nc100/CDM_100Mpc_2048.00083.ovrden.npy
 min, mean and max density : 5.000e-06  1.853e-05  5.869e-04 [1/cm3]
Rank=1: 227133 sources.
Rank=1: Copied source data to device.
Rank=1: Doing Raytracing...
Rank=2: 227133 sources.
Rank=2: Copied source data to device.
Rank=2: Doing Raytracing...

---- Reading source file with total of 908534 ionizing source:
CDM_100Mpc_2048.00083.halo.txt
 Total Flux : 1.102213e+57 [1/s]
 Total number of ionizing photons : 1.847062e+71
 Source lifetime : 266.422524 Myr
 min, max stellar (grid) mass : 1.214e+04  1.434e+10 [Msun] and min, mean, max number of ionising sources : 3.433e+48  1.213e+51  4.055e+54 [1/s]

--- Reionization History ----
 min, mean, max xHII : 9.99873e-01  9.99987e-01  1.00000e+00
 min, mean, max Irate : 1.40678e-13  3.64051e-13  2.79933e-11 [1/s]
 min, mean, max density : 5.00000e-06  1.85315e-05  5.86925e-04 [1/cm3]
Mean-free-path for photons at z = 5.689 (Worseck+ 2014): 2.547e+01 cMpc
This corresponds to 25.465 grid cells.
Rank=0: 227133 sources.
Rank=0: Copied source data to device.
Calling evolve3D...
dr [Mpc]: 1.495e-01
dt [years]: 5.310e+06
Running on 227133 source(s), total normalized ionizing flux: 1.10e+09
Mean density (cgs): 1.738e-05, Mean ionized fraction: 1.000e+00
Convergence Criterion (Number of points):  100

Rank=0: Doing Raytracing...
Rank=3: 227135 sources.
Rank=3: Copied source data to device.
Rank=3: Doing Raytracing...
took 2.37s.
took 2.38s.
took 2.37s.
took 2.37s.
Doing Chemistry...
took  0.1 s.
Number of non-converged points: 0 of 1000000 ( 0.000 % ), Relative change in ionfrac:  1.00e+00
Multiple source convergence reached after 1 ray-tracing iterations.
Mean-free-path for photons at z = 5.665 (Worseck+ 2014): 2.596e+01 cMpc
This corresponds to 25.965 grid cells.
Rank=2: 227133 sources.
Rank=3: 227135 sources.
Rank=1: 227133 sources.
Rank=3: Copied source data to device.
Rank=0: 227133 sources.
Rank=1: Copied source data to device.
Rank=2: Copied source data to device.
Rank=0: Copied source data to device.
Rank=3: Doing Raytracing...
Rank=1: Doing Raytracing...
Rank=2: Doing Raytracing...
Calling evolve3D...
dr [Mpc]: 1.500e-01
dt [years]: 5.310e+06
Running on 227133 source(s), total normalized ionizing flux: 1.10e+09
Mean density (cgs): 1.720e-05, Mean ionized fraction: 1.000e+00
Convergence Criterion (Number of points):  100

Rank=0: Doing Raytracing...
took 2.48s.
took 2.48s.
took 2.48s.
took 2.49s.
Doing Chemistry...
took  0.1 s.
Number of non-converged points: 0 of 1000000 ( 0.000 % ), Relative change in ionfrac:  1.00e+00
Multiple source convergence reached after 1 ray-tracing iterations.

---- Reading density file:
  /capstor/scratch/cscs/cprior/CDM_100Mpc_2048/grids/nc100/CDM_100Mpc_2048.00084.ovrden.npy
 min, mean and max density : 5.000e-06  1.813e-05  5.852e-04 [1/cm3]
Rank=1: 227472 sources.
Rank=1: Copied source data to device.
Rank=1: Doing Raytracing...
Rank=2: 227472 sources.
Rank=2: Copied source data to device.
Rank=2: Doing Raytracing...

---- Reading source file with total of 909889 ionizing source:
CDM_100Mpc_2048.00084.halo.txt
 Total Flux : 1.110961e+57 [1/s]
 Total number of ionizing photons : 1.857952e+71
 Source lifetime : 271.341451 Myr
 min, max stellar (grid) mass : 1.214e+04  1.552e+10 [Msun] and min, mean, max number of ionising sources : 3.371e+48  1.221e+51  4.310e+54 [1/s]

--- Reionization History ----
 min, mean, max xHII : 9.99880e-01  9.99988e-01  1.00000e+00
 min, mean, max Irate : 1.48831e-13  3.76524e-13  2.83117e-11 [1/s]
 min, mean, max density : 5.00000e-06  1.81281e-05  5.85248e-04 [1/cm3]
Mean-free-path for photons at z = 5.642 (Worseck+ 2014): 2.648e+01 cMpc
This corresponds to 26.477 grid cells.
Rank=0: 227472 sources.
Rank=0: Copied source data to device.
Calling evolve3D...
dr [Mpc]: 1.506e-01
dt [years]: 5.299e+06
Running on 227472 source(s), total normalized ionizing flux: 1.11e+09
Mean density (cgs): 1.702e-05, Mean ionized fraction: 1.000e+00
Convergence Criterion (Number of points):  100

Rank=0: Doing Raytracing...
Rank=3: 227473 sources.
Rank=3: Copied source data to device.
Rank=3: Doing Raytracing...
took 2.63s.
took 2.64s.
took 2.63s.
took 2.63s.
Doing Chemistry...
took  0.1 s.
Number of non-converged points: 0 of 1000000 ( 0.000 % ), Relative change in ionfrac:  1.00e+00
Multiple source convergence reached after 1 ray-tracing iterations.
Mean-free-path for photons at z = 5.618 (Worseck+ 2014): 2.700e+01 cMpc
This corresponds to 27.002 grid cells.
Rank=1: 227472 sources.
Rank=1: Copied source data to device.
Rank=2: 227472 sources.
Rank=3: 227473 sources.
Rank=2: Copied source data to device.
Rank=0: 227472 sources.
Rank=3: Copied source data to device.
Rank=0: Copied source data to device.
Rank=1: Doing Raytracing...
Rank=3: Doing Raytracing...
Rank=2: Doing Raytracing...
Calling evolve3D...
dr [Mpc]: 1.511e-01
dt [years]: 5.299e+06
Running on 227472 source(s), total normalized ionizing flux: 1.11e+09
Mean density (cgs): 1.684e-05, Mean ionized fraction: 1.000e+00
Convergence Criterion (Number of points):  100

Rank=0: Doing Raytracing...
took 2.79s.
took 2.80s.
took 2.80s.
took 2.80s.
Doing Chemistry...
took  0.1 s.
Number of non-converged points: 0 of 1000000 ( 0.000 % ), Relative change in ionfrac:  1.00e+00
Multiple source convergence reached after 1 ray-tracing iterations.

---- Reading density file:
  /capstor/scratch/cscs/cprior/CDM_100Mpc_2048/grids/nc100/CDM_100Mpc_2048.00085.ovrden.npy
 min, mean and max density : 5.000e-06  1.774e-05  5.831e-04 [1/cm3]
Rank=1: 227842 sources.
Rank=1: Copied source data to device.
Rank=1: Doing Raytracing...
Rank=2: 227842 sources.
Rank=2: Copied source data to device.
Rank=2: Doing Raytracing...

---- Reading source file with total of 911369 ionizing source:
CDM_100Mpc_2048.00085.halo.txt
 Total Flux : 1.119683e+57 [1/s]
 Total number of ionizing photons : 1.867524e+71
 Source lifetime : 276.285921 Myr
 min, max stellar (grid) mass : 1.214e+04  1.536e+10 [Msun] and min, mean, max number of ionising sources : 3.311e+48  1.229e+51  4.188e+54 [1/s]

--- Reionization History ----
 min, mean, max xHII : 9.99887e-01  9.99989e-01  1.00000e+00
 min, mean, max Irate : 1.58209e-13  3.89587e-13  2.95793e-11 [1/s]
 min, mean, max density : 5.00000e-06  1.77385e-05  5.83145e-04 [1/cm3]
Mean-free-path for photons at z = 5.595 (Worseck+ 2014): 2.754e+01 cMpc
This corresponds to 27.541 grid cells.
Rank=0: 227842 sources.
Rank=0: Copied source data to device.
Calling evolve3D...
dr [Mpc]: 1.516e-01
dt [years]: 5.285e+06
Running on 227842 source(s), total normalized ionizing flux: 1.12e+09
Mean density (cgs): 1.666e-05, Mean ionized fraction: 1.000e+00
Convergence Criterion (Number of points):  100

Rank=0: Doing Raytracing...
Rank=3: 227843 sources.
Rank=3: Copied source data to device.
Rank=3: Doing Raytracing...
took 2.96s.
took 2.97s.
took 2.97s.
took 2.96s.
Doing Chemistry...
took  0.1 s.
Number of non-converged points: 0 of 1000000 ( 0.000 % ), Relative change in ionfrac:  1.00e+00
Multiple source convergence reached after 1 ray-tracing iterations.
Mean-free-path for photons at z = 5.572 (Worseck+ 2014): 2.809e+01 cMpc
This corresponds to 28.093 grid cells.
Rank=0: 227842 sources.
Rank=3: 227843 sources.
Rank=0: Copied source data to device.
Rank=1: 227842 sources.
Rank=3: Copied source data to device.
Rank=1: Copied source data to device.
Calling evolve3D...
dr [Mpc]: 1.521e-01
dt [years]: 5.285e+06
Running on 227842 source(s), total normalized ionizing flux: 1.12e+09
Mean density (cgs): 1.649e-05, Mean ionized fraction: 1.000e+00
Convergence Criterion (Number of points):  100

Rank=0: Doing Raytracing...
Rank=2: 227842 sources.
Rank=2: Copied source data to device.
Rank=1: Doing Raytracing...
Rank=3: Doing Raytracing...
Rank=2: Doing Raytracing...
took 3.15s.
took 3.15s.
took 3.16s.
took 3.16s.
Doing Chemistry...
took  0.1 s.
Number of non-converged points: 0 of 1000000 ( 0.000 % ), Relative change in ionfrac:  1.00e+00
Multiple source convergence reached after 1 ray-tracing iterations.

---- Reading density file:
  /capstor/scratch/cscs/cprior/CDM_100Mpc_2048/grids/nc100/CDM_100Mpc_2048.00086.ovrden.npy
 min, mean and max density : 5.000e-06  1.736e-05  6.165e-04 [1/cm3]
Rank=1: 228161 sources.
Rank=1: Copied source data to device.
Rank=1: Doing Raytracing...
Rank=2: 228161 sources.
Rank=2: Copied source data to device.
Rank=2: Doing Raytracing...

---- Reading source file with total of 912647 ionizing source:
CDM_100Mpc_2048.00086.halo.txt
 Total Flux : 1.128404e+57 [1/s]
 Total number of ionizing photons : 1.875752e+71
 Source lifetime : 281.252330 Myr
 min, max stellar (grid) mass : 1.214e+04  1.600e+10 [Msun] and min, mean, max number of ionising sources : 3.252e+48  1.236e+51  4.287e+54 [1/s]

--- Reionization History ----
 min, mean, max xHII : 9.99893e-01  9.99989e-01  1.00000e+00
 min, mean, max Irate : 1.67847e-13  4.03102e-13  2.83927e-11 [1/s]
 min, mean, max density : 5.00000e-06  1.73624e-05  6.16475e-04 [1/cm3]
Mean-free-path for photons at z = 5.550 (Worseck+ 2014): 2.866e+01 cMpc
This corresponds to 28.659 grid cells.
Rank=0: 228161 sources.
Rank=0: Copied source data to device.
Calling evolve3D...
dr [Mpc]: 1.527e-01
dt [years]: 5.268e+06
Running on 228161 source(s), total normalized ionizing flux: 1.13e+09
Mean density (cgs): 1.632e-05, Mean ionized fraction: 1.000e+00
Convergence Criterion (Number of points):  100

Rank=0: Doing Raytracing...
Rank=3: 228164 sources.
Rank=3: Copied source data to device.
Rank=3: Doing Raytracing...
took 3.35s.
took 3.35s.
took 3.34s.
took 3.34s.
Doing Chemistry...
took  0.1 s.
Number of non-converged points: 0 of 1000000 ( 0.000 % ), Relative change in ionfrac:  1.00e+00
Multiple source convergence reached after 1 ray-tracing iterations.
Mean-free-path for photons at z = 5.527 (Worseck+ 2014): 2.924e+01 cMpc
This corresponds to 29.239 grid cells.
Rank=3: 228164 sources.
Rank=1: 228161 sources.
Rank=3: Copied source data to device.
Rank=0: 228161 sources.
Rank=1: Copied source data to device.
Rank=2: 228161 sources.
Rank=0: Copied source data to device.
Rank=2: Copied source data to device.
Rank=3: Doing Raytracing...
Rank=1: Doing Raytracing...
Calling evolve3D...
dr [Mpc]: 1.532e-01
dt [years]: 5.268e+06
Running on 228161 source(s), total normalized ionizing flux: 1.13e+09
Mean density (cgs): 1.615e-05, Mean ionized fraction: 1.000e+00
Convergence Criterion (Number of points):  100

Rank=0: Doing Raytracing...
Rank=2: Doing Raytracing...
took 3.55s.
took 3.56s.
took 3.58s.
took 3.61s.
Doing Chemistry...
took  0.1 s.
Number of non-converged points: 0 of 1000000 ( 0.000 % ), Relative change in ionfrac:  1.00e+00
Multiple source convergence reached after 1 ray-tracing iterations.

---- Reading density file:
  /capstor/scratch/cscs/cprior/CDM_100Mpc_2048/grids/nc100/CDM_100Mpc_2048.00087.ovrden.npy
 min, mean and max density : 5.000e-06  1.700e-05  6.460e-04 [1/cm3]
Rank=1: 228478 sources.
Rank=1: Copied source data to device.
Rank=1: Doing Raytracing...
Rank=2: 228478 sources.
Rank=2: Copied source data to device.
Rank=2: Doing Raytracing...

---- Reading source file with total of 913912 ionizing source:
CDM_100Mpc_2048.00087.halo.txt
 Total Flux : 1.136722e+57 [1/s]
 Total number of ionizing photons : 1.923186e+71
 Source lifetime : 286.236897 Myr
 min, max stellar (grid) mass : 1.214e+04  1.659e+10 [Msun] and min, mean, max number of ionising sources : 3.196e+48  1.244e+51  4.367e+54 [1/s]

--- Reionization History ----
 min, mean, max xHII : 9.99897e-01  9.99990e-01  1.00000e+00
 min, mean, max Irate : 1.78961e-13  4.17385e-13  2.86496e-11 [1/s]
 min, mean, max density : 5.00000e-06  1.69996e-05  6.45982e-04 [1/cm3]
Mean-free-path for photons at z = 5.505 (Worseck+ 2014): 2.984e+01 cMpc
This corresponds to 29.839 grid cells.
Rank=0: 228478 sources.
Rank=0: Copied source data to device.
Calling evolve3D...
dr [Mpc]: 1.537e-01
dt [years]: 5.361e+06
Running on 228478 source(s), total normalized ionizing flux: 1.14e+09
Mean density (cgs): 1.599e-05, Mean ionized fraction: 1.000e+00
Convergence Criterion (Number of points):  100

Rank=0: Doing Raytracing...
Rank=3: 228478 sources.
Rank=3: Copied source data to device.
Rank=3: Doing Raytracing...
took 3.76s.
took 3.76s.
took 3.77s.
took 3.78s.
Doing Chemistry...
took  0.1 s.
Number of non-converged points: 0 of 1000000 ( 0.000 % ), Relative change in ionfrac:  1.00e+00
Multiple source convergence reached after 1 ray-tracing iterations.
Mean-free-path for photons at z = 5.482 (Worseck+ 2014): 3.046e+01 cMpc
This corresponds to 30.461 grid cells.
Rank=0: 228478 sources.
Rank=2: 228478 sources.
Rank=1: 228478 sources.
Rank=0: Copied source data to device.
Rank=3: 228478 sources.
Rank=2: Copied source data to device.
Rank=1: Copied source data to device.
Rank=3: Copied source data to device.
Calling evolve3D...
dr [Mpc]: 1.543e-01
dt [years]: 5.361e+06
Running on 228478 source(s), total normalized ionizing flux: 1.14e+09
Mean density (cgs): 1.582e-05, Mean ionized fraction: 1.000e+00
Convergence Criterion (Number of points):  100

Rank=0: Doing Raytracing...
Rank=2: Doing Raytracing...
Rank=1: Doing Raytracing...
Rank=3: Doing Raytracing...
took 3.99s.
took 4.01s.
took 4.01s.
took 4.10s.
Doing Chemistry...
took  0.1 s.
Number of non-converged points: 0 of 1000000 ( 0.000 % ), Relative change in ionfrac:  1.00e+00
Multiple source convergence reached after 1 ray-tracing iterations.

---- Reading density file:
  /capstor/scratch/cscs/cprior/CDM_100Mpc_2048/grids/nc100/CDM_100Mpc_2048.00088.ovrden.npy
 min, mean and max density : 5.000e-06  1.664e-05  6.703e-04 [1/cm3]
Rank=1: 228792 sources.
Rank=1: Copied source data to device.
Rank=1: Doing Raytracing...
Rank=2: 228792 sources.
Rank=2: Copied source data to device.
Rank=2: Doing Raytracing...

---- Reading source file with total of 915171 ionizing source:
CDM_100Mpc_2048.00088.halo.txt
 Total Flux : 1.145182e+57 [1/s]
 Total number of ionizing photons : 1.887562e+71
 Source lifetime : 291.345679 Myr
 min, max stellar (grid) mass : 1.214e+04  2.339e+10 [Msun] and min, mean, max number of ionising sources : 3.140e+48  1.251e+51  6.048e+54 [1/s]

--- Reionization History ----
 min, mean, max xHII : 9.99899e-01  9.99990e-01  1.00000e+00
 min, mean, max Irate : 1.89442e-13  4.31746e-13  2.87949e-11 [1/s]
 min, mean, max density : 5.00000e-06  1.66421e-05  6.70281e-04 [1/cm3]
Mean-free-path for photons at z = 5.460 (Worseck+ 2014): 3.109e+01 cMpc
This corresponds to 31.090 grid cells.
Rank=0: 228792 sources.
Rank=0: Copied source data to device.
Calling evolve3D...
dr [Mpc]: 1.548e-01
dt [years]: 5.223e+06
Running on 228792 source(s), total normalized ionizing flux: 1.15e+09
Mean density (cgs): 1.566e-05, Mean ionized fraction: 1.000e+00
Convergence Criterion (Number of points):  100

Rank=0: Doing Raytracing...
Rank=3: 228795 sources.
Rank=3: Copied source data to device.
Rank=3: Doing Raytracing...
took 4.28s.
took 4.26s.
took 4.29s.
took 4.28s.
Doing Chemistry...
took  0.1 s.
Number of non-converged points: 0 of 1000000 ( 0.000 % ), Relative change in ionfrac:  1.00e+00
Multiple source convergence reached after 1 ray-tracing iterations.
Mean-free-path for photons at z = 5.439 (Worseck+ 2014): 3.173e+01 cMpc
This corresponds to 31.727 grid cells.
Rank=1: 228792 sources.
Rank=1: Copied source data to device.
Rank=2: 228792 sources.
Rank=3: 228795 sources.
Rank=2: Copied source data to device.
Rank=3: Copied source data to device.
Rank=1: Doing Raytracing...
Rank=0: 228792 sources.
Rank=2: Doing Raytracing...
Rank=3: Doing Raytracing...
Rank=0: Copied source data to device.
Calling evolve3D...
dr [Mpc]: 1.553e-01
dt [years]: 5.223e+06
Running on 228792 source(s), total normalized ionizing flux: 1.15e+09
Mean density (cgs): 1.551e-05, Mean ionized fraction: 1.000e+00
Convergence Criterion (Number of points):  100

Rank=0: Doing Raytracing...
took 4.59s.
took 4.59s.
took 4.60s.
took 4.60s.
Doing Chemistry...
took  0.1 s.
Number of non-converged points: 0 of 1000000 ( 0.000 % ), Relative change in ionfrac:  1.00e+00
Multiple source convergence reached after 1 ray-tracing iterations.

---- Reading density file:
  /capstor/scratch/cscs/cprior/CDM_100Mpc_2048/grids/nc100/CDM_100Mpc_2048.00089.ovrden.npy
 min, mean and max density : 5.000e-06  1.630e-05  6.971e-04 [1/cm3]
Rank=1: 229084 sources.
Rank=1: Copied source data to device.
Rank=1: Doing Raytracing...
Rank=2: 229084 sources.
Rank=2: Copied source data to device.
Rank=2: Doing Raytracing...

---- Reading source file with total of 916336 ionizing source:
CDM_100Mpc_2048.00089.halo.txt
 Total Flux : 1.154129e+57 [1/s]
 Total number of ionizing photons : 1.935143e+71
 Source lifetime : 296.357154 Myr
 min, max stellar (grid) mass : 1.214e+04  2.493e+10 [Msun] and min, mean, max number of ionising sources : 3.087e+48  1.260e+51  6.339e+54 [1/s]

--- Reionization History ----
 min, mean, max xHII : 9.99904e-01  9.99991e-01  1.00000e+00
 min, mean, max Irate : 2.01632e-13  4.47387e-13  3.87600e-11 [1/s]
 min, mean, max density : 5.00000e-06  1.63048e-05  6.97079e-04 [1/cm3]
Mean-free-path for photons at z = 5.417 (Worseck+ 2014): 3.239e+01 cMpc
This corresponds to 32.386 grid cells.
Rank=0: 229084 sources.
Rank=0: Copied source data to device.
Calling evolve3D...
dr [Mpc]: 1.558e-01
dt [years]: 5.313e+06
Running on 229084 source(s), total normalized ionizing flux: 1.15e+09
Mean density (cgs): 1.535e-05, Mean ionized fraction: 1.000e+00
Convergence Criterion (Number of points):  100

Rank=0: Doing Raytracing...
Rank=3: 229084 sources.
Rank=3: Copied source data to device.
Rank=3: Doing Raytracing...
took 4.94s.
took 4.92s.
took 4.88s.
took 4.95s.
Doing Chemistry...
took  0.1 s.
Number of non-converged points: 0 of 1000000 ( 0.000 % ), Relative change in ionfrac:  1.00e+00
Multiple source convergence reached after 1 ray-tracing iterations.
Mean-free-path for photons at z = 5.396 (Worseck+ 2014): 3.307e+01 cMpc
This corresponds to 33.068 grid cells.
Rank=2: 229084 sources.
Rank=1: 229084 sources.
Rank=2: Copied source data to device.
Rank=3: 229084 sources.
Rank=1: Copied source data to device.
Rank=3: Copied source data to device.
Rank=0: 229084 sources.
Rank=0: Copied source data to device.
Rank=1: Doing Raytracing...
Rank=2: Doing Raytracing...
Rank=3: Doing Raytracing...
Calling evolve3D...
dr [Mpc]: 1.563e-01
dt [years]: 5.313e+06
Running on 229084 source(s), total normalized ionizing flux: 1.15e+09
Mean density (cgs): 1.520e-05, Mean ionized fraction: 1.000e+00
Convergence Criterion (Number of points):  100

Rank=0: Doing Raytracing...
took 5.20s.
took 5.25s.
took 5.26s.
took 5.29s.
Doing Chemistry...
took  0.1 s.
Number of non-converged points: 0 of 1000000 ( 0.000 % ), Relative change in ionfrac:  1.00e+00
Multiple source convergence reached after 1 ray-tracing iterations.

---- Reading density file:
  /capstor/scratch/cscs/cprior/CDM_100Mpc_2048/grids/nc100/CDM_100Mpc_2048.00090.ovrden.npy
 min, mean and max density : 5.000e-06  1.597e-05  7.190e-04 [1/cm3]
Rank=1: 229353 sources.
Rank=1: Copied source data to device.
Rank=1: Doing Raytracing...
Rank=2: 229353 sources.
Rank=2: Copied source data to device.
Rank=2: Doing Raytracing...

---- Reading source file with total of 917415 ionizing source:
CDM_100Mpc_2048.00090.halo.txt
 Total Flux : 1.160934e+57 [1/s]
 Total number of ionizing photons : 1.980382e+71
 Source lifetime : 301.489802 Myr
 min, max stellar (grid) mass : 1.214e+04  2.574e+10 [Msun] and min, mean, max number of ionising sources : 3.034e+48  1.265e+51  6.431e+54 [1/s]

--- Reionization History ----
 min, mean, max xHII : 9.99909e-01  9.99991e-01  1.00000e+00
 min, mean, max Irate : 2.15237e-13  4.63678e-13  4.00514e-11 [1/s]
 min, mean, max density : 5.00000e-06  1.59723e-05  7.18965e-04 [1/cm3]
Mean-free-path for photons at z = 5.374 (Worseck+ 2014): 3.377e+01 cMpc
This corresponds to 33.773 grid cells.
Rank=0: 229353 sources.
Rank=0: Copied source data to device.
Calling evolve3D...
dr [Mpc]: 1.569e-01
dt [years]: 5.406e+06
Running on 229353 source(s), total normalized ionizing flux: 1.16e+09
Mean density (cgs): 1.505e-05, Mean ionized fraction: 1.000e+00
Convergence Criterion (Number of points):  100

Rank=0: Doing Raytracing...
Rank=3: 229356 sources.
Rank=3: Copied source data to device.
Rank=3: Doing Raytracing...
took 5.58s.
took 5.62s.
took 5.64s.
took 5.64s.
Doing Chemistry...
took  0.1 s.
Number of non-converged points: 0 of 1000000 ( 0.000 % ), Relative change in ionfrac:  1.00e+00
Multiple source convergence reached after 1 ray-tracing iterations.
Mean-free-path for photons at z = 5.353 (Worseck+ 2014): 3.450e+01 cMpc
This corresponds to 34.502 grid cells.
Rank=2: 229353 sources.
Rank=1: 229353 sources.
Rank=2: Copied source data to device.
Rank=1: Copied source data to device.
Rank=3: 229356 sources.
Rank=0: 229353 sources.
Rank=3: Copied source data to device.
Rank=0: Copied source data to device.
Rank=2: Doing Raytracing...
Rank=1: Doing Raytracing...
Rank=3: Doing Raytracing...
Calling evolve3D...
dr [Mpc]: 1.574e-01
dt [years]: 5.406e+06
Running on 229353 source(s), total normalized ionizing flux: 1.16e+09
Mean density (cgs): 1.490e-05, Mean ionized fraction: 1.000e+00
Convergence Criterion (Number of points):  100

Rank=0: Doing Raytracing...
took 6.00s.
took 6.01s.
took 6.04s.
took 6.11s.
Doing Chemistry...
took  0.1 s.
Number of non-converged points: 0 of 1000000 ( 0.000 % ), Relative change in ionfrac:  1.00e+00
Multiple source convergence reached after 1 ray-tracing iterations.

---- Reading density file:
  /capstor/scratch/cscs/cprior/CDM_100Mpc_2048/grids/nc100/CDM_100Mpc_2048.00091.ovrden.npy
 min, mean and max density : 5.000e-06  1.564e-05  7.368e-04 [1/cm3]
Rank=1: 229658 sources.
Rank=1: Copied source data to device.
Rank=1: Doing Raytracing...
Rank=2: 229658 sources.
Rank=2: Copied source data to device.
Rank=2: Doing Raytracing...

---- Reading source file with total of 918634 ionizing source:
CDM_100Mpc_2048.00091.halo.txt
 Total Flux : 1.166691e+57 [1/s]
 Total number of ionizing photons : 1.934278e+71
 Source lifetime : 306.747402 Myr
 min, max stellar (grid) mass : 1.214e+04  1.531e+10 [Msun] and min, mean, max number of ionising sources : 2.982e+48  1.270e+51  3.759e+54 [1/s]

--- Reionization History ----
 min, mean, max xHII : 9.99913e-01  9.99992e-01  1.00000e+00
 min, mean, max Irate : 2.30854e-13  4.80719e-13  4.01030e-11 [1/s]
 min, mean, max density : 5.00000e-06  1.56447e-05  7.36803e-04 [1/cm3]
Mean-free-path for photons at z = 5.332 (Worseck+ 2014): 3.524e+01 cMpc
This corresponds to 35.239 grid cells.
Rank=0: 229658 sources.
Rank=0: Copied source data to device.
Calling evolve3D...
dr [Mpc]: 1.579e-01
dt [years]: 5.254e+06
Running on 229658 source(s), total normalized ionizing flux: 1.17e+09
Mean density (cgs): 1.475e-05, Mean ionized fraction: 1.000e+00
Convergence Criterion (Number of points):  100

Rank=0: Doing Raytracing...
Rank=3: 229660 sources.
Rank=3: Copied source data to device.
Rank=3: Doing Raytracing...
took 6.45s.
took 6.47s.
took 6.51s.
took 6.47s.
Doing Chemistry...
took  0.1 s.
Number of non-converged points: 0 of 1000000 ( 0.000 % ), Relative change in ionfrac:  1.00e+00
Multiple source convergence reached after 1 ray-tracing iterations.
Mean-free-path for photons at z = 5.311 (Worseck+ 2014): 3.598e+01 cMpc
This corresponds to 35.984 grid cells.
Rank=0: 229658 sources.
Rank=1: 229658 sources.
Rank=3: 229660 sources.
Rank=0: Copied source data to device.
Rank=2: 229658 sources.
Rank=1: Copied source data to device.
Rank=3: Copied source data to device.
Rank=2: Copied source data to device.
Calling evolve3D...
dr [Mpc]: 1.584e-01
dt [years]: 5.254e+06
Running on 229658 source(s), total normalized ionizing flux: 1.17e+09
Mean density (cgs): 1.461e-05, Mean ionized fraction: 1.000e+00
Convergence Criterion (Number of points):  100

Rank=0: Doing Raytracing...
Rank=1: Doing Raytracing...
Rank=2: Doing Raytracing...
Rank=3: Doing Raytracing...
took 6.90s.
took 6.90s.
took 6.94s.
took 6.97s.
Doing Chemistry...
took  0.1 s.
Number of non-converged points: 0 of 1000000 ( 0.000 % ), Relative change in ionfrac:  1.00e+00
Multiple source convergence reached after 1 ray-tracing iterations.

---- Reading density file:
  /capstor/scratch/cscs/cprior/CDM_100Mpc_2048/grids/nc100/CDM_100Mpc_2048.00092.ovrden.npy
 min, mean and max density : 5.000e-06  1.534e-05  7.493e-04 [1/cm3]
Rank=1: 229910 sources.
Rank=1: Copied source data to device.
Rank=1: Doing Raytracing...

---- Reading source file with total of 919643 ionizing source:
CDM_100Mpc_2048.00092.halo.txt
 Total Flux : 1.175120e+57 [1/s]
 Total number of ionizing photons : 1.981034e+71
 Source lifetime : 311.891688 Myr
 min, max stellar (grid) mass : 1.214e+04  1.679e+10 [Msun] and min, mean, max number of ionising sources : 2.933e+48  1.278e+51  4.055e+54 [1/s]

--- Reionization History ----
 min, mean, max xHII : 9.99916e-01  9.99992e-01  9.99999e-01
 min, mean, max Irate : 2.45739e-13  4.97192e-13  2.41508e-11 [1/s]
 min, mean, max density : 5.00000e-06  1.53363e-05  7.49307e-04 [1/cm3]
Rank=2: 229910 sources.
Mean-free-path for photons at z = 5.291 (Worseck+ 2014): 3.675e+01 cMpc
This corresponds to 36.754 grid cells.
Rank=2: Copied source data to device.
Rank=2: Doing Raytracing...
Rank=0: 229910 sources.
Rank=0: Copied source data to device.
Calling evolve3D...
dr [Mpc]: 1.590e-01
dt [years]: 5.342e+06
Running on 229910 source(s), total normalized ionizing flux: 1.18e+09
Mean density (cgs): 1.447e-05, Mean ionized fraction: 1.000e+00
Convergence Criterion (Number of points):  100

Rank=0: Doing Raytracing...
Rank=3: 229913 sources.
Rank=3: Copied source data to device.
Rank=3: Doing Raytracing...
took 7.40s.
took 7.37s.
took 7.42s.
took 7.54s.
Doing Chemistry...
took  0.1 s.
Number of non-converged points: 0 of 1000000 ( 0.000 % ), Relative change in ionfrac:  1.00e+00
Multiple source convergence reached after 1 ray-tracing iterations.
Mean-free-path for photons at z = 5.270 (Worseck+ 2014): 3.755e+01 cMpc
This corresponds to 37.550 grid cells.
Rank=2: 229910 sources.
Rank=0: 229910 sources.
Rank=1: 229910 sources.
Rank=3: 229913 sources.
Rank=1: Copied source data to device.
Rank=2: Copied source data to device.
Rank=3: Copied source data to device.
Rank=0: Copied source data to device.
Rank=1: Doing Raytracing...
Rank=2: Doing Raytracing...
Rank=3: Doing Raytracing...
Calling evolve3D...
dr [Mpc]: 1.595e-01
dt [years]: 5.342e+06
Running on 229910 source(s), total normalized ionizing flux: 1.18e+09
Mean density (cgs): 1.433e-05, Mean ionized fraction: 1.000e+00
Convergence Criterion (Number of points):  100

Rank=0: Doing Raytracing...
took 7.90s.
took 7.92s.
took 7.96s.
took 7.97s.
Doing Chemistry...
took  0.1 s.
Number of non-converged points: 0 of 1000000 ( 0.000 % ), Relative change in ionfrac:  1.00e+00
Multiple source convergence reached after 1 ray-tracing iterations.

---- Reading density file:
  /capstor/scratch/cscs/cprior/CDM_100Mpc_2048/grids/nc100/CDM_100Mpc_2048.00093.ovrden.npy
 min, mean and max density : 5.000e-06  1.503e-05  7.564e-04 [1/cm3]
Rank=1: 230164 sources.
Rank=1: Copied source data to device.
Rank=1: Doing Raytracing...
Rank=2: 230164 sources.
Rank=2: Copied source data to device.
Rank=2: Doing Raytracing...

---- Reading source file with total of 920659 ionizing source:
CDM_100Mpc_2048.00093.halo.txt
 Total Flux : 1.182109e+57 [1/s]
 Total number of ionizing photons : 1.979054e+71
 Source lifetime : 317.157203 Myr
 min, max stellar (grid) mass : 1.214e+04  2.702e+10 [Msun] and min, mean, max number of ionising sources : 2.884e+48  1.284e+51  6.418e+54 [1/s]
Rank=3: 230167 sources.
Rank=3: Copied source data to device.

--- Reionization History ----
 min, mean, max xHII : 9.99918e-01  9.99993e-01  9.99999e-01
 min, mean, max Irate : 2.60464e-13  5.15827e-13  2.54758e-11 [1/s]
 min, mean, max density : 5.00000e-06  1.50324e-05  7.56361e-04 [1/cm3]
Rank=3: Doing Raytracing...
Mean-free-path for photons at z = 5.250 (Worseck+ 2014): 3.836e+01 cMpc
This corresponds to 38.362 grid cells.
Rank=0: 230164 sources.
Rank=0: Copied source data to device.
Calling evolve3D...
dr [Mpc]: 1.600e-01
dt [years]: 5.305e+06
Running on 230164 source(s), total normalized ionizing flux: 1.18e+09
Mean density (cgs): 1.419e-05, Mean ionized fraction: 1.000e+00
Convergence Criterion (Number of points):  100

Rank=0: Doing Raytracing...
took 8.59s.
took 8.49s.
took 8.49s.
took 8.57s.
Doing Chemistry...
took  0.1 s.
Number of non-converged points: 0 of 1000000 ( 0.000 % ), Relative change in ionfrac:  1.00e+00
Multiple source convergence reached after 1 ray-tracing iterations.
Mean-free-path for photons at z = 5.230 (Worseck+ 2014): 3.919e+01 cMpc
This corresponds to 39.192 grid cells.
Rank=1: 230164 sources.
Rank=0: 230164 sources.
Rank=1: Copied source data to device.
Rank=3: 230167 sources.
Rank=2: 230164 sources.
Rank=3: Copied source data to device.
Rank=2: Copied source data to device.
Rank=0: Copied source data to device.
Rank=1: Doing Raytracing...
Rank=2: Doing Raytracing...
Calling evolve3D...
dr [Mpc]: 1.605e-01
dt [years]: 5.305e+06
Running on 230164 source(s), total normalized ionizing flux: 1.18e+09
Mean density (cgs): 1.405e-05, Mean ionized fraction: 1.000e+00
Convergence Criterion (Number of points):  100

Rank=0: Doing Raytracing...
Rank=3: Doing Raytracing...
took 9.03s.
took 9.04s.
took 9.11s.
took 9.12s.
Doing Chemistry...
took  0.1 s.
Number of non-converged points: 0 of 1000000 ( 0.000 % ), Relative change in ionfrac:  1.00e+00
Multiple source convergence reached after 1 ray-tracing iterations.
